scraped_at,sldc_ts,frequency,total_gen_mw,ncep_mw,cgs_mw,state_thermal_mw,major_hydro_mw,ipp_thermal_mw,other_hydro_mw,plant,capacity_mw,generation_mw
2026-05-07T00:26:46,07/05/2026 00:20,49.99,12613.0,1491.0,5823.0,2942.0,1258.0,477.0,313.0,RTPS,1720.0,930.0
2026-05-07T00:26:46,07/05/2026 00:20,49.99,12613.0,1491.0,5823.0,2942.0,1258.0,477.0,313.0,BTPS,1700.0,1485.0
2026-05-07T00:26:46,07/05/2026 00:20,49.99,12613.0,1491.0,5823.0,2942.0,1258.0,477.0,313.0,YTPS,1600.0,527.0
2026-05-07T00:26:46,07/05/2026 00:20,49.99,12613.0,1491.0,5823.0,2942.0,1258.0,477.0,313.0,SHARAVATHI,1035.0,706.0
2026-05-07T00:26:46,07/05/2026 00:20,49.99,12613.0,1491.0,5823.0,2942.0,1258.0,477.0,313.0,NAGJHARI,900.0,426.0
2026-05-07T00:26:46,07/05/2026 00:20,49.99,12613.0,1491.0,5823.0,2942.0,1258.0,477.0,313.0,VARAHI,460.0,126.0
2026-05-07T00:26:46,07/05/2026 00:20,49.99,12613.0,1491.0,5823.0,2942.0,1258.0,477.0,313.0,KODSALLI,120.0,39.0
2026-05-07T00:26:46,07/05/2026 00:20,49.99,12613.0,1491.0,5823.0,2942.0,1258.0,477.0,313.0,KADRA,150.0,0.0
2026-05-07T00:26:46,07/05/2026 00:20,49.99,12613.0,1491.0,5823.0,2942.0,1258.0,477.0,313.0,GERUSOPPA,240.0,116.0
2026-05-07T00:26:46,07/05/2026 00:20,49.99,12613.0,1491.0,5823.0,2942.0,1258.0,477.0,313.0,JOG,139.2,71.0
2026-05-07T00:26:46,07/05/2026 00:20,49.99,12613.0,1491.0,5823.0,2942.0,1258.0,477.0,313.0,LPH,55.0,12.0
2026-05-07T00:26:46,07/05/2026 00:20,49.99,12613.0,1491.0,5823.0,2942.0,1258.0,477.0,313.0,SUPA,100.0,74.0
2026-05-07T00:26:46,07/05/2026 00:20,49.99,12613.0,1491.0,5823.0,2942.0,1258.0,477.0,313.0,SHIMSHA,17.2,0.0
2026-05-07T00:26:46,07/05/2026 00:20,49.99,12613.0,1491.0,5823.0,2942.0,1258.0,477.0,313.0,SHIVASAMUDRA,42.0,0.0
2026-05-07T00:26:46,07/05/2026 00:20,49.99,12613.0,1491.0,5823.0,2942.0,1258.0,477.0,313.0,MANIDAM,9.0,1.0
2026-05-07T00:26:46,07/05/2026 00:20,49.99,12613.0,1491.0,5823.0,2942.0,1258.0,477.0,313.0,MUNRABAD,38.0,0.0
2026-05-07T00:26:46,07/05/2026 00:20,49.99,12613.0,1491.0,5823.0,2942.0,1258.0,477.0,313.0,BHADRA,39.2,0.0
2026-05-07T00:26:46,07/05/2026 00:20,49.99,12613.0,1491.0,5823.0,2942.0,1258.0,477.0,313.0,GHATAPRABHA,32.0,0.0
2026-05-07T00:26:46,07/05/2026 00:20,49.99,12613.0,1491.0,5823.0,2942.0,1258.0,477.0,313.0,ALMATTI,290.0,0.0
2026-05-07T00:26:46,07/05/2026 00:20,49.99,12613.0,1491.0,5823.0,2942.0,1258.0,477.0,313.0,JINDAL,1460.0,334.0
2026-05-07T00:26:46,07/05/2026 00:20,49.99,12613.0,1491.0,5823.0,2942.0,1258.0,477.0,313.0,UPCL,1200.0,477.0
2026-05-07T00:26:46,07/05/2026 00:20,49.99,12613.0,1491.0,5823.0,2942.0,1258.0,477.0,313.0,YCCP,370.0,0.0
2026-05-07T00:27:42,07/05/2026 00:20,49.99,12613.0,1491.0,5823.0,2942.0,1258.0,477.0,313.0,RTPS,1720.0,930.0
2026-05-07T00:27:42,07/05/2026 00:20,49.99,12613.0,1491.0,5823.0,2942.0,1258.0,477.0,313.0,BTPS,1700.0,1485.0
2026-05-07T00:27:42,07/05/2026 00:20,49.99,12613.0,1491.0,5823.0,2942.0,1258.0,477.0,313.0,YTPS,1600.0,527.0
2026-05-07T00:27:42,07/05/2026 00:20,49.99,12613.0,1491.0,5823.0,2942.0,1258.0,477.0,313.0,SHARAVATHI,1035.0,706.0
2026-05-07T00:27:42,07/05/2026 00:20,49.99,12613.0,1491.0,5823.0,2942.0,1258.0,477.0,313.0,NAGJHARI,900.0,426.0
2026-05-07T00:27:42,07/05/2026 00:20,49.99,12613.0,1491.0,5823.0,2942.0,1258.0,477.0,313.0,VARAHI,460.0,126.0
2026-05-07T00:27:42,07/05/2026 00:20,49.99,12613.0,1491.0,5823.0,2942.0,1258.0,477.0,313.0,KODSALLI,120.0,39.0
2026-05-07T00:27:42,07/05/2026 00:20,49.99,12613.0,1491.0,5823.0,2942.0,1258.0,477.0,313.0,KADRA,150.0,0.0
2026-05-07T00:27:42,07/05/2026 00:20,49.99,12613.0,1491.0,5823.0,2942.0,1258.0,477.0,313.0,GERUSOPPA,240.0,116.0
2026-05-07T00:27:42,07/05/2026 00:20,49.99,12613.0,1491.0,5823.0,2942.0,1258.0,477.0,313.0,JOG,139.2,71.0
2026-05-07T00:27:42,07/05/2026 00:20,49.99,12613.0,1491.0,5823.0,2942.0,1258.0,477.0,313.0,LPH,55.0,12.0
2026-05-07T00:27:42,07/05/2026 00:20,49.99,12613.0,1491.0,5823.0,2942.0,1258.0,477.0,313.0,SUPA,100.0,74.0
2026-05-07T00:27:42,07/05/2026 00:20,49.99,12613.0,1491.0,5823.0,2942.0,1258.0,477.0,313.0,SHIMSHA,17.2,0.0
2026-05-07T00:27:42,07/05/2026 00:20,49.99,12613.0,1491.0,5823.0,2942.0,1258.0,477.0,313.0,SHIVASAMUDRA,42.0,0.0
2026-05-07T00:27:42,07/05/2026 00:20,49.99,12613.0,1491.0,5823.0,2942.0,1258.0,477.0,313.0,MANIDAM,9.0,1.0
2026-05-07T00:27:42,07/05/2026 00:20,49.99,12613.0,1491.0,5823.0,2942.0,1258.0,477.0,313.0,MUNRABAD,38.0,0.0
2026-05-07T00:27:42,07/05/2026 00:20,49.99,12613.0,1491.0,5823.0,2942.0,1258.0,477.0,313.0,BHADRA,39.2,0.0
2026-05-07T00:27:42,07/05/2026 00:20,49.99,12613.0,1491.0,5823.0,2942.0,1258.0,477.0,313.0,GHATAPRABHA,32.0,0.0
2026-05-07T00:27:42,07/05/2026 00:20,49.99,12613.0,1491.0,5823.0,2942.0,1258.0,477.0,313.0,ALMATTI,290.0,0.0
2026-05-07T00:27:42,07/05/2026 00:20,49.99,12613.0,1491.0,5823.0,2942.0,1258.0,477.0,313.0,JINDAL,1460.0,334.0
2026-05-07T00:27:42,07/05/2026 00:20,49.99,12613.0,1491.0,5823.0,2942.0,1258.0,477.0,313.0,UPCL,1200.0,477.0
2026-05-07T00:27:42,07/05/2026 00:20,49.99,12613.0,1491.0,5823.0,2942.0,1258.0,477.0,313.0,YCCP,370.0,0.0
2026-05-07T00:28:08,07/05/2026 00:20,49.99,12613.0,1491.0,5823.0,2942.0,1258.0,477.0,313.0,RTPS,1720.0,930.0
2026-05-07T00:28:08,07/05/2026 00:20,49.99,12613.0,1491.0,5823.0,2942.0,1258.0,477.0,313.0,BTPS,1700.0,1485.0
2026-05-07T00:28:08,07/05/2026 00:20,49.99,12613.0,1491.0,5823.0,2942.0,1258.0,477.0,313.0,YTPS,1600.0,527.0
2026-05-07T00:28:08,07/05/2026 00:20,49.99,12613.0,1491.0,5823.0,2942.0,1258.0,477.0,313.0,SHARAVATHI,1035.0,706.0
2026-05-07T00:28:08,07/05/2026 00:20,49.99,12613.0,1491.0,5823.0,2942.0,1258.0,477.0,313.0,NAGJHARI,900.0,426.0
2026-05-07T00:28:08,07/05/2026 00:20,49.99,12613.0,1491.0,5823.0,2942.0,1258.0,477.0,313.0,VARAHI,460.0,126.0
2026-05-07T00:28:08,07/05/2026 00:20,49.99,12613.0,1491.0,5823.0,2942.0,1258.0,477.0,313.0,KODSALLI,120.0,39.0
2026-05-07T00:28:08,07/05/2026 00:20,49.99,12613.0,1491.0,5823.0,2942.0,1258.0,477.0,313.0,KADRA,150.0,0.0
2026-05-07T00:28:08,07/05/2026 00:20,49.99,12613.0,1491.0,5823.0,2942.0,1258.0,477.0,313.0,GERUSOPPA,240.0,116.0
2026-05-07T00:28:08,07/05/2026 00:20,49.99,12613.0,1491.0,5823.0,2942.0,1258.0,477.0,313.0,JOG,139.2,71.0
2026-05-07T00:28:08,07/05/2026 00:20,49.99,12613.0,1491.0,5823.0,2942.0,1258.0,477.0,313.0,LPH,55.0,12.0
2026-05-07T00:28:08,07/05/2026 00:20,49.99,12613.0,1491.0,5823.0,2942.0,1258.0,477.0,313.0,SUPA,100.0,74.0
2026-05-07T00:28:08,07/05/2026 00:20,49.99,12613.0,1491.0,5823.0,2942.0,1258.0,477.0,313.0,SHIMSHA,17.2,0.0
2026-05-07T00:28:08,07/05/2026 00:20,49.99,12613.0,1491.0,5823.0,2942.0,1258.0,477.0,313.0,SHIVASAMUDRA,42.0,0.0
2026-05-07T00:28:08,07/05/2026 00:20,49.99,12613.0,1491.0,5823.0,2942.0,1258.0,477.0,313.0,MANIDAM,9.0,1.0
2026-05-07T00:28:08,07/05/2026 00:20,49.99,12613.0,1491.0,5823.0,2942.0,1258.0,477.0,313.0,MUNRABAD,38.0,0.0
2026-05-07T00:28:08,07/05/2026 00:20,49.99,12613.0,1491.0,5823.0,2942.0,1258.0,477.0,313.0,BHADRA,39.2,0.0
2026-05-07T00:28:08,07/05/2026 00:20,49.99,12613.0,1491.0,5823.0,2942.0,1258.0,477.0,313.0,GHATAPRABHA,32.0,0.0
2026-05-07T00:28:08,07/05/2026 00:20,49.99,12613.0,1491.0,5823.0,2942.0,1258.0,477.0,313.0,ALMATTI,290.0,0.0
2026-05-07T00:28:08,07/05/2026 00:20,49.99,12613.0,1491.0,5823.0,2942.0,1258.0,477.0,313.0,JINDAL,1460.0,334.0
2026-05-07T00:28:08,07/05/2026 00:20,49.99,12613.0,1491.0,5823.0,2942.0,1258.0,477.0,313.0,UPCL,1200.0,477.0
2026-05-07T00:28:08,07/05/2026 00:20,49.99,12613.0,1491.0,5823.0,2942.0,1258.0,477.0,313.0,YCCP,370.0,0.0
2026-05-07T00:28:46,07/05/2026 00:20,49.99,12613.0,1491.0,5823.0,2942.0,1258.0,477.0,313.0,RTPS,1720.0,930.0
2026-05-07T00:28:46,07/05/2026 00:20,49.99,12613.0,1491.0,5823.0,2942.0,1258.0,477.0,313.0,BTPS,1700.0,1485.0
2026-05-07T00:28:46,07/05/2026 00:20,49.99,12613.0,1491.0,5823.0,2942.0,1258.0,477.0,313.0,YTPS,1600.0,527.0
2026-05-07T00:28:46,07/05/2026 00:20,49.99,12613.0,1491.0,5823.0,2942.0,1258.0,477.0,313.0,SHARAVATHI,1035.0,706.0
2026-05-07T00:28:46,07/05/2026 00:20,49.99,12613.0,1491.0,5823.0,2942.0,1258.0,477.0,313.0,NAGJHARI,900.0,426.0
2026-05-07T00:28:46,07/05/2026 00:20,49.99,12613.0,1491.0,5823.0,2942.0,1258.0,477.0,313.0,VARAHI,460.0,126.0
2026-05-07T00:28:46,07/05/2026 00:20,49.99,12613.0,1491.0,5823.0,2942.0,1258.0,477.0,313.0,KODSALLI,120.0,39.0
2026-05-07T00:28:46,07/05/2026 00:20,49.99,12613.0,1491.0,5823.0,2942.0,1258.0,477.0,313.0,KADRA,150.0,0.0
2026-05-07T00:28:46,07/05/2026 00:20,49.99,12613.0,1491.0,5823.0,2942.0,1258.0,477.0,313.0,GERUSOPPA,240.0,116.0
2026-05-07T00:28:46,07/05/2026 00:20,49.99,12613.0,1491.0,5823.0,2942.0,1258.0,477.0,313.0,JOG,139.2,71.0
2026-05-07T00:28:46,07/05/2026 00:20,49.99,12613.0,1491.0,5823.0,2942.0,1258.0,477.0,313.0,LPH,55.0,12.0
2026-05-07T00:28:46,07/05/2026 00:20,49.99,12613.0,1491.0,5823.0,2942.0,1258.0,477.0,313.0,SUPA,100.0,74.0
2026-05-07T00:28:46,07/05/2026 00:20,49.99,12613.0,1491.0,5823.0,2942.0,1258.0,477.0,313.0,SHIMSHA,17.2,0.0
2026-05-07T00:28:46,07/05/2026 00:20,49.99,12613.0,1491.0,5823.0,2942.0,1258.0,477.0,313.0,SHIVASAMUDRA,42.0,0.0
2026-05-07T00:28:46,07/05/2026 00:20,49.99,12613.0,1491.0,5823.0,2942.0,1258.0,477.0,313.0,MANIDAM,9.0,1.0
2026-05-07T00:28:46,07/05/2026 00:20,49.99,12613.0,1491.0,5823.0,2942.0,1258.0,477.0,313.0,MUNRABAD,38.0,0.0
2026-05-07T00:28:46,07/05/2026 00:20,49.99,12613.0,1491.0,5823.0,2942.0,1258.0,477.0,313.0,BHADRA,39.2,0.0
2026-05-07T00:28:46,07/05/2026 00:20,49.99,12613.0,1491.0,5823.0,2942.0,1258.0,477.0,313.0,GHATAPRABHA,32.0,0.0
2026-05-07T00:28:46,07/05/2026 00:20,49.99,12613.0,1491.0,5823.0,2942.0,1258.0,477.0,313.0,ALMATTI,290.0,0.0
2026-05-07T00:28:46,07/05/2026 00:20,49.99,12613.0,1491.0,5823.0,2942.0,1258.0,477.0,313.0,JINDAL,1460.0,334.0
2026-05-07T00:28:46,07/05/2026 00:20,49.99,12613.0,1491.0,5823.0,2942.0,1258.0,477.0,313.0,UPCL,1200.0,477.0
2026-05-07T00:28:46,07/05/2026 00:20,49.99,12613.0,1491.0,5823.0,2942.0,1258.0,477.0,313.0,YCCP,370.0,0.0
2026-05-07T00:38:48,07/05/2026 00:35,50.02,12618.0,1442.0,5881.0,2918.0,1250.0,482.0,314.0,RTPS,1720.0,916.0
2026-05-07T00:38:48,07/05/2026 00:35,50.02,12618.0,1442.0,5881.0,2918.0,1250.0,482.0,314.0,BTPS,1700.0,1474.0
2026-05-07T00:38:48,07/05/2026 00:35,50.02,12618.0,1442.0,5881.0,2918.0,1250.0,482.0,314.0,YTPS,1600.0,528.0
2026-05-07T00:38:48,07/05/2026 00:35,50.02,12618.0,1442.0,5881.0,2918.0,1250.0,482.0,314.0,SHARAVATHI,1035.0,710.0
2026-05-07T00:38:48,07/05/2026 00:35,50.02,12618.0,1442.0,5881.0,2918.0,1250.0,482.0,314.0,NAGJHARI,900.0,416.0
2026-05-07T00:38:48,07/05/2026 00:35,50.02,12618.0,1442.0,5881.0,2918.0,1250.0,482.0,314.0,VARAHI,460.0,124.0
2026-05-07T00:38:48,07/05/2026 00:35,50.02,12618.0,1442.0,5881.0,2918.0,1250.0,482.0,314.0,KODSALLI,120.0,39.0
2026-05-07T00:38:48,07/05/2026 00:35,50.02,12618.0,1442.0,5881.0,2918.0,1250.0,482.0,314.0,KADRA,150.0,0.0
2026-05-07T00:38:48,07/05/2026 00:35,50.02,12618.0,1442.0,5881.0,2918.0,1250.0,482.0,314.0,GERUSOPPA,240.0,116.0
2026-05-07T00:38:48,07/05/2026 00:35,50.02,12618.0,1442.0,5881.0,2918.0,1250.0,482.0,314.0,JOG,139.2,71.0
2026-05-07T00:38:48,07/05/2026 00:35,50.02,12618.0,1442.0,5881.0,2918.0,1250.0,482.0,314.0,LPH,55.0,12.0
2026-05-07T00:38:48,07/05/2026 00:35,50.02,12618.0,1442.0,5881.0,2918.0,1250.0,482.0,314.0,SUPA,100.0,74.0
2026-05-07T00:38:48,07/05/2026 00:35,50.02,12618.0,1442.0,5881.0,2918.0,1250.0,482.0,314.0,SHIMSHA,17.2,0.0
2026-05-07T00:38:48,07/05/2026 00:35,50.02,12618.0,1442.0,5881.0,2918.0,1250.0,482.0,314.0,SHIVASAMUDRA,42.0,0.0
2026-05-07T00:38:48,07/05/2026 00:35,50.02,12618.0,1442.0,5881.0,2918.0,1250.0,482.0,314.0,MANIDAM,9.0,2.0
2026-05-07T00:38:48,07/05/2026 00:35,50.02,12618.0,1442.0,5881.0,2918.0,1250.0,482.0,314.0,MUNRABAD,38.0,0.0
2026-05-07T00:38:48,07/05/2026 00:35,50.02,12618.0,1442.0,5881.0,2918.0,1250.0,482.0,314.0,BHADRA,39.2,0.0
2026-05-07T00:38:48,07/05/2026 00:35,50.02,12618.0,1442.0,5881.0,2918.0,1250.0,482.0,314.0,GHATAPRABHA,32.0,0.0
2026-05-07T00:38:48,07/05/2026 00:35,50.02,12618.0,1442.0,5881.0,2918.0,1250.0,482.0,314.0,ALMATTI,290.0,0.0
2026-05-07T00:38:48,07/05/2026 00:35,50.02,12618.0,1442.0,5881.0,2918.0,1250.0,482.0,314.0,JINDAL,1460.0,366.0
2026-05-07T00:38:48,07/05/2026 00:35,50.02,12618.0,1442.0,5881.0,2918.0,1250.0,482.0,314.0,UPCL,1200.0,482.0
2026-05-07T00:38:48,07/05/2026 00:35,50.02,12618.0,1442.0,5881.0,2918.0,1250.0,482.0,314.0,YCCP,370.0,0.0
2026-05-07T00:48:51,07/05/2026 00:45,50.02,12634.0,1364.0,6001.0,2905.0,1246.0,474.0,314.0,RTPS,1720.0,917.0
2026-05-07T00:48:51,07/05/2026 00:45,50.02,12634.0,1364.0,6001.0,2905.0,1246.0,474.0,314.0,BTPS,1700.0,1461.0
2026-05-07T00:48:51,07/05/2026 00:45,50.02,12634.0,1364.0,6001.0,2905.0,1246.0,474.0,314.0,YTPS,1600.0,527.0
2026-05-07T00:48:51,07/05/2026 00:45,50.02,12634.0,1364.0,6001.0,2905.0,1246.0,474.0,314.0,SHARAVATHI,1035.0,706.0
2026-05-07T00:48:51,07/05/2026 00:45,50.02,12634.0,1364.0,6001.0,2905.0,1246.0,474.0,314.0,NAGJHARI,900.0,416.0
2026-05-07T00:48:51,07/05/2026 00:45,50.02,12634.0,1364.0,6001.0,2905.0,1246.0,474.0,314.0,VARAHI,460.0,124.0
2026-05-07T00:48:51,07/05/2026 00:45,50.02,12634.0,1364.0,6001.0,2905.0,1246.0,474.0,314.0,KODSALLI,120.0,39.0
2026-05-07T00:48:51,07/05/2026 00:45,50.02,12634.0,1364.0,6001.0,2905.0,1246.0,474.0,314.0,KADRA,150.0,0.0
2026-05-07T00:48:51,07/05/2026 00:45,50.02,12634.0,1364.0,6001.0,2905.0,1246.0,474.0,314.0,GERUSOPPA,240.0,116.0
2026-05-07T00:48:51,07/05/2026 00:45,50.02,12634.0,1364.0,6001.0,2905.0,1246.0,474.0,314.0,JOG,139.2,71.0
2026-05-07T00:48:51,07/05/2026 00:45,50.02,12634.0,1364.0,6001.0,2905.0,1246.0,474.0,314.0,LPH,55.0,12.0
2026-05-07T00:48:51,07/05/2026 00:45,50.02,12634.0,1364.0,6001.0,2905.0,1246.0,474.0,314.0,SUPA,100.0,74.0
2026-05-07T00:48:51,07/05/2026 00:45,50.02,12634.0,1364.0,6001.0,2905.0,1246.0,474.0,314.0,SHIMSHA,17.2,0.0
2026-05-07T00:48:51,07/05/2026 00:45,50.02,12634.0,1364.0,6001.0,2905.0,1246.0,474.0,314.0,SHIVASAMUDRA,42.0,0.0
2026-05-07T00:48:51,07/05/2026 00:45,50.02,12634.0,1364.0,6001.0,2905.0,1246.0,474.0,314.0,MANIDAM,9.0,2.0
2026-05-07T00:48:51,07/05/2026 00:45,50.02,12634.0,1364.0,6001.0,2905.0,1246.0,474.0,314.0,MUNRABAD,38.0,0.0
2026-05-07T00:48:51,07/05/2026 00:45,50.02,12634.0,1364.0,6001.0,2905.0,1246.0,474.0,314.0,BHADRA,39.2,0.0
2026-05-07T00:48:51,07/05/2026 00:45,50.02,12634.0,1364.0,6001.0,2905.0,1246.0,474.0,314.0,GHATAPRABHA,32.0,0.0
2026-05-07T00:48:51,07/05/2026 00:45,50.02,12634.0,1364.0,6001.0,2905.0,1246.0,474.0,314.0,ALMATTI,290.0,0.0
2026-05-07T00:48:51,07/05/2026 00:45,50.02,12634.0,1364.0,6001.0,2905.0,1246.0,474.0,314.0,JINDAL,1460.0,305.0
2026-05-07T00:48:51,07/05/2026 00:45,50.02,12634.0,1364.0,6001.0,2905.0,1246.0,474.0,314.0,UPCL,1200.0,474.0
2026-05-07T00:48:51,07/05/2026 00:45,50.02,12634.0,1364.0,6001.0,2905.0,1246.0,474.0,314.0,YCCP,370.0,0.0
2026-05-07T00:58:52,07/05/2026 00:50,49.96,12555.0,1244.0,6031.0,2906.0,1249.0,474.0,315.0,RTPS,1720.0,912.0
2026-05-07T00:58:52,07/05/2026 00:50,49.96,12555.0,1244.0,6031.0,2906.0,1249.0,474.0,315.0,BTPS,1700.0,1465.0
2026-05-07T00:58:52,07/05/2026 00:50,49.96,12555.0,1244.0,6031.0,2906.0,1249.0,474.0,315.0,YTPS,1600.0,529.0
2026-05-07T00:58:52,07/05/2026 00:50,49.96,12555.0,1244.0,6031.0,2906.0,1249.0,474.0,315.0,SHARAVATHI,1035.0,706.0
2026-05-07T00:58:52,07/05/2026 00:50,49.96,12555.0,1244.0,6031.0,2906.0,1249.0,474.0,315.0,NAGJHARI,900.0,418.0
2026-05-07T00:58:52,07/05/2026 00:50,49.96,12555.0,1244.0,6031.0,2906.0,1249.0,474.0,315.0,VARAHI,460.0,125.0
2026-05-07T00:58:52,07/05/2026 00:50,49.96,12555.0,1244.0,6031.0,2906.0,1249.0,474.0,315.0,KODSALLI,120.0,39.0
2026-05-07T00:58:52,07/05/2026 00:50,49.96,12555.0,1244.0,6031.0,2906.0,1249.0,474.0,315.0,KADRA,150.0,0.0
2026-05-07T00:58:52,07/05/2026 00:50,49.96,12555.0,1244.0,6031.0,2906.0,1249.0,474.0,315.0,GERUSOPPA,240.0,116.0
2026-05-07T00:58:52,07/05/2026 00:50,49.96,12555.0,1244.0,6031.0,2906.0,1249.0,474.0,315.0,JOG,139.2,72.0
2026-05-07T00:58:52,07/05/2026 00:50,49.96,12555.0,1244.0,6031.0,2906.0,1249.0,474.0,315.0,LPH,55.0,12.0
2026-05-07T00:58:52,07/05/2026 00:50,49.96,12555.0,1244.0,6031.0,2906.0,1249.0,474.0,315.0,SUPA,100.0,74.0
2026-05-07T00:58:52,07/05/2026 00:50,49.96,12555.0,1244.0,6031.0,2906.0,1249.0,474.0,315.0,SHIMSHA,17.2,0.0
2026-05-07T00:58:52,07/05/2026 00:50,49.96,12555.0,1244.0,6031.0,2906.0,1249.0,474.0,315.0,SHIVASAMUDRA,42.0,0.0
2026-05-07T00:58:52,07/05/2026 00:50,49.96,12555.0,1244.0,6031.0,2906.0,1249.0,474.0,315.0,MANIDAM,9.0,2.0
2026-05-07T00:58:52,07/05/2026 00:50,49.96,12555.0,1244.0,6031.0,2906.0,1249.0,474.0,315.0,MUNRABAD,38.0,0.0
2026-05-07T00:58:52,07/05/2026 00:50,49.96,12555.0,1244.0,6031.0,2906.0,1249.0,474.0,315.0,BHADRA,39.2,0.0
2026-05-07T00:58:52,07/05/2026 00:50,49.96,12555.0,1244.0,6031.0,2906.0,1249.0,474.0,315.0,GHATAPRABHA,32.0,0.0
2026-05-07T00:58:52,07/05/2026 00:50,49.96,12555.0,1244.0,6031.0,2906.0,1249.0,474.0,315.0,ALMATTI,290.0,0.0
2026-05-07T00:58:52,07/05/2026 00:50,49.96,12555.0,1244.0,6031.0,2906.0,1249.0,474.0,315.0,JINDAL,1460.0,303.0
2026-05-07T00:58:52,07/05/2026 00:50,49.96,12555.0,1244.0,6031.0,2906.0,1249.0,474.0,315.0,UPCL,1200.0,474.0
2026-05-07T00:58:52,07/05/2026 00:50,49.96,12555.0,1244.0,6031.0,2906.0,1249.0,474.0,315.0,YCCP,370.0,0.0
2026-05-07T01:08:54,07/05/2026 01:05,50.05,12340.0,1109.0,5897.0,2921.0,1285.0,474.0,315.0,RTPS,1720.0,921.0
2026-05-07T01:08:54,07/05/2026 01:05,50.05,12340.0,1109.0,5897.0,2921.0,1285.0,474.0,315.0,BTPS,1700.0,1470.0
2026-05-07T01:08:54,07/05/2026 01:05,50.05,12340.0,1109.0,5897.0,2921.0,1285.0,474.0,315.0,YTPS,1600.0,530.0
2026-05-07T01:08:54,07/05/2026 01:05,50.05,12340.0,1109.0,5897.0,2921.0,1285.0,474.0,315.0,SHARAVATHI,1035.0,745.0
2026-05-07T01:08:54,07/05/2026 01:05,50.05,12340.0,1109.0,5897.0,2921.0,1285.0,474.0,315.0,NAGJHARI,900.0,416.0
2026-05-07T01:08:54,07/05/2026 01:05,50.05,12340.0,1109.0,5897.0,2921.0,1285.0,474.0,315.0,VARAHI,460.0,124.0
2026-05-07T01:08:54,07/05/2026 01:05,50.05,12340.0,1109.0,5897.0,2921.0,1285.0,474.0,315.0,KODSALLI,120.0,39.0
2026-05-07T01:08:54,07/05/2026 01:05,50.05,12340.0,1109.0,5897.0,2921.0,1285.0,474.0,315.0,KADRA,150.0,0.0
2026-05-07T01:08:54,07/05/2026 01:05,50.05,12340.0,1109.0,5897.0,2921.0,1285.0,474.0,315.0,GERUSOPPA,240.0,116.0
2026-05-07T01:08:54,07/05/2026 01:05,50.05,12340.0,1109.0,5897.0,2921.0,1285.0,474.0,315.0,JOG,139.2,72.0
2026-05-07T01:08:54,07/05/2026 01:05,50.05,12340.0,1109.0,5897.0,2921.0,1285.0,474.0,315.0,LPH,55.0,12.0
2026-05-07T01:08:54,07/05/2026 01:05,50.05,12340.0,1109.0,5897.0,2921.0,1285.0,474.0,315.0,SUPA,100.0,74.0
2026-05-07T01:08:54,07/05/2026 01:05,50.05,12340.0,1109.0,5897.0,2921.0,1285.0,474.0,315.0,SHIMSHA,17.2,0.0
2026-05-07T01:08:54,07/05/2026 01:05,50.05,12340.0,1109.0,5897.0,2921.0,1285.0,474.0,315.0,SHIVASAMUDRA,42.0,0.0
2026-05-07T01:08:54,07/05/2026 01:05,50.05,12340.0,1109.0,5897.0,2921.0,1285.0,474.0,315.0,MANIDAM,9.0,2.0
2026-05-07T01:08:54,07/05/2026 01:05,50.05,12340.0,1109.0,5897.0,2921.0,1285.0,474.0,315.0,MUNRABAD,38.0,0.0
2026-05-07T01:08:54,07/05/2026 01:05,50.05,12340.0,1109.0,5897.0,2921.0,1285.0,474.0,315.0,BHADRA,39.2,0.0
2026-05-07T01:08:54,07/05/2026 01:05,50.05,12340.0,1109.0,5897.0,2921.0,1285.0,474.0,315.0,GHATAPRABHA,32.0,0.0
2026-05-07T01:08:54,07/05/2026 01:05,50.05,12340.0,1109.0,5897.0,2921.0,1285.0,474.0,315.0,ALMATTI,290.0,0.0
2026-05-07T01:08:54,07/05/2026 01:05,50.05,12340.0,1109.0,5897.0,2921.0,1285.0,474.0,315.0,JINDAL,1460.0,345.0
2026-05-07T01:08:54,07/05/2026 01:05,50.05,12340.0,1109.0,5897.0,2921.0,1285.0,474.0,315.0,UPCL,1200.0,474.0
2026-05-07T01:08:54,07/05/2026 01:05,50.05,12340.0,1109.0,5897.0,2921.0,1285.0,474.0,315.0,YCCP,370.0,0.0
2026-05-07T01:18:56,07/05/2026 01:15,50.01,12348.0,1108.0,5935.0,2915.0,1282.0,477.0,315.0,RTPS,1720.0,918.0
2026-05-07T01:18:56,07/05/2026 01:15,50.01,12348.0,1108.0,5935.0,2915.0,1282.0,477.0,315.0,BTPS,1700.0,1468.0
2026-05-07T01:18:56,07/05/2026 01:15,50.01,12348.0,1108.0,5935.0,2915.0,1282.0,477.0,315.0,YTPS,1600.0,529.0
2026-05-07T01:18:56,07/05/2026 01:15,50.01,12348.0,1108.0,5935.0,2915.0,1282.0,477.0,315.0,SHARAVATHI,1035.0,742.0
2026-05-07T01:18:56,07/05/2026 01:15,50.01,12348.0,1108.0,5935.0,2915.0,1282.0,477.0,315.0,NAGJHARI,900.0,416.0
2026-05-07T01:18:56,07/05/2026 01:15,50.01,12348.0,1108.0,5935.0,2915.0,1282.0,477.0,315.0,VARAHI,460.0,124.0
2026-05-07T01:18:56,07/05/2026 01:15,50.01,12348.0,1108.0,5935.0,2915.0,1282.0,477.0,315.0,KODSALLI,120.0,39.0
2026-05-07T01:18:56,07/05/2026 01:15,50.01,12348.0,1108.0,5935.0,2915.0,1282.0,477.0,315.0,KADRA,150.0,0.0
2026-05-07T01:18:56,07/05/2026 01:15,50.01,12348.0,1108.0,5935.0,2915.0,1282.0,477.0,315.0,GERUSOPPA,240.0,116.0
2026-05-07T01:18:56,07/05/2026 01:15,50.01,12348.0,1108.0,5935.0,2915.0,1282.0,477.0,315.0,JOG,139.2,72.0
2026-05-07T01:18:56,07/05/2026 01:15,50.01,12348.0,1108.0,5935.0,2915.0,1282.0,477.0,315.0,LPH,55.0,12.0
2026-05-07T01:18:56,07/05/2026 01:15,50.01,12348.0,1108.0,5935.0,2915.0,1282.0,477.0,315.0,SUPA,100.0,74.0
2026-05-07T01:18:56,07/05/2026 01:15,50.01,12348.0,1108.0,5935.0,2915.0,1282.0,477.0,315.0,SHIMSHA,17.2,0.0
2026-05-07T01:18:56,07/05/2026 01:15,50.01,12348.0,1108.0,5935.0,2915.0,1282.0,477.0,315.0,SHIVASAMUDRA,42.0,0.0
2026-05-07T01:18:56,07/05/2026 01:15,50.01,12348.0,1108.0,5935.0,2915.0,1282.0,477.0,315.0,MANIDAM,9.0,2.0
2026-05-07T01:18:56,07/05/2026 01:15,50.01,12348.0,1108.0,5935.0,2915.0,1282.0,477.0,315.0,MUNRABAD,38.0,0.0
2026-05-07T01:18:56,07/05/2026 01:15,50.01,12348.0,1108.0,5935.0,2915.0,1282.0,477.0,315.0,BHADRA,39.2,0.0
2026-05-07T01:18:56,07/05/2026 01:15,50.01,12348.0,1108.0,5935.0,2915.0,1282.0,477.0,315.0,GHATAPRABHA,32.0,0.0
2026-05-07T01:18:56,07/05/2026 01:15,50.01,12348.0,1108.0,5935.0,2915.0,1282.0,477.0,315.0,ALMATTI,290.0,0.0
2026-05-07T01:18:56,07/05/2026 01:15,50.01,12348.0,1108.0,5935.0,2915.0,1282.0,477.0,315.0,JINDAL,1460.0,268.0
2026-05-07T01:18:56,07/05/2026 01:15,50.01,12348.0,1108.0,5935.0,2915.0,1282.0,477.0,315.0,UPCL,1200.0,477.0
2026-05-07T01:18:56,07/05/2026 01:15,50.01,12348.0,1108.0,5935.0,2915.0,1282.0,477.0,315.0,YCCP,370.0,0.0
2026-05-07T01:28:57,07/05/2026 01:25,50.0,12241.0,1110.0,5824.0,2911.0,1289.0,474.0,315.0,RTPS,1720.0,916.0
2026-05-07T01:28:57,07/05/2026 01:25,50.0,12241.0,1110.0,5824.0,2911.0,1289.0,474.0,315.0,BTPS,1700.0,1460.0
2026-05-07T01:28:57,07/05/2026 01:25,50.0,12241.0,1110.0,5824.0,2911.0,1289.0,474.0,315.0,YTPS,1600.0,535.0
2026-05-07T01:28:57,07/05/2026 01:25,50.0,12241.0,1110.0,5824.0,2911.0,1289.0,474.0,315.0,SHARAVATHI,1035.0,750.0
2026-05-07T01:28:57,07/05/2026 01:25,50.0,12241.0,1110.0,5824.0,2911.0,1289.0,474.0,315.0,NAGJHARI,900.0,415.0
2026-05-07T01:28:57,07/05/2026 01:25,50.0,12241.0,1110.0,5824.0,2911.0,1289.0,474.0,315.0,VARAHI,460.0,124.0
2026-05-07T01:28:57,07/05/2026 01:25,50.0,12241.0,1110.0,5824.0,2911.0,1289.0,474.0,315.0,KODSALLI,120.0,39.0
2026-05-07T01:28:57,07/05/2026 01:25,50.0,12241.0,1110.0,5824.0,2911.0,1289.0,474.0,315.0,KADRA,150.0,0.0
2026-05-07T01:28:57,07/05/2026 01:25,50.0,12241.0,1110.0,5824.0,2911.0,1289.0,474.0,315.0,GERUSOPPA,240.0,116.0
2026-05-07T01:28:57,07/05/2026 01:25,50.0,12241.0,1110.0,5824.0,2911.0,1289.0,474.0,315.0,JOG,139.2,72.0
2026-05-07T01:28:57,07/05/2026 01:25,50.0,12241.0,1110.0,5824.0,2911.0,1289.0,474.0,315.0,LPH,55.0,12.0
2026-05-07T01:28:57,07/05/2026 01:25,50.0,12241.0,1110.0,5824.0,2911.0,1289.0,474.0,315.0,SUPA,100.0,74.0
2026-05-07T01:28:57,07/05/2026 01:25,50.0,12241.0,1110.0,5824.0,2911.0,1289.0,474.0,315.0,SHIMSHA,17.2,0.0
2026-05-07T01:28:57,07/05/2026 01:25,50.0,12241.0,1110.0,5824.0,2911.0,1289.0,474.0,315.0,SHIVASAMUDRA,42.0,0.0
2026-05-07T01:28:57,07/05/2026 01:25,50.0,12241.0,1110.0,5824.0,2911.0,1289.0,474.0,315.0,MANIDAM,9.0,2.0
2026-05-07T01:28:57,07/05/2026 01:25,50.0,12241.0,1110.0,5824.0,2911.0,1289.0,474.0,315.0,MUNRABAD,38.0,0.0
2026-05-07T01:28:57,07/05/2026 01:25,50.0,12241.0,1110.0,5824.0,2911.0,1289.0,474.0,315.0,BHADRA,39.2,0.0
2026-05-07T01:28:57,07/05/2026 01:25,50.0,12241.0,1110.0,5824.0,2911.0,1289.0,474.0,315.0,GHATAPRABHA,32.0,0.0
2026-05-07T01:28:57,07/05/2026 01:25,50.0,12241.0,1110.0,5824.0,2911.0,1289.0,474.0,315.0,ALMATTI,290.0,0.0
2026-05-07T01:28:57,07/05/2026 01:25,50.0,12241.0,1110.0,5824.0,2911.0,1289.0,474.0,315.0,JINDAL,1460.0,295.0
2026-05-07T01:28:57,07/05/2026 01:25,50.0,12241.0,1110.0,5824.0,2911.0,1289.0,474.0,315.0,UPCL,1200.0,474.0
2026-05-07T01:28:57,07/05/2026 01:25,50.0,12241.0,1110.0,5824.0,2911.0,1289.0,474.0,315.0,YCCP,370.0,0.0
2026-05-07T01:30:56,07/05/2026 01:25,50.0,12241.0,1110.0,5824.0,2911.0,1289.0,474.0,315.0,RTPS,1720.0,916.0
2026-05-07T01:30:56,07/05/2026 01:25,50.0,12241.0,1110.0,5824.0,2911.0,1289.0,474.0,315.0,BTPS,1700.0,1460.0
2026-05-07T01:30:56,07/05/2026 01:25,50.0,12241.0,1110.0,5824.0,2911.0,1289.0,474.0,315.0,YTPS,1600.0,535.0
2026-05-07T01:30:56,07/05/2026 01:25,50.0,12241.0,1110.0,5824.0,2911.0,1289.0,474.0,315.0,SHARAVATHI,1035.0,750.0
2026-05-07T01:30:56,07/05/2026 01:25,50.0,12241.0,1110.0,5824.0,2911.0,1289.0,474.0,315.0,NAGJHARI,900.0,415.0
2026-05-07T01:30:56,07/05/2026 01:25,50.0,12241.0,1110.0,5824.0,2911.0,1289.0,474.0,315.0,VARAHI,460.0,124.0
2026-05-07T01:30:56,07/05/2026 01:25,50.0,12241.0,1110.0,5824.0,2911.0,1289.0,474.0,315.0,KODSALLI,120.0,39.0
2026-05-07T01:30:56,07/05/2026 01:25,50.0,12241.0,1110.0,5824.0,2911.0,1289.0,474.0,315.0,KADRA,150.0,0.0
2026-05-07T01:30:56,07/05/2026 01:25,50.0,12241.0,1110.0,5824.0,2911.0,1289.0,474.0,315.0,GERUSOPPA,240.0,116.0
2026-05-07T01:30:56,07/05/2026 01:25,50.0,12241.0,1110.0,5824.0,2911.0,1289.0,474.0,315.0,JOG,139.2,72.0
2026-05-07T01:30:56,07/05/2026 01:25,50.0,12241.0,1110.0,5824.0,2911.0,1289.0,474.0,315.0,LPH,55.0,12.0
2026-05-07T01:30:56,07/05/2026 01:25,50.0,12241.0,1110.0,5824.0,2911.0,1289.0,474.0,315.0,SUPA,100.0,74.0
2026-05-07T01:30:56,07/05/2026 01:25,50.0,12241.0,1110.0,5824.0,2911.0,1289.0,474.0,315.0,SHIMSHA,17.2,0.0
2026-05-07T01:30:56,07/05/2026 01:25,50.0,12241.0,1110.0,5824.0,2911.0,1289.0,474.0,315.0,SHIVASAMUDRA,42.0,0.0
2026-05-07T01:30:56,07/05/2026 01:25,50.0,12241.0,1110.0,5824.0,2911.0,1289.0,474.0,315.0,MANIDAM,9.0,2.0
2026-05-07T01:30:56,07/05/2026 01:25,50.0,12241.0,1110.0,5824.0,2911.0,1289.0,474.0,315.0,MUNRABAD,38.0,0.0
2026-05-07T01:30:56,07/05/2026 01:25,50.0,12241.0,1110.0,5824.0,2911.0,1289.0,474.0,315.0,BHADRA,39.2,0.0
2026-05-07T01:30:56,07/05/2026 01:25,50.0,12241.0,1110.0,5824.0,2911.0,1289.0,474.0,315.0,GHATAPRABHA,32.0,0.0
2026-05-07T01:30:56,07/05/2026 01:25,50.0,12241.0,1110.0,5824.0,2911.0,1289.0,474.0,315.0,ALMATTI,290.0,0.0
2026-05-07T01:30:56,07/05/2026 01:25,50.0,12241.0,1110.0,5824.0,2911.0,1289.0,474.0,315.0,JINDAL,1460.0,295.0
2026-05-07T01:30:56,07/05/2026 01:25,50.0,12241.0,1110.0,5824.0,2911.0,1289.0,474.0,315.0,UPCL,1200.0,474.0
2026-05-07T01:30:56,07/05/2026 01:25,50.0,12241.0,1110.0,5824.0,2911.0,1289.0,474.0,315.0,YCCP,370.0,0.0
2026-05-07T01:41:01,07/05/2026 01:35,50.03,12101.0,1010.0,5806.0,2919.0,1282.0,477.0,313.0,RTPS,1720.0,920.0
2026-05-07T01:41:01,07/05/2026 01:35,50.03,12101.0,1010.0,5806.0,2919.0,1282.0,477.0,313.0,BTPS,1700.0,1462.0
2026-05-07T01:41:01,07/05/2026 01:35,50.03,12101.0,1010.0,5806.0,2919.0,1282.0,477.0,313.0,YTPS,1600.0,537.0
2026-05-07T01:41:01,07/05/2026 01:35,50.03,12101.0,1010.0,5806.0,2919.0,1282.0,477.0,313.0,SHARAVATHI,1035.0,742.0
2026-05-07T01:41:01,07/05/2026 01:35,50.03,12101.0,1010.0,5806.0,2919.0,1282.0,477.0,313.0,NAGJHARI,900.0,416.0
2026-05-07T01:41:01,07/05/2026 01:35,50.03,12101.0,1010.0,5806.0,2919.0,1282.0,477.0,313.0,VARAHI,460.0,124.0
2026-05-07T01:41:01,07/05/2026 01:35,50.03,12101.0,1010.0,5806.0,2919.0,1282.0,477.0,313.0,KODSALLI,120.0,39.0
2026-05-07T01:41:01,07/05/2026 01:35,50.03,12101.0,1010.0,5806.0,2919.0,1282.0,477.0,313.0,KADRA,150.0,0.0
2026-05-07T01:41:01,07/05/2026 01:35,50.03,12101.0,1010.0,5806.0,2919.0,1282.0,477.0,313.0,GERUSOPPA,240.0,116.0
2026-05-07T01:41:01,07/05/2026 01:35,50.03,12101.0,1010.0,5806.0,2919.0,1282.0,477.0,313.0,JOG,139.2,71.0
2026-05-07T01:41:01,07/05/2026 01:35,50.03,12101.0,1010.0,5806.0,2919.0,1282.0,477.0,313.0,LPH,55.0,12.0
2026-05-07T01:41:01,07/05/2026 01:35,50.03,12101.0,1010.0,5806.0,2919.0,1282.0,477.0,313.0,SUPA,100.0,74.0
2026-05-07T01:41:01,07/05/2026 01:35,50.03,12101.0,1010.0,5806.0,2919.0,1282.0,477.0,313.0,SHIMSHA,17.2,0.0
2026-05-07T01:41:01,07/05/2026 01:35,50.03,12101.0,1010.0,5806.0,2919.0,1282.0,477.0,313.0,SHIVASAMUDRA,42.0,0.0
2026-05-07T01:41:01,07/05/2026 01:35,50.03,12101.0,1010.0,5806.0,2919.0,1282.0,477.0,313.0,MANIDAM,9.0,1.0
2026-05-07T01:41:01,07/05/2026 01:35,50.03,12101.0,1010.0,5806.0,2919.0,1282.0,477.0,313.0,MUNRABAD,38.0,0.0
2026-05-07T01:41:01,07/05/2026 01:35,50.03,12101.0,1010.0,5806.0,2919.0,1282.0,477.0,313.0,BHADRA,39.2,0.0
2026-05-07T01:41:01,07/05/2026 01:35,50.03,12101.0,1010.0,5806.0,2919.0,1282.0,477.0,313.0,GHATAPRABHA,32.0,0.0
2026-05-07T01:41:01,07/05/2026 01:35,50.03,12101.0,1010.0,5806.0,2919.0,1282.0,477.0,313.0,ALMATTI,290.0,0.0
2026-05-07T01:41:01,07/05/2026 01:35,50.03,12101.0,1010.0,5806.0,2919.0,1282.0,477.0,313.0,JINDAL,1460.0,279.0
2026-05-07T01:41:01,07/05/2026 01:35,50.03,12101.0,1010.0,5806.0,2919.0,1282.0,477.0,313.0,UPCL,1200.0,477.0
2026-05-07T01:41:01,07/05/2026 01:35,50.03,12101.0,1010.0,5806.0,2919.0,1282.0,477.0,313.0,YCCP,370.0,0.0
2026-05-07T01:51:04,07/05/2026 01:45,50.01,11973.0,947.0,5755.0,2923.0,1289.0,478.0,315.0,RTPS,1720.0,919.0
2026-05-07T01:51:04,07/05/2026 01:45,50.01,11973.0,947.0,5755.0,2923.0,1289.0,478.0,315.0,BTPS,1700.0,1463.0
2026-05-07T01:51:04,07/05/2026 01:45,50.01,11973.0,947.0,5755.0,2923.0,1289.0,478.0,315.0,YTPS,1600.0,541.0
2026-05-07T01:51:04,07/05/2026 01:45,50.01,11973.0,947.0,5755.0,2923.0,1289.0,478.0,315.0,SHARAVATHI,1035.0,750.0
2026-05-07T01:51:04,07/05/2026 01:45,50.01,11973.0,947.0,5755.0,2923.0,1289.0,478.0,315.0,NAGJHARI,900.0,415.0
2026-05-07T01:51:04,07/05/2026 01:45,50.01,11973.0,947.0,5755.0,2923.0,1289.0,478.0,315.0,VARAHI,460.0,124.0
2026-05-07T01:51:04,07/05/2026 01:45,50.01,11973.0,947.0,5755.0,2923.0,1289.0,478.0,315.0,KODSALLI,120.0,39.0
2026-05-07T01:51:04,07/05/2026 01:45,50.01,11973.0,947.0,5755.0,2923.0,1289.0,478.0,315.0,KADRA,150.0,0.0
2026-05-07T01:51:04,07/05/2026 01:45,50.01,11973.0,947.0,5755.0,2923.0,1289.0,478.0,315.0,GERUSOPPA,240.0,116.0
2026-05-07T01:51:04,07/05/2026 01:45,50.01,11973.0,947.0,5755.0,2923.0,1289.0,478.0,315.0,JOG,139.2,71.0
2026-05-07T01:51:04,07/05/2026 01:45,50.01,11973.0,947.0,5755.0,2923.0,1289.0,478.0,315.0,LPH,55.0,13.0
2026-05-07T01:51:04,07/05/2026 01:45,50.01,11973.0,947.0,5755.0,2923.0,1289.0,478.0,315.0,SUPA,100.0,74.0
2026-05-07T01:51:04,07/05/2026 01:45,50.01,11973.0,947.0,5755.0,2923.0,1289.0,478.0,315.0,SHIMSHA,17.2,0.0
2026-05-07T01:51:04,07/05/2026 01:45,50.01,11973.0,947.0,5755.0,2923.0,1289.0,478.0,315.0,SHIVASAMUDRA,42.0,0.0
2026-05-07T01:51:04,07/05/2026 01:45,50.01,11973.0,947.0,5755.0,2923.0,1289.0,478.0,315.0,MANIDAM,9.0,2.0
2026-05-07T01:51:04,07/05/2026 01:45,50.01,11973.0,947.0,5755.0,2923.0,1289.0,478.0,315.0,MUNRABAD,38.0,0.0
2026-05-07T01:51:04,07/05/2026 01:45,50.01,11973.0,947.0,5755.0,2923.0,1289.0,478.0,315.0,BHADRA,39.2,0.0
2026-05-07T01:51:04,07/05/2026 01:45,50.01,11973.0,947.0,5755.0,2923.0,1289.0,478.0,315.0,GHATAPRABHA,32.0,0.0
2026-05-07T01:51:04,07/05/2026 01:45,50.01,11973.0,947.0,5755.0,2923.0,1289.0,478.0,315.0,ALMATTI,290.0,0.0
2026-05-07T01:51:04,07/05/2026 01:45,50.01,11973.0,947.0,5755.0,2923.0,1289.0,478.0,315.0,JINDAL,1460.0,261.0
2026-05-07T01:51:04,07/05/2026 01:45,50.01,11973.0,947.0,5755.0,2923.0,1289.0,478.0,315.0,UPCL,1200.0,478.0
2026-05-07T01:51:04,07/05/2026 01:45,50.01,11973.0,947.0,5755.0,2923.0,1289.0,478.0,315.0,YCCP,370.0,0.0
2026-05-07T02:01:06,07/05/2026 01:55,50.02,11884.0,892.0,5834.0,2916.0,1206.0,477.0,313.0,RTPS,1720.0,924.0
2026-05-07T02:01:06,07/05/2026 01:55,50.02,11884.0,892.0,5834.0,2916.0,1206.0,477.0,313.0,BTPS,1700.0,1452.0
2026-05-07T02:01:06,07/05/2026 01:55,50.02,11884.0,892.0,5834.0,2916.0,1206.0,477.0,313.0,YTPS,1600.0,540.0
2026-05-07T02:01:06,07/05/2026 01:55,50.02,11884.0,892.0,5834.0,2916.0,1206.0,477.0,313.0,SHARAVATHI,1035.0,749.0
2026-05-07T02:01:06,07/05/2026 01:55,50.02,11884.0,892.0,5834.0,2916.0,1206.0,477.0,313.0,NAGJHARI,900.0,416.0
2026-05-07T02:01:06,07/05/2026 01:55,50.02,11884.0,892.0,5834.0,2916.0,1206.0,477.0,313.0,VARAHI,460.0,41.0
2026-05-07T02:01:06,07/05/2026 01:55,50.02,11884.0,892.0,5834.0,2916.0,1206.0,477.0,313.0,KODSALLI,120.0,39.0
2026-05-07T02:01:06,07/05/2026 01:55,50.02,11884.0,892.0,5834.0,2916.0,1206.0,477.0,313.0,KADRA,150.0,0.0
2026-05-07T02:01:06,07/05/2026 01:55,50.02,11884.0,892.0,5834.0,2916.0,1206.0,477.0,313.0,GERUSOPPA,240.0,116.0
2026-05-07T02:01:06,07/05/2026 01:55,50.02,11884.0,892.0,5834.0,2916.0,1206.0,477.0,313.0,JOG,139.2,71.0
2026-05-07T02:01:06,07/05/2026 01:55,50.02,11884.0,892.0,5834.0,2916.0,1206.0,477.0,313.0,LPH,55.0,12.0
2026-05-07T02:01:06,07/05/2026 01:55,50.02,11884.0,892.0,5834.0,2916.0,1206.0,477.0,313.0,SUPA,100.0,74.0
2026-05-07T02:01:06,07/05/2026 01:55,50.02,11884.0,892.0,5834.0,2916.0,1206.0,477.0,313.0,SHIMSHA,17.2,0.0
2026-05-07T02:01:06,07/05/2026 01:55,50.02,11884.0,892.0,5834.0,2916.0,1206.0,477.0,313.0,SHIVASAMUDRA,42.0,0.0
2026-05-07T02:01:06,07/05/2026 01:55,50.02,11884.0,892.0,5834.0,2916.0,1206.0,477.0,313.0,MANIDAM,9.0,1.0
2026-05-07T02:01:06,07/05/2026 01:55,50.02,11884.0,892.0,5834.0,2916.0,1206.0,477.0,313.0,MUNRABAD,38.0,0.0
2026-05-07T02:01:06,07/05/2026 01:55,50.02,11884.0,892.0,5834.0,2916.0,1206.0,477.0,313.0,BHADRA,39.2,0.0
2026-05-07T02:01:06,07/05/2026 01:55,50.02,11884.0,892.0,5834.0,2916.0,1206.0,477.0,313.0,GHATAPRABHA,32.0,0.0
2026-05-07T02:01:06,07/05/2026 01:55,50.02,11884.0,892.0,5834.0,2916.0,1206.0,477.0,313.0,ALMATTI,290.0,0.0
2026-05-07T02:01:06,07/05/2026 01:55,50.02,11884.0,892.0,5834.0,2916.0,1206.0,477.0,313.0,JINDAL,1460.0,245.0
2026-05-07T02:01:06,07/05/2026 01:55,50.02,11884.0,892.0,5834.0,2916.0,1206.0,477.0,313.0,UPCL,1200.0,477.0
2026-05-07T02:01:06,07/05/2026 01:55,50.02,11884.0,892.0,5834.0,2916.0,1206.0,477.0,313.0,YCCP,370.0,0.0
2026-05-07T02:11:08,07/05/2026 02:05,50.01,11825.0,824.0,5929.0,2920.0,1201.0,476.0,218.0,RTPS,1720.0,922.0
2026-05-07T02:11:08,07/05/2026 02:05,50.01,11825.0,824.0,5929.0,2920.0,1201.0,476.0,218.0,BTPS,1700.0,1456.0
2026-05-07T02:11:08,07/05/2026 02:05,50.01,11825.0,824.0,5929.0,2920.0,1201.0,476.0,218.0,YTPS,1600.0,542.0
2026-05-07T02:11:08,07/05/2026 02:05,50.01,11825.0,824.0,5929.0,2920.0,1201.0,476.0,218.0,SHARAVATHI,1035.0,741.0
2026-05-07T02:11:08,07/05/2026 02:05,50.01,11825.0,824.0,5929.0,2920.0,1201.0,476.0,218.0,NAGJHARI,900.0,418.0
2026-05-07T02:11:08,07/05/2026 02:05,50.01,11825.0,824.0,5929.0,2920.0,1201.0,476.0,218.0,VARAHI,460.0,42.0
2026-05-07T02:11:08,07/05/2026 02:05,50.01,11825.0,824.0,5929.0,2920.0,1201.0,476.0,218.0,KODSALLI,120.0,0.0
2026-05-07T02:11:08,07/05/2026 02:05,50.01,11825.0,824.0,5929.0,2920.0,1201.0,476.0,218.0,KADRA,150.0,0.0
2026-05-07T02:11:08,07/05/2026 02:05,50.01,11825.0,824.0,5929.0,2920.0,1201.0,476.0,218.0,GERUSOPPA,240.0,58.0
2026-05-07T02:11:08,07/05/2026 02:05,50.01,11825.0,824.0,5929.0,2920.0,1201.0,476.0,218.0,JOG,139.2,72.0
2026-05-07T02:11:08,07/05/2026 02:05,50.01,11825.0,824.0,5929.0,2920.0,1201.0,476.0,218.0,LPH,55.0,12.0
2026-05-07T02:11:08,07/05/2026 02:05,50.01,11825.0,824.0,5929.0,2920.0,1201.0,476.0,218.0,SUPA,100.0,74.0
2026-05-07T02:11:08,07/05/2026 02:05,50.01,11825.0,824.0,5929.0,2920.0,1201.0,476.0,218.0,SHIMSHA,17.2,0.0
2026-05-07T02:11:08,07/05/2026 02:05,50.01,11825.0,824.0,5929.0,2920.0,1201.0,476.0,218.0,SHIVASAMUDRA,42.0,0.0
2026-05-07T02:11:08,07/05/2026 02:05,50.01,11825.0,824.0,5929.0,2920.0,1201.0,476.0,218.0,MANIDAM,9.0,2.0
2026-05-07T02:11:08,07/05/2026 02:05,50.01,11825.0,824.0,5929.0,2920.0,1201.0,476.0,218.0,MUNRABAD,38.0,0.0
2026-05-07T02:11:08,07/05/2026 02:05,50.01,11825.0,824.0,5929.0,2920.0,1201.0,476.0,218.0,BHADRA,39.2,0.0
2026-05-07T02:11:08,07/05/2026 02:05,50.01,11825.0,824.0,5929.0,2920.0,1201.0,476.0,218.0,GHATAPRABHA,32.0,0.0
2026-05-07T02:11:08,07/05/2026 02:05,50.01,11825.0,824.0,5929.0,2920.0,1201.0,476.0,218.0,ALMATTI,290.0,0.0
2026-05-07T02:11:08,07/05/2026 02:05,50.01,11825.0,824.0,5929.0,2920.0,1201.0,476.0,218.0,JINDAL,1460.0,337.0
2026-05-07T02:11:08,07/05/2026 02:05,50.01,11825.0,824.0,5929.0,2920.0,1201.0,476.0,218.0,UPCL,1200.0,476.0
2026-05-07T02:11:08,07/05/2026 02:05,50.01,11825.0,824.0,5929.0,2920.0,1201.0,476.0,218.0,YCCP,370.0,0.0
2026-05-07T02:21:09,07/05/2026 02:15,49.99,11969.0,798.0,6022.0,2921.0,1203.0,477.0,218.0,RTPS,1720.0,919.0
2026-05-07T02:21:09,07/05/2026 02:15,49.99,11969.0,798.0,6022.0,2921.0,1203.0,477.0,218.0,BTPS,1700.0,1453.0
2026-05-07T02:21:09,07/05/2026 02:15,49.99,11969.0,798.0,6022.0,2921.0,1203.0,477.0,218.0,YTPS,1600.0,549.0
2026-05-07T02:21:09,07/05/2026 02:15,49.99,11969.0,798.0,6022.0,2921.0,1203.0,477.0,218.0,SHARAVATHI,1035.0,745.0
2026-05-07T02:21:09,07/05/2026 02:15,49.99,11969.0,798.0,6022.0,2921.0,1203.0,477.0,218.0,NAGJHARI,900.0,416.0
2026-05-07T02:21:09,07/05/2026 02:15,49.99,11969.0,798.0,6022.0,2921.0,1203.0,477.0,218.0,VARAHI,460.0,42.0
2026-05-07T02:21:09,07/05/2026 02:15,49.99,11969.0,798.0,6022.0,2921.0,1203.0,477.0,218.0,KODSALLI,120.0,0.0
2026-05-07T02:21:09,07/05/2026 02:15,49.99,11969.0,798.0,6022.0,2921.0,1203.0,477.0,218.0,KADRA,150.0,0.0
2026-05-07T02:21:09,07/05/2026 02:15,49.99,11969.0,798.0,6022.0,2921.0,1203.0,477.0,218.0,GERUSOPPA,240.0,58.0
2026-05-07T02:21:09,07/05/2026 02:15,49.99,11969.0,798.0,6022.0,2921.0,1203.0,477.0,218.0,JOG,139.2,72.0
2026-05-07T02:21:09,07/05/2026 02:15,49.99,11969.0,798.0,6022.0,2921.0,1203.0,477.0,218.0,LPH,55.0,12.0
2026-05-07T02:21:09,07/05/2026 02:15,49.99,11969.0,798.0,6022.0,2921.0,1203.0,477.0,218.0,SUPA,100.0,74.0
2026-05-07T02:21:09,07/05/2026 02:15,49.99,11969.0,798.0,6022.0,2921.0,1203.0,477.0,218.0,SHIMSHA,17.2,0.0
2026-05-07T02:21:09,07/05/2026 02:15,49.99,11969.0,798.0,6022.0,2921.0,1203.0,477.0,218.0,SHIVASAMUDRA,42.0,0.0
2026-05-07T02:21:09,07/05/2026 02:15,49.99,11969.0,798.0,6022.0,2921.0,1203.0,477.0,218.0,MANIDAM,9.0,2.0
2026-05-07T02:21:09,07/05/2026 02:15,49.99,11969.0,798.0,6022.0,2921.0,1203.0,477.0,218.0,MUNRABAD,38.0,0.0
2026-05-07T02:21:09,07/05/2026 02:15,49.99,11969.0,798.0,6022.0,2921.0,1203.0,477.0,218.0,BHADRA,39.2,0.0
2026-05-07T02:21:09,07/05/2026 02:15,49.99,11969.0,798.0,6022.0,2921.0,1203.0,477.0,218.0,GHATAPRABHA,32.0,0.0
2026-05-07T02:21:09,07/05/2026 02:15,49.99,11969.0,798.0,6022.0,2921.0,1203.0,477.0,218.0,ALMATTI,290.0,0.0
2026-05-07T02:21:09,07/05/2026 02:15,49.99,11969.0,798.0,6022.0,2921.0,1203.0,477.0,218.0,JINDAL,1460.0,299.0
2026-05-07T02:21:09,07/05/2026 02:15,49.99,11969.0,798.0,6022.0,2921.0,1203.0,477.0,218.0,UPCL,1200.0,477.0
2026-05-07T02:21:09,07/05/2026 02:15,49.99,11969.0,798.0,6022.0,2921.0,1203.0,477.0,218.0,YCCP,370.0,0.0
2026-05-07T02:31:19,07/05/2026 02:25,50.01,11966.0,784.0,6133.0,2924.0,1203.0,478.0,217.0,RTPS,1720.0,918.0
2026-05-07T02:31:19,07/05/2026 02:25,50.01,11966.0,784.0,6133.0,2924.0,1203.0,478.0,217.0,BTPS,1700.0,1451.0
2026-05-07T02:31:19,07/05/2026 02:25,50.01,11966.0,784.0,6133.0,2924.0,1203.0,478.0,217.0,YTPS,1600.0,555.0
2026-05-07T02:31:19,07/05/2026 02:25,50.01,11966.0,784.0,6133.0,2924.0,1203.0,478.0,217.0,SHARAVATHI,1035.0,745.0
2026-05-07T02:31:19,07/05/2026 02:25,50.01,11966.0,784.0,6133.0,2924.0,1203.0,478.0,217.0,NAGJHARI,900.0,416.0
2026-05-07T02:31:19,07/05/2026 02:25,50.01,11966.0,784.0,6133.0,2924.0,1203.0,478.0,217.0,VARAHI,460.0,42.0
2026-05-07T02:31:19,07/05/2026 02:25,50.01,11966.0,784.0,6133.0,2924.0,1203.0,478.0,217.0,KODSALLI,120.0,0.0
2026-05-07T02:31:19,07/05/2026 02:25,50.01,11966.0,784.0,6133.0,2924.0,1203.0,478.0,217.0,KADRA,150.0,0.0
2026-05-07T02:31:19,07/05/2026 02:25,50.01,11966.0,784.0,6133.0,2924.0,1203.0,478.0,217.0,GERUSOPPA,240.0,57.0
2026-05-07T02:31:19,07/05/2026 02:25,50.01,11966.0,784.0,6133.0,2924.0,1203.0,478.0,217.0,JOG,139.2,72.0
2026-05-07T02:31:19,07/05/2026 02:25,50.01,11966.0,784.0,6133.0,2924.0,1203.0,478.0,217.0,LPH,55.0,12.0
2026-05-07T02:31:19,07/05/2026 02:25,50.01,11966.0,784.0,6133.0,2924.0,1203.0,478.0,217.0,SUPA,100.0,74.0
2026-05-07T02:31:19,07/05/2026 02:25,50.01,11966.0,784.0,6133.0,2924.0,1203.0,478.0,217.0,SHIMSHA,17.2,0.0
2026-05-07T02:31:19,07/05/2026 02:25,50.01,11966.0,784.0,6133.0,2924.0,1203.0,478.0,217.0,SHIVASAMUDRA,42.0,0.0
2026-05-07T02:31:19,07/05/2026 02:25,50.01,11966.0,784.0,6133.0,2924.0,1203.0,478.0,217.0,MANIDAM,9.0,2.0
2026-05-07T02:31:19,07/05/2026 02:25,50.01,11966.0,784.0,6133.0,2924.0,1203.0,478.0,217.0,MUNRABAD,38.0,0.0
2026-05-07T02:31:19,07/05/2026 02:25,50.01,11966.0,784.0,6133.0,2924.0,1203.0,478.0,217.0,BHADRA,39.2,0.0
2026-05-07T02:31:19,07/05/2026 02:25,50.01,11966.0,784.0,6133.0,2924.0,1203.0,478.0,217.0,GHATAPRABHA,32.0,0.0
2026-05-07T02:31:19,07/05/2026 02:25,50.01,11966.0,784.0,6133.0,2924.0,1203.0,478.0,217.0,ALMATTI,290.0,0.0
2026-05-07T02:31:19,07/05/2026 02:25,50.01,11966.0,784.0,6133.0,2924.0,1203.0,478.0,217.0,JINDAL,1460.0,222.0
2026-05-07T02:31:19,07/05/2026 02:25,50.01,11966.0,784.0,6133.0,2924.0,1203.0,478.0,217.0,UPCL,1200.0,478.0
2026-05-07T02:31:19,07/05/2026 02:25,50.01,11966.0,784.0,6133.0,2924.0,1203.0,478.0,217.0,YCCP,370.0,0.0
2026-05-07T09:44:57,07/05/2026 09:30,50.19,16893.0,3541.0,7461.0,2887.0,1635.0,482.0,644.0,RTPS,1720.0,925.0
2026-05-07T09:44:57,07/05/2026 09:30,50.19,16893.0,3541.0,7461.0,2887.0,1635.0,482.0,644.0,BTPS,1700.0,1408.0
2026-05-07T09:44:57,07/05/2026 09:30,50.19,16893.0,3541.0,7461.0,2887.0,1635.0,482.0,644.0,YTPS,1600.0,554.0
2026-05-07T09:44:57,07/05/2026 09:30,50.19,16893.0,3541.0,7461.0,2887.0,1635.0,482.0,644.0,SHARAVATHI,1035.0,768.0
2026-05-07T09:44:57,07/05/2026 09:30,50.19,16893.0,3541.0,7461.0,2887.0,1635.0,482.0,644.0,NAGJHARI,900.0,621.0
2026-05-07T09:44:57,07/05/2026 09:30,50.19,16893.0,3541.0,7461.0,2887.0,1635.0,482.0,644.0,VARAHI,460.0,246.0
2026-05-07T09:44:57,07/05/2026 09:30,50.19,16893.0,3541.0,7461.0,2887.0,1635.0,482.0,644.0,KODSALLI,120.0,119.0
2026-05-07T09:44:57,07/05/2026 09:30,50.19,16893.0,3541.0,7461.0,2887.0,1635.0,482.0,644.0,KADRA,150.0,147.0
2026-05-07T09:44:57,07/05/2026 09:30,50.19,16893.0,3541.0,7461.0,2887.0,1635.0,482.0,644.0,GERUSOPPA,240.0,218.0
2026-05-07T09:44:57,07/05/2026 09:30,50.19,16893.0,3541.0,7461.0,2887.0,1635.0,482.0,644.0,JOG,139.2,72.0
2026-05-07T09:44:57,07/05/2026 09:30,50.19,16893.0,3541.0,7461.0,2887.0,1635.0,482.0,644.0,LPH,55.0,13.0
2026-05-07T09:44:57,07/05/2026 09:30,50.19,16893.0,3541.0,7461.0,2887.0,1635.0,482.0,644.0,SUPA,100.0,74.0
2026-05-07T09:44:57,07/05/2026 09:30,50.19,16893.0,3541.0,7461.0,2887.0,1635.0,482.0,644.0,SHIMSHA,17.2,0.0
2026-05-07T09:44:57,07/05/2026 09:30,50.19,16893.0,3541.0,7461.0,2887.0,1635.0,482.0,644.0,SHIVASAMUDRA,42.0,0.0
2026-05-07T09:44:57,07/05/2026 09:30,50.19,16893.0,3541.0,7461.0,2887.0,1635.0,482.0,644.0,MANIDAM,9.0,1.0
2026-05-07T09:44:57,07/05/2026 09:30,50.19,16893.0,3541.0,7461.0,2887.0,1635.0,482.0,644.0,MUNRABAD,38.0,0.0
2026-05-07T09:44:57,07/05/2026 09:30,50.19,16893.0,3541.0,7461.0,2887.0,1635.0,482.0,644.0,BHADRA,39.2,0.0
2026-05-07T09:44:57,07/05/2026 09:30,50.19,16893.0,3541.0,7461.0,2887.0,1635.0,482.0,644.0,GHATAPRABHA,32.0,0.0
2026-05-07T09:44:57,07/05/2026 09:30,50.19,16893.0,3541.0,7461.0,2887.0,1635.0,482.0,644.0,ALMATTI,290.0,0.0
2026-05-07T09:44:57,07/05/2026 09:30,50.19,16893.0,3541.0,7461.0,2887.0,1635.0,482.0,644.0,JINDAL,1460.0,238.0
2026-05-07T09:44:57,07/05/2026 09:30,50.19,16893.0,3541.0,7461.0,2887.0,1635.0,482.0,644.0,UPCL,1200.0,482.0
2026-05-07T09:44:57,07/05/2026 09:30,50.19,16893.0,3541.0,7461.0,2887.0,1635.0,482.0,644.0,YCCP,370.0,0.0
2026-05-07T11:25:40,07/05/2026 11:15,49.99,16686.0,4609.0,6706.0,2941.0,1537.0,478.0,187.0,RTPS,1720.0,904.0
2026-05-07T11:25:40,07/05/2026 11:15,49.99,16686.0,4609.0,6706.0,2941.0,1537.0,478.0,187.0,BTPS,1700.0,1445.0
2026-05-07T11:25:40,07/05/2026 11:15,49.99,16686.0,4609.0,6706.0,2941.0,1537.0,478.0,187.0,YTPS,1600.0,592.0
2026-05-07T11:25:40,07/05/2026 11:15,49.99,16686.0,4609.0,6706.0,2941.0,1537.0,478.0,187.0,SHARAVATHI,1035.0,769.0
2026-05-07T11:25:40,07/05/2026 11:15,49.99,16686.0,4609.0,6706.0,2941.0,1537.0,478.0,187.0,NAGJHARI,900.0,586.0
2026-05-07T11:25:40,07/05/2026 11:15,49.99,16686.0,4609.0,6706.0,2941.0,1537.0,478.0,187.0,VARAHI,460.0,182.0
2026-05-07T11:25:40,07/05/2026 11:15,49.99,16686.0,4609.0,6706.0,2941.0,1537.0,478.0,187.0,KODSALLI,120.0,28.0
2026-05-07T11:25:40,07/05/2026 11:15,49.99,16686.0,4609.0,6706.0,2941.0,1537.0,478.0,187.0,KADRA,150.0,0.0
2026-05-07T11:25:40,07/05/2026 11:15,49.99,16686.0,4609.0,6706.0,2941.0,1537.0,478.0,187.0,GERUSOPPA,240.0,0.0
2026-05-07T11:25:40,07/05/2026 11:15,49.99,16686.0,4609.0,6706.0,2941.0,1537.0,478.0,187.0,JOG,139.2,72.0
2026-05-07T11:25:40,07/05/2026 11:15,49.99,16686.0,4609.0,6706.0,2941.0,1537.0,478.0,187.0,LPH,55.0,12.0
2026-05-07T11:25:40,07/05/2026 11:15,49.99,16686.0,4609.0,6706.0,2941.0,1537.0,478.0,187.0,SUPA,100.0,74.0
2026-05-07T11:25:40,07/05/2026 11:15,49.99,16686.0,4609.0,6706.0,2941.0,1537.0,478.0,187.0,SHIMSHA,17.2,0.0
2026-05-07T11:25:40,07/05/2026 11:15,49.99,16686.0,4609.0,6706.0,2941.0,1537.0,478.0,187.0,SHIVASAMUDRA,42.0,0.0
2026-05-07T11:25:40,07/05/2026 11:15,49.99,16686.0,4609.0,6706.0,2941.0,1537.0,478.0,187.0,MANIDAM,9.0,1.0
2026-05-07T11:25:40,07/05/2026 11:15,49.99,16686.0,4609.0,6706.0,2941.0,1537.0,478.0,187.0,MUNRABAD,38.0,0.0
2026-05-07T11:25:40,07/05/2026 11:15,49.99,16686.0,4609.0,6706.0,2941.0,1537.0,478.0,187.0,BHADRA,39.2,0.0
2026-05-07T11:25:40,07/05/2026 11:15,49.99,16686.0,4609.0,6706.0,2941.0,1537.0,478.0,187.0,GHATAPRABHA,32.0,0.0
2026-05-07T11:25:40,07/05/2026 11:15,49.99,16686.0,4609.0,6706.0,2941.0,1537.0,478.0,187.0,ALMATTI,290.0,0.0
2026-05-07T11:25:40,07/05/2026 11:15,49.99,16686.0,4609.0,6706.0,2941.0,1537.0,478.0,187.0,JINDAL,1460.0,193.0
2026-05-07T11:25:40,07/05/2026 11:15,49.99,16686.0,4609.0,6706.0,2941.0,1537.0,478.0,187.0,UPCL,1200.0,478.0
2026-05-07T11:25:40,07/05/2026 11:15,49.99,16686.0,4609.0,6706.0,2941.0,1537.0,478.0,187.0,YCCP,370.0,0.0
2026-05-07T13:18:53,07/05/2026 13:15,50.05,16736.0,4621.0,6574.0,2943.0,1669.0,475.0,199.0,RTPS,1720.0,900.0
2026-05-07T13:18:53,07/05/2026 13:15,50.05,16736.0,4621.0,6574.0,2943.0,1669.0,475.0,199.0,BTPS,1700.0,1465.0
2026-05-07T13:18:53,07/05/2026 13:15,50.05,16736.0,4621.0,6574.0,2943.0,1669.0,475.0,199.0,YTPS,1600.0,578.0
2026-05-07T13:18:53,07/05/2026 13:15,50.05,16736.0,4621.0,6574.0,2943.0,1669.0,475.0,199.0,SHARAVATHI,1035.0,768.0
2026-05-07T13:18:53,07/05/2026 13:15,50.05,16736.0,4621.0,6574.0,2943.0,1669.0,475.0,199.0,NAGJHARI,900.0,625.0
2026-05-07T13:18:53,07/05/2026 13:15,50.05,16736.0,4621.0,6574.0,2943.0,1669.0,475.0,199.0,VARAHI,460.0,276.0
2026-05-07T13:18:53,07/05/2026 13:15,50.05,16736.0,4621.0,6574.0,2943.0,1669.0,475.0,199.0,KODSALLI,120.0,39.0
2026-05-07T13:18:53,07/05/2026 13:15,50.05,16736.0,4621.0,6574.0,2943.0,1669.0,475.0,199.0,KADRA,150.0,0.0
2026-05-07T13:18:53,07/05/2026 13:15,50.05,16736.0,4621.0,6574.0,2943.0,1669.0,475.0,199.0,GERUSOPPA,240.0,0.0
2026-05-07T13:18:53,07/05/2026 13:15,50.05,16736.0,4621.0,6574.0,2943.0,1669.0,475.0,199.0,JOG,139.2,72.0
2026-05-07T13:18:53,07/05/2026 13:15,50.05,16736.0,4621.0,6574.0,2943.0,1669.0,475.0,199.0,LPH,55.0,12.0
2026-05-07T13:18:53,07/05/2026 13:15,50.05,16736.0,4621.0,6574.0,2943.0,1669.0,475.0,199.0,SUPA,100.0,74.0
2026-05-07T13:18:53,07/05/2026 13:15,50.05,16736.0,4621.0,6574.0,2943.0,1669.0,475.0,199.0,SHIMSHA,17.2,0.0
2026-05-07T13:18:53,07/05/2026 13:15,50.05,16736.0,4621.0,6574.0,2943.0,1669.0,475.0,199.0,SHIVASAMUDRA,42.0,0.0
2026-05-07T13:18:53,07/05/2026 13:15,50.05,16736.0,4621.0,6574.0,2943.0,1669.0,475.0,199.0,MANIDAM,9.0,2.0
2026-05-07T13:18:53,07/05/2026 13:15,50.05,16736.0,4621.0,6574.0,2943.0,1669.0,475.0,199.0,MUNRABAD,38.0,0.0
2026-05-07T13:18:53,07/05/2026 13:15,50.05,16736.0,4621.0,6574.0,2943.0,1669.0,475.0,199.0,BHADRA,39.2,0.0
2026-05-07T13:18:53,07/05/2026 13:15,50.05,16736.0,4621.0,6574.0,2943.0,1669.0,475.0,199.0,GHATAPRABHA,32.0,0.0
2026-05-07T13:18:53,07/05/2026 13:15,50.05,16736.0,4621.0,6574.0,2943.0,1669.0,475.0,199.0,ALMATTI,290.0,0.0
2026-05-07T13:18:53,07/05/2026 13:15,50.05,16736.0,4621.0,6574.0,2943.0,1669.0,475.0,199.0,JINDAL,1460.0,273.0
2026-05-07T13:18:53,07/05/2026 13:15,50.05,16736.0,4621.0,6574.0,2943.0,1669.0,475.0,199.0,UPCL,1200.0,475.0
2026-05-07T13:18:53,07/05/2026 13:15,50.05,16736.0,4621.0,6574.0,2943.0,1669.0,475.0,199.0,YCCP,370.0,0.0
2026-05-07T13:21:49,07/05/2026 13:15,50.05,16736.0,4621.0,6574.0,2943.0,1669.0,475.0,199.0,RTPS,1720.0,900.0
2026-05-07T13:21:49,07/05/2026 13:15,50.05,16736.0,4621.0,6574.0,2943.0,1669.0,475.0,199.0,BTPS,1700.0,1465.0
2026-05-07T13:21:49,07/05/2026 13:15,50.05,16736.0,4621.0,6574.0,2943.0,1669.0,475.0,199.0,YTPS,1600.0,578.0
2026-05-07T13:21:49,07/05/2026 13:15,50.05,16736.0,4621.0,6574.0,2943.0,1669.0,475.0,199.0,SHARAVATHI,1035.0,768.0
2026-05-07T13:21:49,07/05/2026 13:15,50.05,16736.0,4621.0,6574.0,2943.0,1669.0,475.0,199.0,NAGJHARI,900.0,625.0
2026-05-07T13:21:49,07/05/2026 13:15,50.05,16736.0,4621.0,6574.0,2943.0,1669.0,475.0,199.0,VARAHI,460.0,276.0
2026-05-07T13:21:49,07/05/2026 13:15,50.05,16736.0,4621.0,6574.0,2943.0,1669.0,475.0,199.0,KODSALLI,120.0,39.0
2026-05-07T13:21:49,07/05/2026 13:15,50.05,16736.0,4621.0,6574.0,2943.0,1669.0,475.0,199.0,KADRA,150.0,0.0
2026-05-07T13:21:49,07/05/2026 13:15,50.05,16736.0,4621.0,6574.0,2943.0,1669.0,475.0,199.0,GERUSOPPA,240.0,0.0
2026-05-07T13:21:49,07/05/2026 13:15,50.05,16736.0,4621.0,6574.0,2943.0,1669.0,475.0,199.0,JOG,139.2,72.0
2026-05-07T13:21:49,07/05/2026 13:15,50.05,16736.0,4621.0,6574.0,2943.0,1669.0,475.0,199.0,LPH,55.0,12.0
2026-05-07T13:21:49,07/05/2026 13:15,50.05,16736.0,4621.0,6574.0,2943.0,1669.0,475.0,199.0,SUPA,100.0,74.0
2026-05-07T13:21:49,07/05/2026 13:15,50.05,16736.0,4621.0,6574.0,2943.0,1669.0,475.0,199.0,SHIMSHA,17.2,0.0
2026-05-07T13:21:49,07/05/2026 13:15,50.05,16736.0,4621.0,6574.0,2943.0,1669.0,475.0,199.0,SHIVASAMUDRA,42.0,0.0
2026-05-07T13:21:49,07/05/2026 13:15,50.05,16736.0,4621.0,6574.0,2943.0,1669.0,475.0,199.0,MANIDAM,9.0,2.0
2026-05-07T13:21:49,07/05/2026 13:15,50.05,16736.0,4621.0,6574.0,2943.0,1669.0,475.0,199.0,MUNRABAD,38.0,0.0
2026-05-07T13:21:49,07/05/2026 13:15,50.05,16736.0,4621.0,6574.0,2943.0,1669.0,475.0,199.0,BHADRA,39.2,0.0
2026-05-07T13:21:49,07/05/2026 13:15,50.05,16736.0,4621.0,6574.0,2943.0,1669.0,475.0,199.0,GHATAPRABHA,32.0,0.0
2026-05-07T13:21:49,07/05/2026 13:15,50.05,16736.0,4621.0,6574.0,2943.0,1669.0,475.0,199.0,ALMATTI,290.0,0.0
2026-05-07T13:21:49,07/05/2026 13:15,50.05,16736.0,4621.0,6574.0,2943.0,1669.0,475.0,199.0,JINDAL,1460.0,273.0
2026-05-07T13:21:49,07/05/2026 13:15,50.05,16736.0,4621.0,6574.0,2943.0,1669.0,475.0,199.0,UPCL,1200.0,475.0
2026-05-07T13:21:49,07/05/2026 13:15,50.05,16736.0,4621.0,6574.0,2943.0,1669.0,475.0,199.0,YCCP,370.0,0.0
2026-05-07T13:24:54,07/05/2026 13:20,49.99,16820.0,4720.0,6611.0,2937.0,1660.0,476.0,200.0,RTPS,1720.0,901.0
2026-05-07T13:24:54,07/05/2026 13:20,49.99,16820.0,4720.0,6611.0,2937.0,1660.0,476.0,200.0,BTPS,1700.0,1460.0
2026-05-07T13:24:54,07/05/2026 13:20,49.99,16820.0,4720.0,6611.0,2937.0,1660.0,476.0,200.0,YTPS,1600.0,576.0
2026-05-07T13:24:54,07/05/2026 13:20,49.99,16820.0,4720.0,6611.0,2937.0,1660.0,476.0,200.0,SHARAVATHI,1035.0,760.0
2026-05-07T13:24:54,07/05/2026 13:20,49.99,16820.0,4720.0,6611.0,2937.0,1660.0,476.0,200.0,NAGJHARI,900.0,624.0
2026-05-07T13:24:54,07/05/2026 13:20,49.99,16820.0,4720.0,6611.0,2937.0,1660.0,476.0,200.0,VARAHI,460.0,276.0
2026-05-07T13:24:54,07/05/2026 13:20,49.99,16820.0,4720.0,6611.0,2937.0,1660.0,476.0,200.0,KODSALLI,120.0,39.0
2026-05-07T13:24:54,07/05/2026 13:20,49.99,16820.0,4720.0,6611.0,2937.0,1660.0,476.0,200.0,KADRA,150.0,0.0
2026-05-07T13:24:54,07/05/2026 13:20,49.99,16820.0,4720.0,6611.0,2937.0,1660.0,476.0,200.0,GERUSOPPA,240.0,0.0
2026-05-07T13:24:54,07/05/2026 13:20,49.99,16820.0,4720.0,6611.0,2937.0,1660.0,476.0,200.0,JOG,139.2,72.0
2026-05-07T13:24:54,07/05/2026 13:20,49.99,16820.0,4720.0,6611.0,2937.0,1660.0,476.0,200.0,LPH,55.0,13.0
2026-05-07T13:24:54,07/05/2026 13:20,49.99,16820.0,4720.0,6611.0,2937.0,1660.0,476.0,200.0,SUPA,100.0,74.0
2026-05-07T13:24:54,07/05/2026 13:20,49.99,16820.0,4720.0,6611.0,2937.0,1660.0,476.0,200.0,SHIMSHA,17.2,0.0
2026-05-07T13:24:54,07/05/2026 13:20,49.99,16820.0,4720.0,6611.0,2937.0,1660.0,476.0,200.0,SHIVASAMUDRA,42.0,0.0
2026-05-07T13:24:54,07/05/2026 13:20,49.99,16820.0,4720.0,6611.0,2937.0,1660.0,476.0,200.0,MANIDAM,9.0,2.0
2026-05-07T13:24:54,07/05/2026 13:20,49.99,16820.0,4720.0,6611.0,2937.0,1660.0,476.0,200.0,MUNRABAD,38.0,0.0
2026-05-07T13:24:54,07/05/2026 13:20,49.99,16820.0,4720.0,6611.0,2937.0,1660.0,476.0,200.0,BHADRA,39.2,0.0
2026-05-07T13:24:54,07/05/2026 13:20,49.99,16820.0,4720.0,6611.0,2937.0,1660.0,476.0,200.0,GHATAPRABHA,32.0,0.0
2026-05-07T13:24:54,07/05/2026 13:20,49.99,16820.0,4720.0,6611.0,2937.0,1660.0,476.0,200.0,ALMATTI,290.0,0.0
2026-05-07T13:24:54,07/05/2026 13:20,49.99,16820.0,4720.0,6611.0,2937.0,1660.0,476.0,200.0,JINDAL,1460.0,201.0
2026-05-07T13:24:54,07/05/2026 13:20,49.99,16820.0,4720.0,6611.0,2937.0,1660.0,476.0,200.0,UPCL,1200.0,476.0
2026-05-07T13:24:54,07/05/2026 13:20,49.99,16820.0,4720.0,6611.0,2937.0,1660.0,476.0,200.0,YCCP,370.0,0.0
2026-05-07T13:31:39,07/05/2026 13:25,50.02,16850.0,4665.0,6668.0,2935.0,1657.0,478.0,198.0,RTPS,1720.0,906.0
2026-05-07T13:31:39,07/05/2026 13:25,50.02,16850.0,4665.0,6668.0,2935.0,1657.0,478.0,198.0,BTPS,1700.0,1451.0
2026-05-07T13:31:39,07/05/2026 13:25,50.02,16850.0,4665.0,6668.0,2935.0,1657.0,478.0,198.0,YTPS,1600.0,578.0
2026-05-07T13:31:39,07/05/2026 13:25,50.02,16850.0,4665.0,6668.0,2935.0,1657.0,478.0,198.0,SHARAVATHI,1035.0,758.0
2026-05-07T13:31:39,07/05/2026 13:25,50.02,16850.0,4665.0,6668.0,2935.0,1657.0,478.0,198.0,NAGJHARI,900.0,623.0
2026-05-07T13:31:39,07/05/2026 13:25,50.02,16850.0,4665.0,6668.0,2935.0,1657.0,478.0,198.0,VARAHI,460.0,276.0
2026-05-07T13:31:39,07/05/2026 13:25,50.02,16850.0,4665.0,6668.0,2935.0,1657.0,478.0,198.0,KODSALLI,120.0,39.0
2026-05-07T13:31:39,07/05/2026 13:25,50.02,16850.0,4665.0,6668.0,2935.0,1657.0,478.0,198.0,KADRA,150.0,0.0
2026-05-07T13:31:39,07/05/2026 13:25,50.02,16850.0,4665.0,6668.0,2935.0,1657.0,478.0,198.0,GERUSOPPA,240.0,0.0
2026-05-07T13:31:39,07/05/2026 13:25,50.02,16850.0,4665.0,6668.0,2935.0,1657.0,478.0,198.0,JOG,139.2,72.0
2026-05-07T13:31:39,07/05/2026 13:25,50.02,16850.0,4665.0,6668.0,2935.0,1657.0,478.0,198.0,LPH,55.0,12.0
2026-05-07T13:31:39,07/05/2026 13:25,50.02,16850.0,4665.0,6668.0,2935.0,1657.0,478.0,198.0,SUPA,100.0,74.0
2026-05-07T13:31:39,07/05/2026 13:25,50.02,16850.0,4665.0,6668.0,2935.0,1657.0,478.0,198.0,SHIMSHA,17.2,0.0
2026-05-07T13:31:39,07/05/2026 13:25,50.02,16850.0,4665.0,6668.0,2935.0,1657.0,478.0,198.0,SHIVASAMUDRA,42.0,0.0
2026-05-07T13:31:39,07/05/2026 13:25,50.02,16850.0,4665.0,6668.0,2935.0,1657.0,478.0,198.0,MANIDAM,9.0,1.0
2026-05-07T13:31:39,07/05/2026 13:25,50.02,16850.0,4665.0,6668.0,2935.0,1657.0,478.0,198.0,MUNRABAD,38.0,0.0
2026-05-07T13:31:39,07/05/2026 13:25,50.02,16850.0,4665.0,6668.0,2935.0,1657.0,478.0,198.0,BHADRA,39.2,0.0
2026-05-07T13:31:39,07/05/2026 13:25,50.02,16850.0,4665.0,6668.0,2935.0,1657.0,478.0,198.0,GHATAPRABHA,32.0,0.0
2026-05-07T13:31:39,07/05/2026 13:25,50.02,16850.0,4665.0,6668.0,2935.0,1657.0,478.0,198.0,ALMATTI,290.0,0.0
2026-05-07T13:31:39,07/05/2026 13:25,50.02,16850.0,4665.0,6668.0,2935.0,1657.0,478.0,198.0,JINDAL,1460.0,232.0
2026-05-07T13:31:39,07/05/2026 13:25,50.02,16850.0,4665.0,6668.0,2935.0,1657.0,478.0,198.0,UPCL,1200.0,478.0
2026-05-07T13:31:39,07/05/2026 13:25,50.02,16850.0,4665.0,6668.0,2935.0,1657.0,478.0,198.0,YCCP,370.0,0.0
2026-05-07T13:32:37,07/05/2026 13:25,50.02,16850.0,4665.0,6668.0,2935.0,1657.0,478.0,198.0,RTPS,1720.0,906.0
2026-05-07T13:32:37,07/05/2026 13:25,50.02,16850.0,4665.0,6668.0,2935.0,1657.0,478.0,198.0,BTPS,1700.0,1451.0
2026-05-07T13:32:37,07/05/2026 13:25,50.02,16850.0,4665.0,6668.0,2935.0,1657.0,478.0,198.0,YTPS,1600.0,578.0
2026-05-07T13:32:37,07/05/2026 13:25,50.02,16850.0,4665.0,6668.0,2935.0,1657.0,478.0,198.0,SHARAVATHI,1035.0,758.0
2026-05-07T13:32:37,07/05/2026 13:25,50.02,16850.0,4665.0,6668.0,2935.0,1657.0,478.0,198.0,NAGJHARI,900.0,623.0
2026-05-07T13:32:37,07/05/2026 13:25,50.02,16850.0,4665.0,6668.0,2935.0,1657.0,478.0,198.0,VARAHI,460.0,276.0
2026-05-07T13:32:37,07/05/2026 13:25,50.02,16850.0,4665.0,6668.0,2935.0,1657.0,478.0,198.0,KODSALLI,120.0,39.0
2026-05-07T13:32:37,07/05/2026 13:25,50.02,16850.0,4665.0,6668.0,2935.0,1657.0,478.0,198.0,KADRA,150.0,0.0
2026-05-07T13:32:37,07/05/2026 13:25,50.02,16850.0,4665.0,6668.0,2935.0,1657.0,478.0,198.0,GERUSOPPA,240.0,0.0
2026-05-07T13:32:37,07/05/2026 13:25,50.02,16850.0,4665.0,6668.0,2935.0,1657.0,478.0,198.0,JOG,139.2,72.0
2026-05-07T13:32:37,07/05/2026 13:25,50.02,16850.0,4665.0,6668.0,2935.0,1657.0,478.0,198.0,LPH,55.0,12.0
2026-05-07T13:32:37,07/05/2026 13:25,50.02,16850.0,4665.0,6668.0,2935.0,1657.0,478.0,198.0,SUPA,100.0,74.0
2026-05-07T13:32:37,07/05/2026 13:25,50.02,16850.0,4665.0,6668.0,2935.0,1657.0,478.0,198.0,SHIMSHA,17.2,0.0
2026-05-07T13:32:37,07/05/2026 13:25,50.02,16850.0,4665.0,6668.0,2935.0,1657.0,478.0,198.0,SHIVASAMUDRA,42.0,0.0
2026-05-07T13:32:37,07/05/2026 13:25,50.02,16850.0,4665.0,6668.0,2935.0,1657.0,478.0,198.0,MANIDAM,9.0,1.0
2026-05-07T13:32:37,07/05/2026 13:25,50.02,16850.0,4665.0,6668.0,2935.0,1657.0,478.0,198.0,MUNRABAD,38.0,0.0
2026-05-07T13:32:37,07/05/2026 13:25,50.02,16850.0,4665.0,6668.0,2935.0,1657.0,478.0,198.0,BHADRA,39.2,0.0
2026-05-07T13:32:37,07/05/2026 13:25,50.02,16850.0,4665.0,6668.0,2935.0,1657.0,478.0,198.0,GHATAPRABHA,32.0,0.0
2026-05-07T13:32:37,07/05/2026 13:25,50.02,16850.0,4665.0,6668.0,2935.0,1657.0,478.0,198.0,ALMATTI,290.0,0.0
2026-05-07T13:32:37,07/05/2026 13:25,50.02,16850.0,4665.0,6668.0,2935.0,1657.0,478.0,198.0,JINDAL,1460.0,232.0
2026-05-07T13:32:37,07/05/2026 13:25,50.02,16850.0,4665.0,6668.0,2935.0,1657.0,478.0,198.0,UPCL,1200.0,478.0
2026-05-07T13:32:37,07/05/2026 13:25,50.02,16850.0,4665.0,6668.0,2935.0,1657.0,478.0,198.0,YCCP,370.0,0.0
2026-05-07T13:33:37,07/05/2026 13:25,50.02,16850.0,4665.0,6668.0,2935.0,1657.0,478.0,198.0,RTPS,1720.0,906.0
2026-05-07T13:33:37,07/05/2026 13:25,50.02,16850.0,4665.0,6668.0,2935.0,1657.0,478.0,198.0,BTPS,1700.0,1451.0
2026-05-07T13:33:37,07/05/2026 13:25,50.02,16850.0,4665.0,6668.0,2935.0,1657.0,478.0,198.0,YTPS,1600.0,578.0
2026-05-07T13:33:37,07/05/2026 13:25,50.02,16850.0,4665.0,6668.0,2935.0,1657.0,478.0,198.0,SHARAVATHI,1035.0,758.0
2026-05-07T13:33:37,07/05/2026 13:25,50.02,16850.0,4665.0,6668.0,2935.0,1657.0,478.0,198.0,NAGJHARI,900.0,623.0
2026-05-07T13:33:37,07/05/2026 13:25,50.02,16850.0,4665.0,6668.0,2935.0,1657.0,478.0,198.0,VARAHI,460.0,276.0
2026-05-07T13:33:37,07/05/2026 13:25,50.02,16850.0,4665.0,6668.0,2935.0,1657.0,478.0,198.0,KODSALLI,120.0,39.0
2026-05-07T13:33:37,07/05/2026 13:25,50.02,16850.0,4665.0,6668.0,2935.0,1657.0,478.0,198.0,KADRA,150.0,0.0
2026-05-07T13:33:37,07/05/2026 13:25,50.02,16850.0,4665.0,6668.0,2935.0,1657.0,478.0,198.0,GERUSOPPA,240.0,0.0
2026-05-07T13:33:37,07/05/2026 13:25,50.02,16850.0,4665.0,6668.0,2935.0,1657.0,478.0,198.0,JOG,139.2,72.0
2026-05-07T13:33:37,07/05/2026 13:25,50.02,16850.0,4665.0,6668.0,2935.0,1657.0,478.0,198.0,LPH,55.0,12.0
2026-05-07T13:33:37,07/05/2026 13:25,50.02,16850.0,4665.0,6668.0,2935.0,1657.0,478.0,198.0,SUPA,100.0,74.0
2026-05-07T13:33:37,07/05/2026 13:25,50.02,16850.0,4665.0,6668.0,2935.0,1657.0,478.0,198.0,SHIMSHA,17.2,0.0
2026-05-07T13:33:37,07/05/2026 13:25,50.02,16850.0,4665.0,6668.0,2935.0,1657.0,478.0,198.0,SHIVASAMUDRA,42.0,0.0
2026-05-07T13:33:37,07/05/2026 13:25,50.02,16850.0,4665.0,6668.0,2935.0,1657.0,478.0,198.0,MANIDAM,9.0,1.0
2026-05-07T13:33:37,07/05/2026 13:25,50.02,16850.0,4665.0,6668.0,2935.0,1657.0,478.0,198.0,MUNRABAD,38.0,0.0
2026-05-07T13:33:37,07/05/2026 13:25,50.02,16850.0,4665.0,6668.0,2935.0,1657.0,478.0,198.0,BHADRA,39.2,0.0
2026-05-07T13:33:37,07/05/2026 13:25,50.02,16850.0,4665.0,6668.0,2935.0,1657.0,478.0,198.0,GHATAPRABHA,32.0,0.0
2026-05-07T13:33:37,07/05/2026 13:25,50.02,16850.0,4665.0,6668.0,2935.0,1657.0,478.0,198.0,ALMATTI,290.0,0.0
2026-05-07T13:33:37,07/05/2026 13:25,50.02,16850.0,4665.0,6668.0,2935.0,1657.0,478.0,198.0,JINDAL,1460.0,232.0
2026-05-07T13:33:37,07/05/2026 13:25,50.02,16850.0,4665.0,6668.0,2935.0,1657.0,478.0,198.0,UPCL,1200.0,478.0
2026-05-07T13:33:37,07/05/2026 13:25,50.02,16850.0,4665.0,6668.0,2935.0,1657.0,478.0,198.0,YCCP,370.0,0.0
2026-05-07T13:34:37,07/05/2026 13:30,50.05,16768.0,4548.0,6739.0,2939.0,1658.0,479.0,200.0,RTPS,1720.0,898.0
2026-05-07T13:34:37,07/05/2026 13:30,50.05,16768.0,4548.0,6739.0,2939.0,1658.0,479.0,200.0,BTPS,1700.0,1463.0
2026-05-07T13:34:37,07/05/2026 13:30,50.05,16768.0,4548.0,6739.0,2939.0,1658.0,479.0,200.0,YTPS,1600.0,578.0
2026-05-07T13:34:37,07/05/2026 13:30,50.05,16768.0,4548.0,6739.0,2939.0,1658.0,479.0,200.0,SHARAVATHI,1035.0,759.0
2026-05-07T13:34:37,07/05/2026 13:30,50.05,16768.0,4548.0,6739.0,2939.0,1658.0,479.0,200.0,NAGJHARI,900.0,623.0
2026-05-07T13:34:37,07/05/2026 13:30,50.05,16768.0,4548.0,6739.0,2939.0,1658.0,479.0,200.0,VARAHI,460.0,276.0
2026-05-07T13:34:37,07/05/2026 13:30,50.05,16768.0,4548.0,6739.0,2939.0,1658.0,479.0,200.0,KODSALLI,120.0,39.0
2026-05-07T13:34:37,07/05/2026 13:30,50.05,16768.0,4548.0,6739.0,2939.0,1658.0,479.0,200.0,KADRA,150.0,0.0
2026-05-07T13:34:37,07/05/2026 13:30,50.05,16768.0,4548.0,6739.0,2939.0,1658.0,479.0,200.0,GERUSOPPA,240.0,0.0
2026-05-07T13:34:37,07/05/2026 13:30,50.05,16768.0,4548.0,6739.0,2939.0,1658.0,479.0,200.0,JOG,139.2,72.0
2026-05-07T13:34:37,07/05/2026 13:30,50.05,16768.0,4548.0,6739.0,2939.0,1658.0,479.0,200.0,LPH,55.0,13.0
2026-05-07T13:34:37,07/05/2026 13:30,50.05,16768.0,4548.0,6739.0,2939.0,1658.0,479.0,200.0,SUPA,100.0,74.0
2026-05-07T13:34:37,07/05/2026 13:30,50.05,16768.0,4548.0,6739.0,2939.0,1658.0,479.0,200.0,SHIMSHA,17.2,0.0
2026-05-07T13:34:37,07/05/2026 13:30,50.05,16768.0,4548.0,6739.0,2939.0,1658.0,479.0,200.0,SHIVASAMUDRA,42.0,0.0
2026-05-07T13:34:37,07/05/2026 13:30,50.05,16768.0,4548.0,6739.0,2939.0,1658.0,479.0,200.0,MANIDAM,9.0,2.0
2026-05-07T13:34:37,07/05/2026 13:30,50.05,16768.0,4548.0,6739.0,2939.0,1658.0,479.0,200.0,MUNRABAD,38.0,0.0
2026-05-07T13:34:37,07/05/2026 13:30,50.05,16768.0,4548.0,6739.0,2939.0,1658.0,479.0,200.0,BHADRA,39.2,0.0
2026-05-07T13:34:37,07/05/2026 13:30,50.05,16768.0,4548.0,6739.0,2939.0,1658.0,479.0,200.0,GHATAPRABHA,32.0,0.0
2026-05-07T13:34:37,07/05/2026 13:30,50.05,16768.0,4548.0,6739.0,2939.0,1658.0,479.0,200.0,ALMATTI,290.0,0.0
2026-05-07T13:34:37,07/05/2026 13:30,50.05,16768.0,4548.0,6739.0,2939.0,1658.0,479.0,200.0,JINDAL,1460.0,187.0
2026-05-07T13:34:37,07/05/2026 13:30,50.05,16768.0,4548.0,6739.0,2939.0,1658.0,479.0,200.0,UPCL,1200.0,479.0
2026-05-07T13:34:37,07/05/2026 13:30,50.05,16768.0,4548.0,6739.0,2939.0,1658.0,479.0,200.0,YCCP,370.0,0.0
2026-05-07T13:35:37,07/05/2026 13:30,50.05,16768.0,4548.0,6739.0,2939.0,1658.0,479.0,200.0,RTPS,1720.0,898.0
2026-05-07T13:35:37,07/05/2026 13:30,50.05,16768.0,4548.0,6739.0,2939.0,1658.0,479.0,200.0,BTPS,1700.0,1463.0
2026-05-07T13:35:37,07/05/2026 13:30,50.05,16768.0,4548.0,6739.0,2939.0,1658.0,479.0,200.0,YTPS,1600.0,578.0
2026-05-07T13:35:37,07/05/2026 13:30,50.05,16768.0,4548.0,6739.0,2939.0,1658.0,479.0,200.0,SHARAVATHI,1035.0,759.0
2026-05-07T13:35:37,07/05/2026 13:30,50.05,16768.0,4548.0,6739.0,2939.0,1658.0,479.0,200.0,NAGJHARI,900.0,623.0
2026-05-07T13:35:37,07/05/2026 13:30,50.05,16768.0,4548.0,6739.0,2939.0,1658.0,479.0,200.0,VARAHI,460.0,276.0
2026-05-07T13:35:37,07/05/2026 13:30,50.05,16768.0,4548.0,6739.0,2939.0,1658.0,479.0,200.0,KODSALLI,120.0,39.0
2026-05-07T13:35:37,07/05/2026 13:30,50.05,16768.0,4548.0,6739.0,2939.0,1658.0,479.0,200.0,KADRA,150.0,0.0
2026-05-07T13:35:37,07/05/2026 13:30,50.05,16768.0,4548.0,6739.0,2939.0,1658.0,479.0,200.0,GERUSOPPA,240.0,0.0
2026-05-07T13:35:37,07/05/2026 13:30,50.05,16768.0,4548.0,6739.0,2939.0,1658.0,479.0,200.0,JOG,139.2,72.0
2026-05-07T13:35:37,07/05/2026 13:30,50.05,16768.0,4548.0,6739.0,2939.0,1658.0,479.0,200.0,LPH,55.0,13.0
2026-05-07T13:35:37,07/05/2026 13:30,50.05,16768.0,4548.0,6739.0,2939.0,1658.0,479.0,200.0,SUPA,100.0,74.0
2026-05-07T13:35:37,07/05/2026 13:30,50.05,16768.0,4548.0,6739.0,2939.0,1658.0,479.0,200.0,SHIMSHA,17.2,0.0
2026-05-07T13:35:37,07/05/2026 13:30,50.05,16768.0,4548.0,6739.0,2939.0,1658.0,479.0,200.0,SHIVASAMUDRA,42.0,0.0
2026-05-07T13:35:37,07/05/2026 13:30,50.05,16768.0,4548.0,6739.0,2939.0,1658.0,479.0,200.0,MANIDAM,9.0,2.0
2026-05-07T13:35:37,07/05/2026 13:30,50.05,16768.0,4548.0,6739.0,2939.0,1658.0,479.0,200.0,MUNRABAD,38.0,0.0
2026-05-07T13:35:37,07/05/2026 13:30,50.05,16768.0,4548.0,6739.0,2939.0,1658.0,479.0,200.0,BHADRA,39.2,0.0
2026-05-07T13:35:37,07/05/2026 13:30,50.05,16768.0,4548.0,6739.0,2939.0,1658.0,479.0,200.0,GHATAPRABHA,32.0,0.0
2026-05-07T13:35:37,07/05/2026 13:30,50.05,16768.0,4548.0,6739.0,2939.0,1658.0,479.0,200.0,ALMATTI,290.0,0.0
2026-05-07T13:35:37,07/05/2026 13:30,50.05,16768.0,4548.0,6739.0,2939.0,1658.0,479.0,200.0,JINDAL,1460.0,187.0
2026-05-07T13:35:37,07/05/2026 13:30,50.05,16768.0,4548.0,6739.0,2939.0,1658.0,479.0,200.0,UPCL,1200.0,479.0
2026-05-07T13:35:37,07/05/2026 13:30,50.05,16768.0,4548.0,6739.0,2939.0,1658.0,479.0,200.0,YCCP,370.0,0.0
2026-05-07T13:36:37,07/05/2026 13:30,50.05,16768.0,4548.0,6739.0,2939.0,1658.0,479.0,200.0,RTPS,1720.0,898.0
2026-05-07T13:36:37,07/05/2026 13:30,50.05,16768.0,4548.0,6739.0,2939.0,1658.0,479.0,200.0,BTPS,1700.0,1463.0
2026-05-07T13:36:37,07/05/2026 13:30,50.05,16768.0,4548.0,6739.0,2939.0,1658.0,479.0,200.0,YTPS,1600.0,578.0
2026-05-07T13:36:37,07/05/2026 13:30,50.05,16768.0,4548.0,6739.0,2939.0,1658.0,479.0,200.0,SHARAVATHI,1035.0,759.0
2026-05-07T13:36:37,07/05/2026 13:30,50.05,16768.0,4548.0,6739.0,2939.0,1658.0,479.0,200.0,NAGJHARI,900.0,623.0
2026-05-07T13:36:37,07/05/2026 13:30,50.05,16768.0,4548.0,6739.0,2939.0,1658.0,479.0,200.0,VARAHI,460.0,276.0
2026-05-07T13:36:37,07/05/2026 13:30,50.05,16768.0,4548.0,6739.0,2939.0,1658.0,479.0,200.0,KODSALLI,120.0,39.0
2026-05-07T13:36:37,07/05/2026 13:30,50.05,16768.0,4548.0,6739.0,2939.0,1658.0,479.0,200.0,KADRA,150.0,0.0
2026-05-07T13:36:37,07/05/2026 13:30,50.05,16768.0,4548.0,6739.0,2939.0,1658.0,479.0,200.0,GERUSOPPA,240.0,0.0
2026-05-07T13:36:37,07/05/2026 13:30,50.05,16768.0,4548.0,6739.0,2939.0,1658.0,479.0,200.0,JOG,139.2,72.0
2026-05-07T13:36:37,07/05/2026 13:30,50.05,16768.0,4548.0,6739.0,2939.0,1658.0,479.0,200.0,LPH,55.0,13.0
2026-05-07T13:36:37,07/05/2026 13:30,50.05,16768.0,4548.0,6739.0,2939.0,1658.0,479.0,200.0,SUPA,100.0,74.0
2026-05-07T13:36:37,07/05/2026 13:30,50.05,16768.0,4548.0,6739.0,2939.0,1658.0,479.0,200.0,SHIMSHA,17.2,0.0
2026-05-07T13:36:37,07/05/2026 13:30,50.05,16768.0,4548.0,6739.0,2939.0,1658.0,479.0,200.0,SHIVASAMUDRA,42.0,0.0
2026-05-07T13:36:37,07/05/2026 13:30,50.05,16768.0,4548.0,6739.0,2939.0,1658.0,479.0,200.0,MANIDAM,9.0,2.0
2026-05-07T13:36:37,07/05/2026 13:30,50.05,16768.0,4548.0,6739.0,2939.0,1658.0,479.0,200.0,MUNRABAD,38.0,0.0
2026-05-07T13:36:37,07/05/2026 13:30,50.05,16768.0,4548.0,6739.0,2939.0,1658.0,479.0,200.0,BHADRA,39.2,0.0
2026-05-07T13:36:37,07/05/2026 13:30,50.05,16768.0,4548.0,6739.0,2939.0,1658.0,479.0,200.0,GHATAPRABHA,32.0,0.0
2026-05-07T13:36:37,07/05/2026 13:30,50.05,16768.0,4548.0,6739.0,2939.0,1658.0,479.0,200.0,ALMATTI,290.0,0.0
2026-05-07T13:36:37,07/05/2026 13:30,50.05,16768.0,4548.0,6739.0,2939.0,1658.0,479.0,200.0,JINDAL,1460.0,187.0
2026-05-07T13:36:37,07/05/2026 13:30,50.05,16768.0,4548.0,6739.0,2939.0,1658.0,479.0,200.0,UPCL,1200.0,479.0
2026-05-07T13:36:37,07/05/2026 13:30,50.05,16768.0,4548.0,6739.0,2939.0,1658.0,479.0,200.0,YCCP,370.0,0.0
2026-05-07T13:37:37,07/05/2026 13:30,50.05,16768.0,4548.0,6739.0,2939.0,1658.0,479.0,200.0,RTPS,1720.0,898.0
2026-05-07T13:37:37,07/05/2026 13:30,50.05,16768.0,4548.0,6739.0,2939.0,1658.0,479.0,200.0,BTPS,1700.0,1463.0
2026-05-07T13:37:37,07/05/2026 13:30,50.05,16768.0,4548.0,6739.0,2939.0,1658.0,479.0,200.0,YTPS,1600.0,578.0
2026-05-07T13:37:37,07/05/2026 13:30,50.05,16768.0,4548.0,6739.0,2939.0,1658.0,479.0,200.0,SHARAVATHI,1035.0,759.0
2026-05-07T13:37:37,07/05/2026 13:30,50.05,16768.0,4548.0,6739.0,2939.0,1658.0,479.0,200.0,NAGJHARI,900.0,623.0
2026-05-07T13:37:37,07/05/2026 13:30,50.05,16768.0,4548.0,6739.0,2939.0,1658.0,479.0,200.0,VARAHI,460.0,276.0
2026-05-07T13:37:37,07/05/2026 13:30,50.05,16768.0,4548.0,6739.0,2939.0,1658.0,479.0,200.0,KODSALLI,120.0,39.0
2026-05-07T13:37:37,07/05/2026 13:30,50.05,16768.0,4548.0,6739.0,2939.0,1658.0,479.0,200.0,KADRA,150.0,0.0
2026-05-07T13:37:37,07/05/2026 13:30,50.05,16768.0,4548.0,6739.0,2939.0,1658.0,479.0,200.0,GERUSOPPA,240.0,0.0
2026-05-07T13:37:37,07/05/2026 13:30,50.05,16768.0,4548.0,6739.0,2939.0,1658.0,479.0,200.0,JOG,139.2,72.0
2026-05-07T13:37:37,07/05/2026 13:30,50.05,16768.0,4548.0,6739.0,2939.0,1658.0,479.0,200.0,LPH,55.0,13.0
2026-05-07T13:37:37,07/05/2026 13:30,50.05,16768.0,4548.0,6739.0,2939.0,1658.0,479.0,200.0,SUPA,100.0,74.0
2026-05-07T13:37:37,07/05/2026 13:30,50.05,16768.0,4548.0,6739.0,2939.0,1658.0,479.0,200.0,SHIMSHA,17.2,0.0
2026-05-07T13:37:37,07/05/2026 13:30,50.05,16768.0,4548.0,6739.0,2939.0,1658.0,479.0,200.0,SHIVASAMUDRA,42.0,0.0
2026-05-07T13:37:37,07/05/2026 13:30,50.05,16768.0,4548.0,6739.0,2939.0,1658.0,479.0,200.0,MANIDAM,9.0,2.0
2026-05-07T13:37:37,07/05/2026 13:30,50.05,16768.0,4548.0,6739.0,2939.0,1658.0,479.0,200.0,MUNRABAD,38.0,0.0
2026-05-07T13:37:37,07/05/2026 13:30,50.05,16768.0,4548.0,6739.0,2939.0,1658.0,479.0,200.0,BHADRA,39.2,0.0
2026-05-07T13:37:37,07/05/2026 13:30,50.05,16768.0,4548.0,6739.0,2939.0,1658.0,479.0,200.0,GHATAPRABHA,32.0,0.0
2026-05-07T13:37:37,07/05/2026 13:30,50.05,16768.0,4548.0,6739.0,2939.0,1658.0,479.0,200.0,ALMATTI,290.0,0.0
2026-05-07T13:37:37,07/05/2026 13:30,50.05,16768.0,4548.0,6739.0,2939.0,1658.0,479.0,200.0,JINDAL,1460.0,187.0
2026-05-07T13:37:37,07/05/2026 13:30,50.05,16768.0,4548.0,6739.0,2939.0,1658.0,479.0,200.0,UPCL,1200.0,479.0
2026-05-07T13:37:37,07/05/2026 13:30,50.05,16768.0,4548.0,6739.0,2939.0,1658.0,479.0,200.0,YCCP,370.0,0.0
2026-05-07T13:38:58,07/05/2026 13:35,50.08,16732.0,4567.0,6791.0,2914.0,1641.0,480.0,199.0,RTPS,1720.0,881.0
2026-05-07T13:38:58,07/05/2026 13:35,50.08,16732.0,4567.0,6791.0,2914.0,1641.0,480.0,199.0,BTPS,1700.0,1455.0
2026-05-07T13:38:58,07/05/2026 13:35,50.08,16732.0,4567.0,6791.0,2914.0,1641.0,480.0,199.0,YTPS,1600.0,578.0
2026-05-07T13:38:58,07/05/2026 13:35,50.08,16732.0,4567.0,6791.0,2914.0,1641.0,480.0,199.0,SHARAVATHI,1035.0,762.0
2026-05-07T13:38:58,07/05/2026 13:35,50.08,16732.0,4567.0,6791.0,2914.0,1641.0,480.0,199.0,NAGJHARI,900.0,608.0
2026-05-07T13:38:58,07/05/2026 13:35,50.08,16732.0,4567.0,6791.0,2914.0,1641.0,480.0,199.0,VARAHI,460.0,271.0
2026-05-07T13:38:58,07/05/2026 13:35,50.08,16732.0,4567.0,6791.0,2914.0,1641.0,480.0,199.0,KODSALLI,120.0,39.0
2026-05-07T13:38:58,07/05/2026 13:35,50.08,16732.0,4567.0,6791.0,2914.0,1641.0,480.0,199.0,KADRA,150.0,0.0
2026-05-07T13:38:58,07/05/2026 13:35,50.08,16732.0,4567.0,6791.0,2914.0,1641.0,480.0,199.0,GERUSOPPA,240.0,0.0
2026-05-07T13:38:58,07/05/2026 13:35,50.08,16732.0,4567.0,6791.0,2914.0,1641.0,480.0,199.0,JOG,139.2,72.0
2026-05-07T13:38:58,07/05/2026 13:35,50.08,16732.0,4567.0,6791.0,2914.0,1641.0,480.0,199.0,LPH,55.0,12.0
2026-05-07T13:38:58,07/05/2026 13:35,50.08,16732.0,4567.0,6791.0,2914.0,1641.0,480.0,199.0,SUPA,100.0,74.0
2026-05-07T13:38:58,07/05/2026 13:35,50.08,16732.0,4567.0,6791.0,2914.0,1641.0,480.0,199.0,SHIMSHA,17.2,0.0
2026-05-07T13:38:58,07/05/2026 13:35,50.08,16732.0,4567.0,6791.0,2914.0,1641.0,480.0,199.0,SHIVASAMUDRA,42.0,0.0
2026-05-07T13:38:58,07/05/2026 13:35,50.08,16732.0,4567.0,6791.0,2914.0,1641.0,480.0,199.0,MANIDAM,9.0,2.0
2026-05-07T13:38:58,07/05/2026 13:35,50.08,16732.0,4567.0,6791.0,2914.0,1641.0,480.0,199.0,MUNRABAD,38.0,0.0
2026-05-07T13:38:58,07/05/2026 13:35,50.08,16732.0,4567.0,6791.0,2914.0,1641.0,480.0,199.0,BHADRA,39.2,0.0
2026-05-07T13:38:58,07/05/2026 13:35,50.08,16732.0,4567.0,6791.0,2914.0,1641.0,480.0,199.0,GHATAPRABHA,32.0,0.0
2026-05-07T13:38:58,07/05/2026 13:35,50.08,16732.0,4567.0,6791.0,2914.0,1641.0,480.0,199.0,ALMATTI,290.0,0.0
2026-05-07T13:38:58,07/05/2026 13:35,50.08,16732.0,4567.0,6791.0,2914.0,1641.0,480.0,199.0,JINDAL,1460.0,145.0
2026-05-07T13:38:58,07/05/2026 13:35,50.08,16732.0,4567.0,6791.0,2914.0,1641.0,480.0,199.0,UPCL,1200.0,480.0
2026-05-07T13:38:58,07/05/2026 13:35,50.08,16732.0,4567.0,6791.0,2914.0,1641.0,480.0,199.0,YCCP,370.0,0.0
2026-05-07T13:39:58,07/05/2026 13:35,50.08,16732.0,4567.0,6791.0,2914.0,1641.0,480.0,199.0,RTPS,1720.0,881.0
2026-05-07T13:39:58,07/05/2026 13:35,50.08,16732.0,4567.0,6791.0,2914.0,1641.0,480.0,199.0,BTPS,1700.0,1455.0
2026-05-07T13:39:58,07/05/2026 13:35,50.08,16732.0,4567.0,6791.0,2914.0,1641.0,480.0,199.0,YTPS,1600.0,578.0
2026-05-07T13:39:58,07/05/2026 13:35,50.08,16732.0,4567.0,6791.0,2914.0,1641.0,480.0,199.0,SHARAVATHI,1035.0,762.0
2026-05-07T13:39:58,07/05/2026 13:35,50.08,16732.0,4567.0,6791.0,2914.0,1641.0,480.0,199.0,NAGJHARI,900.0,608.0
2026-05-07T13:39:58,07/05/2026 13:35,50.08,16732.0,4567.0,6791.0,2914.0,1641.0,480.0,199.0,VARAHI,460.0,271.0
2026-05-07T13:39:58,07/05/2026 13:35,50.08,16732.0,4567.0,6791.0,2914.0,1641.0,480.0,199.0,KODSALLI,120.0,39.0
2026-05-07T13:39:58,07/05/2026 13:35,50.08,16732.0,4567.0,6791.0,2914.0,1641.0,480.0,199.0,KADRA,150.0,0.0
2026-05-07T13:39:58,07/05/2026 13:35,50.08,16732.0,4567.0,6791.0,2914.0,1641.0,480.0,199.0,GERUSOPPA,240.0,0.0
2026-05-07T13:39:58,07/05/2026 13:35,50.08,16732.0,4567.0,6791.0,2914.0,1641.0,480.0,199.0,JOG,139.2,72.0
2026-05-07T13:39:58,07/05/2026 13:35,50.08,16732.0,4567.0,6791.0,2914.0,1641.0,480.0,199.0,LPH,55.0,12.0
2026-05-07T13:39:58,07/05/2026 13:35,50.08,16732.0,4567.0,6791.0,2914.0,1641.0,480.0,199.0,SUPA,100.0,74.0
2026-05-07T13:39:58,07/05/2026 13:35,50.08,16732.0,4567.0,6791.0,2914.0,1641.0,480.0,199.0,SHIMSHA,17.2,0.0
2026-05-07T13:39:58,07/05/2026 13:35,50.08,16732.0,4567.0,6791.0,2914.0,1641.0,480.0,199.0,SHIVASAMUDRA,42.0,0.0
2026-05-07T13:39:58,07/05/2026 13:35,50.08,16732.0,4567.0,6791.0,2914.0,1641.0,480.0,199.0,MANIDAM,9.0,2.0
2026-05-07T13:39:58,07/05/2026 13:35,50.08,16732.0,4567.0,6791.0,2914.0,1641.0,480.0,199.0,MUNRABAD,38.0,0.0
2026-05-07T13:39:58,07/05/2026 13:35,50.08,16732.0,4567.0,6791.0,2914.0,1641.0,480.0,199.0,BHADRA,39.2,0.0
2026-05-07T13:39:58,07/05/2026 13:35,50.08,16732.0,4567.0,6791.0,2914.0,1641.0,480.0,199.0,GHATAPRABHA,32.0,0.0
2026-05-07T13:39:58,07/05/2026 13:35,50.08,16732.0,4567.0,6791.0,2914.0,1641.0,480.0,199.0,ALMATTI,290.0,0.0
2026-05-07T13:39:58,07/05/2026 13:35,50.08,16732.0,4567.0,6791.0,2914.0,1641.0,480.0,199.0,JINDAL,1460.0,145.0
2026-05-07T13:39:58,07/05/2026 13:35,50.08,16732.0,4567.0,6791.0,2914.0,1641.0,480.0,199.0,UPCL,1200.0,480.0
2026-05-07T13:39:58,07/05/2026 13:35,50.08,16732.0,4567.0,6791.0,2914.0,1641.0,480.0,199.0,YCCP,370.0,0.0
2026-05-07T13:40:58,07/05/2026 13:35,50.08,16732.0,4567.0,6791.0,2914.0,1641.0,480.0,199.0,RTPS,1720.0,881.0
2026-05-07T13:40:58,07/05/2026 13:35,50.08,16732.0,4567.0,6791.0,2914.0,1641.0,480.0,199.0,BTPS,1700.0,1455.0
2026-05-07T13:40:58,07/05/2026 13:35,50.08,16732.0,4567.0,6791.0,2914.0,1641.0,480.0,199.0,YTPS,1600.0,578.0
2026-05-07T13:40:58,07/05/2026 13:35,50.08,16732.0,4567.0,6791.0,2914.0,1641.0,480.0,199.0,SHARAVATHI,1035.0,762.0
2026-05-07T13:40:58,07/05/2026 13:35,50.08,16732.0,4567.0,6791.0,2914.0,1641.0,480.0,199.0,NAGJHARI,900.0,608.0
2026-05-07T13:40:58,07/05/2026 13:35,50.08,16732.0,4567.0,6791.0,2914.0,1641.0,480.0,199.0,VARAHI,460.0,271.0
2026-05-07T13:40:58,07/05/2026 13:35,50.08,16732.0,4567.0,6791.0,2914.0,1641.0,480.0,199.0,KODSALLI,120.0,39.0
2026-05-07T13:40:58,07/05/2026 13:35,50.08,16732.0,4567.0,6791.0,2914.0,1641.0,480.0,199.0,KADRA,150.0,0.0
2026-05-07T13:40:58,07/05/2026 13:35,50.08,16732.0,4567.0,6791.0,2914.0,1641.0,480.0,199.0,GERUSOPPA,240.0,0.0
2026-05-07T13:40:58,07/05/2026 13:35,50.08,16732.0,4567.0,6791.0,2914.0,1641.0,480.0,199.0,JOG,139.2,72.0
2026-05-07T13:40:58,07/05/2026 13:35,50.08,16732.0,4567.0,6791.0,2914.0,1641.0,480.0,199.0,LPH,55.0,12.0
2026-05-07T13:40:58,07/05/2026 13:35,50.08,16732.0,4567.0,6791.0,2914.0,1641.0,480.0,199.0,SUPA,100.0,74.0
2026-05-07T13:40:58,07/05/2026 13:35,50.08,16732.0,4567.0,6791.0,2914.0,1641.0,480.0,199.0,SHIMSHA,17.2,0.0
2026-05-07T13:40:58,07/05/2026 13:35,50.08,16732.0,4567.0,6791.0,2914.0,1641.0,480.0,199.0,SHIVASAMUDRA,42.0,0.0
2026-05-07T13:40:58,07/05/2026 13:35,50.08,16732.0,4567.0,6791.0,2914.0,1641.0,480.0,199.0,MANIDAM,9.0,2.0
2026-05-07T13:40:58,07/05/2026 13:35,50.08,16732.0,4567.0,6791.0,2914.0,1641.0,480.0,199.0,MUNRABAD,38.0,0.0
2026-05-07T13:40:58,07/05/2026 13:35,50.08,16732.0,4567.0,6791.0,2914.0,1641.0,480.0,199.0,BHADRA,39.2,0.0
2026-05-07T13:40:58,07/05/2026 13:35,50.08,16732.0,4567.0,6791.0,2914.0,1641.0,480.0,199.0,GHATAPRABHA,32.0,0.0
2026-05-07T13:40:58,07/05/2026 13:35,50.08,16732.0,4567.0,6791.0,2914.0,1641.0,480.0,199.0,ALMATTI,290.0,0.0
2026-05-07T13:40:58,07/05/2026 13:35,50.08,16732.0,4567.0,6791.0,2914.0,1641.0,480.0,199.0,JINDAL,1460.0,145.0
2026-05-07T13:40:58,07/05/2026 13:35,50.08,16732.0,4567.0,6791.0,2914.0,1641.0,480.0,199.0,UPCL,1200.0,480.0
2026-05-07T13:40:58,07/05/2026 13:35,50.08,16732.0,4567.0,6791.0,2914.0,1641.0,480.0,199.0,YCCP,370.0,0.0
2026-05-07T13:41:59,07/05/2026 13:35,50.08,16732.0,4567.0,6791.0,2914.0,1641.0,480.0,199.0,RTPS,1720.0,881.0
2026-05-07T13:41:59,07/05/2026 13:35,50.08,16732.0,4567.0,6791.0,2914.0,1641.0,480.0,199.0,BTPS,1700.0,1455.0
2026-05-07T13:41:59,07/05/2026 13:35,50.08,16732.0,4567.0,6791.0,2914.0,1641.0,480.0,199.0,YTPS,1600.0,578.0
2026-05-07T13:41:59,07/05/2026 13:35,50.08,16732.0,4567.0,6791.0,2914.0,1641.0,480.0,199.0,SHARAVATHI,1035.0,762.0
2026-05-07T13:41:59,07/05/2026 13:35,50.08,16732.0,4567.0,6791.0,2914.0,1641.0,480.0,199.0,NAGJHARI,900.0,608.0
2026-05-07T13:41:59,07/05/2026 13:35,50.08,16732.0,4567.0,6791.0,2914.0,1641.0,480.0,199.0,VARAHI,460.0,271.0
2026-05-07T13:41:59,07/05/2026 13:35,50.08,16732.0,4567.0,6791.0,2914.0,1641.0,480.0,199.0,KODSALLI,120.0,39.0
2026-05-07T13:41:59,07/05/2026 13:35,50.08,16732.0,4567.0,6791.0,2914.0,1641.0,480.0,199.0,KADRA,150.0,0.0
2026-05-07T13:41:59,07/05/2026 13:35,50.08,16732.0,4567.0,6791.0,2914.0,1641.0,480.0,199.0,GERUSOPPA,240.0,0.0
2026-05-07T13:41:59,07/05/2026 13:35,50.08,16732.0,4567.0,6791.0,2914.0,1641.0,480.0,199.0,JOG,139.2,72.0
2026-05-07T13:41:59,07/05/2026 13:35,50.08,16732.0,4567.0,6791.0,2914.0,1641.0,480.0,199.0,LPH,55.0,12.0
2026-05-07T13:41:59,07/05/2026 13:35,50.08,16732.0,4567.0,6791.0,2914.0,1641.0,480.0,199.0,SUPA,100.0,74.0
2026-05-07T13:41:59,07/05/2026 13:35,50.08,16732.0,4567.0,6791.0,2914.0,1641.0,480.0,199.0,SHIMSHA,17.2,0.0
2026-05-07T13:41:59,07/05/2026 13:35,50.08,16732.0,4567.0,6791.0,2914.0,1641.0,480.0,199.0,SHIVASAMUDRA,42.0,0.0
2026-05-07T13:41:59,07/05/2026 13:35,50.08,16732.0,4567.0,6791.0,2914.0,1641.0,480.0,199.0,MANIDAM,9.0,2.0
2026-05-07T13:41:59,07/05/2026 13:35,50.08,16732.0,4567.0,6791.0,2914.0,1641.0,480.0,199.0,MUNRABAD,38.0,0.0
2026-05-07T13:41:59,07/05/2026 13:35,50.08,16732.0,4567.0,6791.0,2914.0,1641.0,480.0,199.0,BHADRA,39.2,0.0
2026-05-07T13:41:59,07/05/2026 13:35,50.08,16732.0,4567.0,6791.0,2914.0,1641.0,480.0,199.0,GHATAPRABHA,32.0,0.0
2026-05-07T13:41:59,07/05/2026 13:35,50.08,16732.0,4567.0,6791.0,2914.0,1641.0,480.0,199.0,ALMATTI,290.0,0.0
2026-05-07T13:41:59,07/05/2026 13:35,50.08,16732.0,4567.0,6791.0,2914.0,1641.0,480.0,199.0,JINDAL,1460.0,145.0
2026-05-07T13:41:59,07/05/2026 13:35,50.08,16732.0,4567.0,6791.0,2914.0,1641.0,480.0,199.0,UPCL,1200.0,480.0
2026-05-07T13:41:59,07/05/2026 13:35,50.08,16732.0,4567.0,6791.0,2914.0,1641.0,480.0,199.0,YCCP,370.0,0.0
2026-05-07T13:43:03,07/05/2026 13:35,50.08,16732.0,4567.0,6791.0,2914.0,1641.0,480.0,199.0,RTPS,1720.0,881.0
2026-05-07T13:43:03,07/05/2026 13:35,50.08,16732.0,4567.0,6791.0,2914.0,1641.0,480.0,199.0,BTPS,1700.0,1455.0
2026-05-07T13:43:03,07/05/2026 13:35,50.08,16732.0,4567.0,6791.0,2914.0,1641.0,480.0,199.0,YTPS,1600.0,578.0
2026-05-07T13:43:03,07/05/2026 13:35,50.08,16732.0,4567.0,6791.0,2914.0,1641.0,480.0,199.0,SHARAVATHI,1035.0,762.0
2026-05-07T13:43:03,07/05/2026 13:35,50.08,16732.0,4567.0,6791.0,2914.0,1641.0,480.0,199.0,NAGJHARI,900.0,608.0
2026-05-07T13:43:03,07/05/2026 13:35,50.08,16732.0,4567.0,6791.0,2914.0,1641.0,480.0,199.0,VARAHI,460.0,271.0
2026-05-07T13:43:03,07/05/2026 13:35,50.08,16732.0,4567.0,6791.0,2914.0,1641.0,480.0,199.0,KODSALLI,120.0,39.0
2026-05-07T13:43:03,07/05/2026 13:35,50.08,16732.0,4567.0,6791.0,2914.0,1641.0,480.0,199.0,KADRA,150.0,0.0
2026-05-07T13:43:03,07/05/2026 13:35,50.08,16732.0,4567.0,6791.0,2914.0,1641.0,480.0,199.0,GERUSOPPA,240.0,0.0
2026-05-07T13:43:03,07/05/2026 13:35,50.08,16732.0,4567.0,6791.0,2914.0,1641.0,480.0,199.0,JOG,139.2,72.0
2026-05-07T13:43:03,07/05/2026 13:35,50.08,16732.0,4567.0,6791.0,2914.0,1641.0,480.0,199.0,LPH,55.0,12.0
2026-05-07T13:43:03,07/05/2026 13:35,50.08,16732.0,4567.0,6791.0,2914.0,1641.0,480.0,199.0,SUPA,100.0,74.0
2026-05-07T13:43:03,07/05/2026 13:35,50.08,16732.0,4567.0,6791.0,2914.0,1641.0,480.0,199.0,SHIMSHA,17.2,0.0
2026-05-07T13:43:03,07/05/2026 13:35,50.08,16732.0,4567.0,6791.0,2914.0,1641.0,480.0,199.0,SHIVASAMUDRA,42.0,0.0
2026-05-07T13:43:03,07/05/2026 13:35,50.08,16732.0,4567.0,6791.0,2914.0,1641.0,480.0,199.0,MANIDAM,9.0,2.0
2026-05-07T13:43:03,07/05/2026 13:35,50.08,16732.0,4567.0,6791.0,2914.0,1641.0,480.0,199.0,MUNRABAD,38.0,0.0
2026-05-07T13:43:03,07/05/2026 13:35,50.08,16732.0,4567.0,6791.0,2914.0,1641.0,480.0,199.0,BHADRA,39.2,0.0
2026-05-07T13:43:03,07/05/2026 13:35,50.08,16732.0,4567.0,6791.0,2914.0,1641.0,480.0,199.0,GHATAPRABHA,32.0,0.0
2026-05-07T13:43:03,07/05/2026 13:35,50.08,16732.0,4567.0,6791.0,2914.0,1641.0,480.0,199.0,ALMATTI,290.0,0.0
2026-05-07T13:43:03,07/05/2026 13:35,50.08,16732.0,4567.0,6791.0,2914.0,1641.0,480.0,199.0,JINDAL,1460.0,145.0
2026-05-07T13:43:03,07/05/2026 13:35,50.08,16732.0,4567.0,6791.0,2914.0,1641.0,480.0,199.0,UPCL,1200.0,480.0
2026-05-07T13:43:03,07/05/2026 13:35,50.08,16732.0,4567.0,6791.0,2914.0,1641.0,480.0,199.0,YCCP,370.0,0.0
2026-05-07T13:44:58,07/05/2026 13:35,50.08,16732.0,4567.0,6791.0,2914.0,1641.0,480.0,199.0,RTPS,1720.0,881.0
2026-05-07T13:44:58,07/05/2026 13:35,50.08,16732.0,4567.0,6791.0,2914.0,1641.0,480.0,199.0,BTPS,1700.0,1455.0
2026-05-07T13:44:58,07/05/2026 13:35,50.08,16732.0,4567.0,6791.0,2914.0,1641.0,480.0,199.0,YTPS,1600.0,578.0
2026-05-07T13:44:58,07/05/2026 13:35,50.08,16732.0,4567.0,6791.0,2914.0,1641.0,480.0,199.0,SHARAVATHI,1035.0,762.0
2026-05-07T13:44:58,07/05/2026 13:35,50.08,16732.0,4567.0,6791.0,2914.0,1641.0,480.0,199.0,NAGJHARI,900.0,608.0
2026-05-07T13:44:58,07/05/2026 13:35,50.08,16732.0,4567.0,6791.0,2914.0,1641.0,480.0,199.0,VARAHI,460.0,271.0
2026-05-07T13:44:58,07/05/2026 13:35,50.08,16732.0,4567.0,6791.0,2914.0,1641.0,480.0,199.0,KODSALLI,120.0,39.0
2026-05-07T13:44:58,07/05/2026 13:35,50.08,16732.0,4567.0,6791.0,2914.0,1641.0,480.0,199.0,KADRA,150.0,0.0
2026-05-07T13:44:58,07/05/2026 13:35,50.08,16732.0,4567.0,6791.0,2914.0,1641.0,480.0,199.0,GERUSOPPA,240.0,0.0
2026-05-07T13:44:58,07/05/2026 13:35,50.08,16732.0,4567.0,6791.0,2914.0,1641.0,480.0,199.0,JOG,139.2,72.0
2026-05-07T13:44:58,07/05/2026 13:35,50.08,16732.0,4567.0,6791.0,2914.0,1641.0,480.0,199.0,LPH,55.0,12.0
2026-05-07T13:44:58,07/05/2026 13:35,50.08,16732.0,4567.0,6791.0,2914.0,1641.0,480.0,199.0,SUPA,100.0,74.0
2026-05-07T13:44:58,07/05/2026 13:35,50.08,16732.0,4567.0,6791.0,2914.0,1641.0,480.0,199.0,SHIMSHA,17.2,0.0
2026-05-07T13:44:58,07/05/2026 13:35,50.08,16732.0,4567.0,6791.0,2914.0,1641.0,480.0,199.0,SHIVASAMUDRA,42.0,0.0
2026-05-07T13:44:58,07/05/2026 13:35,50.08,16732.0,4567.0,6791.0,2914.0,1641.0,480.0,199.0,MANIDAM,9.0,2.0
2026-05-07T13:44:58,07/05/2026 13:35,50.08,16732.0,4567.0,6791.0,2914.0,1641.0,480.0,199.0,MUNRABAD,38.0,0.0
2026-05-07T13:44:58,07/05/2026 13:35,50.08,16732.0,4567.0,6791.0,2914.0,1641.0,480.0,199.0,BHADRA,39.2,0.0
2026-05-07T13:44:58,07/05/2026 13:35,50.08,16732.0,4567.0,6791.0,2914.0,1641.0,480.0,199.0,GHATAPRABHA,32.0,0.0
2026-05-07T13:44:58,07/05/2026 13:35,50.08,16732.0,4567.0,6791.0,2914.0,1641.0,480.0,199.0,ALMATTI,290.0,0.0
2026-05-07T13:44:58,07/05/2026 13:35,50.08,16732.0,4567.0,6791.0,2914.0,1641.0,480.0,199.0,JINDAL,1460.0,145.0
2026-05-07T13:44:58,07/05/2026 13:35,50.08,16732.0,4567.0,6791.0,2914.0,1641.0,480.0,199.0,UPCL,1200.0,480.0
2026-05-07T13:44:58,07/05/2026 13:35,50.08,16732.0,4567.0,6791.0,2914.0,1641.0,480.0,199.0,YCCP,370.0,0.0
2026-05-07T13:45:59,07/05/2026 13:35,50.08,16732.0,4567.0,6791.0,2914.0,1641.0,480.0,199.0,RTPS,1720.0,881.0
2026-05-07T13:45:59,07/05/2026 13:35,50.08,16732.0,4567.0,6791.0,2914.0,1641.0,480.0,199.0,BTPS,1700.0,1455.0
2026-05-07T13:45:59,07/05/2026 13:35,50.08,16732.0,4567.0,6791.0,2914.0,1641.0,480.0,199.0,YTPS,1600.0,578.0
2026-05-07T13:45:59,07/05/2026 13:35,50.08,16732.0,4567.0,6791.0,2914.0,1641.0,480.0,199.0,SHARAVATHI,1035.0,762.0
2026-05-07T13:45:59,07/05/2026 13:35,50.08,16732.0,4567.0,6791.0,2914.0,1641.0,480.0,199.0,NAGJHARI,900.0,608.0
2026-05-07T13:45:59,07/05/2026 13:35,50.08,16732.0,4567.0,6791.0,2914.0,1641.0,480.0,199.0,VARAHI,460.0,271.0
2026-05-07T13:45:59,07/05/2026 13:35,50.08,16732.0,4567.0,6791.0,2914.0,1641.0,480.0,199.0,KODSALLI,120.0,39.0
2026-05-07T13:45:59,07/05/2026 13:35,50.08,16732.0,4567.0,6791.0,2914.0,1641.0,480.0,199.0,KADRA,150.0,0.0
2026-05-07T13:45:59,07/05/2026 13:35,50.08,16732.0,4567.0,6791.0,2914.0,1641.0,480.0,199.0,GERUSOPPA,240.0,0.0
2026-05-07T13:45:59,07/05/2026 13:35,50.08,16732.0,4567.0,6791.0,2914.0,1641.0,480.0,199.0,JOG,139.2,72.0
2026-05-07T13:45:59,07/05/2026 13:35,50.08,16732.0,4567.0,6791.0,2914.0,1641.0,480.0,199.0,LPH,55.0,12.0
2026-05-07T13:45:59,07/05/2026 13:35,50.08,16732.0,4567.0,6791.0,2914.0,1641.0,480.0,199.0,SUPA,100.0,74.0
2026-05-07T13:45:59,07/05/2026 13:35,50.08,16732.0,4567.0,6791.0,2914.0,1641.0,480.0,199.0,SHIMSHA,17.2,0.0
2026-05-07T13:45:59,07/05/2026 13:35,50.08,16732.0,4567.0,6791.0,2914.0,1641.0,480.0,199.0,SHIVASAMUDRA,42.0,0.0
2026-05-07T13:45:59,07/05/2026 13:35,50.08,16732.0,4567.0,6791.0,2914.0,1641.0,480.0,199.0,MANIDAM,9.0,2.0
2026-05-07T13:45:59,07/05/2026 13:35,50.08,16732.0,4567.0,6791.0,2914.0,1641.0,480.0,199.0,MUNRABAD,38.0,0.0
2026-05-07T13:45:59,07/05/2026 13:35,50.08,16732.0,4567.0,6791.0,2914.0,1641.0,480.0,199.0,BHADRA,39.2,0.0
2026-05-07T13:45:59,07/05/2026 13:35,50.08,16732.0,4567.0,6791.0,2914.0,1641.0,480.0,199.0,GHATAPRABHA,32.0,0.0
2026-05-07T13:45:59,07/05/2026 13:35,50.08,16732.0,4567.0,6791.0,2914.0,1641.0,480.0,199.0,ALMATTI,290.0,0.0
2026-05-07T13:45:59,07/05/2026 13:35,50.08,16732.0,4567.0,6791.0,2914.0,1641.0,480.0,199.0,JINDAL,1460.0,145.0
2026-05-07T13:45:59,07/05/2026 13:35,50.08,16732.0,4567.0,6791.0,2914.0,1641.0,480.0,199.0,UPCL,1200.0,480.0
2026-05-07T13:45:59,07/05/2026 13:35,50.08,16732.0,4567.0,6791.0,2914.0,1641.0,480.0,199.0,YCCP,370.0,0.0
2026-05-07T13:46:59,07/05/2026 13:35,50.08,16732.0,4567.0,6791.0,2914.0,1641.0,480.0,199.0,RTPS,1720.0,881.0
2026-05-07T13:46:59,07/05/2026 13:35,50.08,16732.0,4567.0,6791.0,2914.0,1641.0,480.0,199.0,BTPS,1700.0,1455.0
2026-05-07T13:46:59,07/05/2026 13:35,50.08,16732.0,4567.0,6791.0,2914.0,1641.0,480.0,199.0,YTPS,1600.0,578.0
2026-05-07T13:46:59,07/05/2026 13:35,50.08,16732.0,4567.0,6791.0,2914.0,1641.0,480.0,199.0,SHARAVATHI,1035.0,762.0
2026-05-07T13:46:59,07/05/2026 13:35,50.08,16732.0,4567.0,6791.0,2914.0,1641.0,480.0,199.0,NAGJHARI,900.0,608.0
2026-05-07T13:46:59,07/05/2026 13:35,50.08,16732.0,4567.0,6791.0,2914.0,1641.0,480.0,199.0,VARAHI,460.0,271.0
2026-05-07T13:46:59,07/05/2026 13:35,50.08,16732.0,4567.0,6791.0,2914.0,1641.0,480.0,199.0,KODSALLI,120.0,39.0
2026-05-07T13:46:59,07/05/2026 13:35,50.08,16732.0,4567.0,6791.0,2914.0,1641.0,480.0,199.0,KADRA,150.0,0.0
2026-05-07T13:46:59,07/05/2026 13:35,50.08,16732.0,4567.0,6791.0,2914.0,1641.0,480.0,199.0,GERUSOPPA,240.0,0.0
2026-05-07T13:46:59,07/05/2026 13:35,50.08,16732.0,4567.0,6791.0,2914.0,1641.0,480.0,199.0,JOG,139.2,72.0
2026-05-07T13:46:59,07/05/2026 13:35,50.08,16732.0,4567.0,6791.0,2914.0,1641.0,480.0,199.0,LPH,55.0,12.0
2026-05-07T13:46:59,07/05/2026 13:35,50.08,16732.0,4567.0,6791.0,2914.0,1641.0,480.0,199.0,SUPA,100.0,74.0
2026-05-07T13:46:59,07/05/2026 13:35,50.08,16732.0,4567.0,6791.0,2914.0,1641.0,480.0,199.0,SHIMSHA,17.2,0.0
2026-05-07T13:46:59,07/05/2026 13:35,50.08,16732.0,4567.0,6791.0,2914.0,1641.0,480.0,199.0,SHIVASAMUDRA,42.0,0.0
2026-05-07T13:46:59,07/05/2026 13:35,50.08,16732.0,4567.0,6791.0,2914.0,1641.0,480.0,199.0,MANIDAM,9.0,2.0
2026-05-07T13:46:59,07/05/2026 13:35,50.08,16732.0,4567.0,6791.0,2914.0,1641.0,480.0,199.0,MUNRABAD,38.0,0.0
2026-05-07T13:46:59,07/05/2026 13:35,50.08,16732.0,4567.0,6791.0,2914.0,1641.0,480.0,199.0,BHADRA,39.2,0.0
2026-05-07T13:46:59,07/05/2026 13:35,50.08,16732.0,4567.0,6791.0,2914.0,1641.0,480.0,199.0,GHATAPRABHA,32.0,0.0
2026-05-07T13:46:59,07/05/2026 13:35,50.08,16732.0,4567.0,6791.0,2914.0,1641.0,480.0,199.0,ALMATTI,290.0,0.0
2026-05-07T13:46:59,07/05/2026 13:35,50.08,16732.0,4567.0,6791.0,2914.0,1641.0,480.0,199.0,JINDAL,1460.0,145.0
2026-05-07T13:46:59,07/05/2026 13:35,50.08,16732.0,4567.0,6791.0,2914.0,1641.0,480.0,199.0,UPCL,1200.0,480.0
2026-05-07T13:46:59,07/05/2026 13:35,50.08,16732.0,4567.0,6791.0,2914.0,1641.0,480.0,199.0,YCCP,370.0,0.0
2026-05-07T13:48:02,07/05/2026 13:45,50.01,16644.0,4575.0,6594.0,2935.0,1663.0,476.0,198.0,RTPS,1720.0,885.0
2026-05-07T13:48:02,07/05/2026 13:45,50.01,16644.0,4575.0,6594.0,2935.0,1663.0,476.0,198.0,BTPS,1700.0,1472.0
2026-05-07T13:48:02,07/05/2026 13:45,50.01,16644.0,4575.0,6594.0,2935.0,1663.0,476.0,198.0,YTPS,1600.0,578.0
2026-05-07T13:48:02,07/05/2026 13:45,50.01,16644.0,4575.0,6594.0,2935.0,1663.0,476.0,198.0,SHARAVATHI,1035.0,766.0
2026-05-07T13:48:02,07/05/2026 13:45,50.01,16644.0,4575.0,6594.0,2935.0,1663.0,476.0,198.0,NAGJHARI,900.0,621.0
2026-05-07T13:48:02,07/05/2026 13:45,50.01,16644.0,4575.0,6594.0,2935.0,1663.0,476.0,198.0,VARAHI,460.0,276.0
2026-05-07T13:48:02,07/05/2026 13:45,50.01,16644.0,4575.0,6594.0,2935.0,1663.0,476.0,198.0,KODSALLI,120.0,39.0
2026-05-07T13:48:02,07/05/2026 13:45,50.01,16644.0,4575.0,6594.0,2935.0,1663.0,476.0,198.0,KADRA,150.0,0.0
2026-05-07T13:48:02,07/05/2026 13:45,50.01,16644.0,4575.0,6594.0,2935.0,1663.0,476.0,198.0,GERUSOPPA,240.0,0.0
2026-05-07T13:48:02,07/05/2026 13:45,50.01,16644.0,4575.0,6594.0,2935.0,1663.0,476.0,198.0,JOG,139.2,72.0
2026-05-07T13:48:02,07/05/2026 13:45,50.01,16644.0,4575.0,6594.0,2935.0,1663.0,476.0,198.0,LPH,55.0,12.0
2026-05-07T13:48:02,07/05/2026 13:45,50.01,16644.0,4575.0,6594.0,2935.0,1663.0,476.0,198.0,SUPA,100.0,74.0
2026-05-07T13:48:02,07/05/2026 13:45,50.01,16644.0,4575.0,6594.0,2935.0,1663.0,476.0,198.0,SHIMSHA,17.2,0.0
2026-05-07T13:48:02,07/05/2026 13:45,50.01,16644.0,4575.0,6594.0,2935.0,1663.0,476.0,198.0,SHIVASAMUDRA,42.0,0.0
2026-05-07T13:48:02,07/05/2026 13:45,50.01,16644.0,4575.0,6594.0,2935.0,1663.0,476.0,198.0,MANIDAM,9.0,1.0
2026-05-07T13:48:02,07/05/2026 13:45,50.01,16644.0,4575.0,6594.0,2935.0,1663.0,476.0,198.0,MUNRABAD,38.0,0.0
2026-05-07T13:48:02,07/05/2026 13:45,50.01,16644.0,4575.0,6594.0,2935.0,1663.0,476.0,198.0,BHADRA,39.2,0.0
2026-05-07T13:48:02,07/05/2026 13:45,50.01,16644.0,4575.0,6594.0,2935.0,1663.0,476.0,198.0,GHATAPRABHA,32.0,0.0
2026-05-07T13:48:02,07/05/2026 13:45,50.01,16644.0,4575.0,6594.0,2935.0,1663.0,476.0,198.0,ALMATTI,290.0,0.0
2026-05-07T13:48:02,07/05/2026 13:45,50.01,16644.0,4575.0,6594.0,2935.0,1663.0,476.0,198.0,JINDAL,1460.0,213.0
2026-05-07T13:48:02,07/05/2026 13:45,50.01,16644.0,4575.0,6594.0,2935.0,1663.0,476.0,198.0,UPCL,1200.0,476.0
2026-05-07T13:48:02,07/05/2026 13:45,50.01,16644.0,4575.0,6594.0,2935.0,1663.0,476.0,198.0,YCCP,370.0,0.0
2026-05-07T13:49:58,07/05/2026 13:45,50.01,16644.0,4575.0,6594.0,2935.0,1663.0,476.0,198.0,RTPS,1720.0,885.0
2026-05-07T13:49:58,07/05/2026 13:45,50.01,16644.0,4575.0,6594.0,2935.0,1663.0,476.0,198.0,BTPS,1700.0,1472.0
2026-05-07T13:49:58,07/05/2026 13:45,50.01,16644.0,4575.0,6594.0,2935.0,1663.0,476.0,198.0,YTPS,1600.0,578.0
2026-05-07T13:49:58,07/05/2026 13:45,50.01,16644.0,4575.0,6594.0,2935.0,1663.0,476.0,198.0,SHARAVATHI,1035.0,766.0
2026-05-07T13:49:58,07/05/2026 13:45,50.01,16644.0,4575.0,6594.0,2935.0,1663.0,476.0,198.0,NAGJHARI,900.0,621.0
2026-05-07T13:49:58,07/05/2026 13:45,50.01,16644.0,4575.0,6594.0,2935.0,1663.0,476.0,198.0,VARAHI,460.0,276.0
2026-05-07T13:49:58,07/05/2026 13:45,50.01,16644.0,4575.0,6594.0,2935.0,1663.0,476.0,198.0,KODSALLI,120.0,39.0
2026-05-07T13:49:58,07/05/2026 13:45,50.01,16644.0,4575.0,6594.0,2935.0,1663.0,476.0,198.0,KADRA,150.0,0.0
2026-05-07T13:49:58,07/05/2026 13:45,50.01,16644.0,4575.0,6594.0,2935.0,1663.0,476.0,198.0,GERUSOPPA,240.0,0.0
2026-05-07T13:49:58,07/05/2026 13:45,50.01,16644.0,4575.0,6594.0,2935.0,1663.0,476.0,198.0,JOG,139.2,72.0
2026-05-07T13:49:58,07/05/2026 13:45,50.01,16644.0,4575.0,6594.0,2935.0,1663.0,476.0,198.0,LPH,55.0,12.0
2026-05-07T13:49:58,07/05/2026 13:45,50.01,16644.0,4575.0,6594.0,2935.0,1663.0,476.0,198.0,SUPA,100.0,74.0
2026-05-07T13:49:58,07/05/2026 13:45,50.01,16644.0,4575.0,6594.0,2935.0,1663.0,476.0,198.0,SHIMSHA,17.2,0.0
2026-05-07T13:49:58,07/05/2026 13:45,50.01,16644.0,4575.0,6594.0,2935.0,1663.0,476.0,198.0,SHIVASAMUDRA,42.0,0.0
2026-05-07T13:49:58,07/05/2026 13:45,50.01,16644.0,4575.0,6594.0,2935.0,1663.0,476.0,198.0,MANIDAM,9.0,1.0
2026-05-07T13:49:58,07/05/2026 13:45,50.01,16644.0,4575.0,6594.0,2935.0,1663.0,476.0,198.0,MUNRABAD,38.0,0.0
2026-05-07T13:49:58,07/05/2026 13:45,50.01,16644.0,4575.0,6594.0,2935.0,1663.0,476.0,198.0,BHADRA,39.2,0.0
2026-05-07T13:49:58,07/05/2026 13:45,50.01,16644.0,4575.0,6594.0,2935.0,1663.0,476.0,198.0,GHATAPRABHA,32.0,0.0
2026-05-07T13:49:58,07/05/2026 13:45,50.01,16644.0,4575.0,6594.0,2935.0,1663.0,476.0,198.0,ALMATTI,290.0,0.0
2026-05-07T13:49:58,07/05/2026 13:45,50.01,16644.0,4575.0,6594.0,2935.0,1663.0,476.0,198.0,JINDAL,1460.0,213.0
2026-05-07T13:49:58,07/05/2026 13:45,50.01,16644.0,4575.0,6594.0,2935.0,1663.0,476.0,198.0,UPCL,1200.0,476.0
2026-05-07T13:49:58,07/05/2026 13:45,50.01,16644.0,4575.0,6594.0,2935.0,1663.0,476.0,198.0,YCCP,370.0,0.0
2026-05-07T13:50:58,07/05/2026 13:45,50.01,16644.0,4575.0,6594.0,2935.0,1663.0,476.0,198.0,RTPS,1720.0,885.0
2026-05-07T13:50:58,07/05/2026 13:45,50.01,16644.0,4575.0,6594.0,2935.0,1663.0,476.0,198.0,BTPS,1700.0,1472.0
2026-05-07T13:50:58,07/05/2026 13:45,50.01,16644.0,4575.0,6594.0,2935.0,1663.0,476.0,198.0,YTPS,1600.0,578.0
2026-05-07T13:50:58,07/05/2026 13:45,50.01,16644.0,4575.0,6594.0,2935.0,1663.0,476.0,198.0,SHARAVATHI,1035.0,766.0
2026-05-07T13:50:58,07/05/2026 13:45,50.01,16644.0,4575.0,6594.0,2935.0,1663.0,476.0,198.0,NAGJHARI,900.0,621.0
2026-05-07T13:50:58,07/05/2026 13:45,50.01,16644.0,4575.0,6594.0,2935.0,1663.0,476.0,198.0,VARAHI,460.0,276.0
2026-05-07T13:50:58,07/05/2026 13:45,50.01,16644.0,4575.0,6594.0,2935.0,1663.0,476.0,198.0,KODSALLI,120.0,39.0
2026-05-07T13:50:58,07/05/2026 13:45,50.01,16644.0,4575.0,6594.0,2935.0,1663.0,476.0,198.0,KADRA,150.0,0.0
2026-05-07T13:50:58,07/05/2026 13:45,50.01,16644.0,4575.0,6594.0,2935.0,1663.0,476.0,198.0,GERUSOPPA,240.0,0.0
2026-05-07T13:50:58,07/05/2026 13:45,50.01,16644.0,4575.0,6594.0,2935.0,1663.0,476.0,198.0,JOG,139.2,72.0
2026-05-07T13:50:58,07/05/2026 13:45,50.01,16644.0,4575.0,6594.0,2935.0,1663.0,476.0,198.0,LPH,55.0,12.0
2026-05-07T13:50:58,07/05/2026 13:45,50.01,16644.0,4575.0,6594.0,2935.0,1663.0,476.0,198.0,SUPA,100.0,74.0
2026-05-07T13:50:58,07/05/2026 13:45,50.01,16644.0,4575.0,6594.0,2935.0,1663.0,476.0,198.0,SHIMSHA,17.2,0.0
2026-05-07T13:50:58,07/05/2026 13:45,50.01,16644.0,4575.0,6594.0,2935.0,1663.0,476.0,198.0,SHIVASAMUDRA,42.0,0.0
2026-05-07T13:50:58,07/05/2026 13:45,50.01,16644.0,4575.0,6594.0,2935.0,1663.0,476.0,198.0,MANIDAM,9.0,1.0
2026-05-07T13:50:58,07/05/2026 13:45,50.01,16644.0,4575.0,6594.0,2935.0,1663.0,476.0,198.0,MUNRABAD,38.0,0.0
2026-05-07T13:50:58,07/05/2026 13:45,50.01,16644.0,4575.0,6594.0,2935.0,1663.0,476.0,198.0,BHADRA,39.2,0.0
2026-05-07T13:50:58,07/05/2026 13:45,50.01,16644.0,4575.0,6594.0,2935.0,1663.0,476.0,198.0,GHATAPRABHA,32.0,0.0
2026-05-07T13:50:58,07/05/2026 13:45,50.01,16644.0,4575.0,6594.0,2935.0,1663.0,476.0,198.0,ALMATTI,290.0,0.0
2026-05-07T13:50:58,07/05/2026 13:45,50.01,16644.0,4575.0,6594.0,2935.0,1663.0,476.0,198.0,JINDAL,1460.0,213.0
2026-05-07T13:50:58,07/05/2026 13:45,50.01,16644.0,4575.0,6594.0,2935.0,1663.0,476.0,198.0,UPCL,1200.0,476.0
2026-05-07T13:50:58,07/05/2026 13:45,50.01,16644.0,4575.0,6594.0,2935.0,1663.0,476.0,198.0,YCCP,370.0,0.0
2026-05-07T13:51:59,07/05/2026 13:45,50.01,16644.0,4575.0,6594.0,2935.0,1663.0,476.0,198.0,RTPS,1720.0,885.0
2026-05-07T13:51:59,07/05/2026 13:45,50.01,16644.0,4575.0,6594.0,2935.0,1663.0,476.0,198.0,BTPS,1700.0,1472.0
2026-05-07T13:51:59,07/05/2026 13:45,50.01,16644.0,4575.0,6594.0,2935.0,1663.0,476.0,198.0,YTPS,1600.0,578.0
2026-05-07T13:51:59,07/05/2026 13:45,50.01,16644.0,4575.0,6594.0,2935.0,1663.0,476.0,198.0,SHARAVATHI,1035.0,766.0
2026-05-07T13:51:59,07/05/2026 13:45,50.01,16644.0,4575.0,6594.0,2935.0,1663.0,476.0,198.0,NAGJHARI,900.0,621.0
2026-05-07T13:51:59,07/05/2026 13:45,50.01,16644.0,4575.0,6594.0,2935.0,1663.0,476.0,198.0,VARAHI,460.0,276.0
2026-05-07T13:51:59,07/05/2026 13:45,50.01,16644.0,4575.0,6594.0,2935.0,1663.0,476.0,198.0,KODSALLI,120.0,39.0
2026-05-07T13:51:59,07/05/2026 13:45,50.01,16644.0,4575.0,6594.0,2935.0,1663.0,476.0,198.0,KADRA,150.0,0.0
2026-05-07T13:51:59,07/05/2026 13:45,50.01,16644.0,4575.0,6594.0,2935.0,1663.0,476.0,198.0,GERUSOPPA,240.0,0.0
2026-05-07T13:51:59,07/05/2026 13:45,50.01,16644.0,4575.0,6594.0,2935.0,1663.0,476.0,198.0,JOG,139.2,72.0
2026-05-07T13:51:59,07/05/2026 13:45,50.01,16644.0,4575.0,6594.0,2935.0,1663.0,476.0,198.0,LPH,55.0,12.0
2026-05-07T13:51:59,07/05/2026 13:45,50.01,16644.0,4575.0,6594.0,2935.0,1663.0,476.0,198.0,SUPA,100.0,74.0
2026-05-07T13:51:59,07/05/2026 13:45,50.01,16644.0,4575.0,6594.0,2935.0,1663.0,476.0,198.0,SHIMSHA,17.2,0.0
2026-05-07T13:51:59,07/05/2026 13:45,50.01,16644.0,4575.0,6594.0,2935.0,1663.0,476.0,198.0,SHIVASAMUDRA,42.0,0.0
2026-05-07T13:51:59,07/05/2026 13:45,50.01,16644.0,4575.0,6594.0,2935.0,1663.0,476.0,198.0,MANIDAM,9.0,1.0
2026-05-07T13:51:59,07/05/2026 13:45,50.01,16644.0,4575.0,6594.0,2935.0,1663.0,476.0,198.0,MUNRABAD,38.0,0.0
2026-05-07T13:51:59,07/05/2026 13:45,50.01,16644.0,4575.0,6594.0,2935.0,1663.0,476.0,198.0,BHADRA,39.2,0.0
2026-05-07T13:51:59,07/05/2026 13:45,50.01,16644.0,4575.0,6594.0,2935.0,1663.0,476.0,198.0,GHATAPRABHA,32.0,0.0
2026-05-07T13:51:59,07/05/2026 13:45,50.01,16644.0,4575.0,6594.0,2935.0,1663.0,476.0,198.0,ALMATTI,290.0,0.0
2026-05-07T13:51:59,07/05/2026 13:45,50.01,16644.0,4575.0,6594.0,2935.0,1663.0,476.0,198.0,JINDAL,1460.0,213.0
2026-05-07T13:51:59,07/05/2026 13:45,50.01,16644.0,4575.0,6594.0,2935.0,1663.0,476.0,198.0,UPCL,1200.0,476.0
2026-05-07T13:51:59,07/05/2026 13:45,50.01,16644.0,4575.0,6594.0,2935.0,1663.0,476.0,198.0,YCCP,370.0,0.0
2026-05-07T14:39:55,07/05/2026 14:35,50.1,16611.0,4331.0,7037.0,2897.0,1504.0,476.0,200.0,RTPS,1720.0,867.0
2026-05-07T14:39:55,07/05/2026 14:35,50.1,16611.0,4331.0,7037.0,2897.0,1504.0,476.0,200.0,BTPS,1700.0,1455.0
2026-05-07T14:39:55,07/05/2026 14:35,50.1,16611.0,4331.0,7037.0,2897.0,1504.0,476.0,200.0,YTPS,1600.0,575.0
2026-05-07T14:39:55,07/05/2026 14:35,50.1,16611.0,4331.0,7037.0,2897.0,1504.0,476.0,200.0,SHARAVATHI,1035.0,715.0
2026-05-07T14:39:55,07/05/2026 14:35,50.1,16611.0,4331.0,7037.0,2897.0,1504.0,476.0,200.0,NAGJHARI,900.0,525.0
2026-05-07T14:39:55,07/05/2026 14:35,50.1,16611.0,4331.0,7037.0,2897.0,1504.0,476.0,200.0,VARAHI,460.0,264.0
2026-05-07T14:39:55,07/05/2026 14:35,50.1,16611.0,4331.0,7037.0,2897.0,1504.0,476.0,200.0,KODSALLI,120.0,39.0
2026-05-07T14:39:55,07/05/2026 14:35,50.1,16611.0,4331.0,7037.0,2897.0,1504.0,476.0,200.0,KADRA,150.0,0.0
2026-05-07T14:39:55,07/05/2026 14:35,50.1,16611.0,4331.0,7037.0,2897.0,1504.0,476.0,200.0,GERUSOPPA,240.0,0.0
2026-05-07T14:39:55,07/05/2026 14:35,50.1,16611.0,4331.0,7037.0,2897.0,1504.0,476.0,200.0,JOG,139.2,72.0
2026-05-07T14:39:55,07/05/2026 14:35,50.1,16611.0,4331.0,7037.0,2897.0,1504.0,476.0,200.0,LPH,55.0,13.0
2026-05-07T14:39:55,07/05/2026 14:35,50.1,16611.0,4331.0,7037.0,2897.0,1504.0,476.0,200.0,SUPA,100.0,74.0
2026-05-07T14:39:55,07/05/2026 14:35,50.1,16611.0,4331.0,7037.0,2897.0,1504.0,476.0,200.0,SHIMSHA,17.2,0.0
2026-05-07T14:39:55,07/05/2026 14:35,50.1,16611.0,4331.0,7037.0,2897.0,1504.0,476.0,200.0,SHIVASAMUDRA,42.0,0.0
2026-05-07T14:39:55,07/05/2026 14:35,50.1,16611.0,4331.0,7037.0,2897.0,1504.0,476.0,200.0,MANIDAM,9.0,2.0
2026-05-07T14:39:55,07/05/2026 14:35,50.1,16611.0,4331.0,7037.0,2897.0,1504.0,476.0,200.0,MUNRABAD,38.0,0.0
2026-05-07T14:39:55,07/05/2026 14:35,50.1,16611.0,4331.0,7037.0,2897.0,1504.0,476.0,200.0,BHADRA,39.2,0.0
2026-05-07T14:39:55,07/05/2026 14:35,50.1,16611.0,4331.0,7037.0,2897.0,1504.0,476.0,200.0,GHATAPRABHA,32.0,0.0
2026-05-07T14:39:55,07/05/2026 14:35,50.1,16611.0,4331.0,7037.0,2897.0,1504.0,476.0,200.0,ALMATTI,290.0,0.0
2026-05-07T14:39:55,07/05/2026 14:35,50.1,16611.0,4331.0,7037.0,2897.0,1504.0,476.0,200.0,JINDAL,1460.0,234.0
2026-05-07T14:39:55,07/05/2026 14:35,50.1,16611.0,4331.0,7037.0,2897.0,1504.0,476.0,200.0,UPCL,1200.0,476.0
2026-05-07T14:39:55,07/05/2026 14:35,50.1,16611.0,4331.0,7037.0,2897.0,1504.0,476.0,200.0,YCCP,370.0,0.0
2026-05-07T14:40:42,07/05/2026 14:35,50.1,16611.0,4331.0,7037.0,2897.0,1504.0,476.0,200.0,RTPS,1720.0,867.0
2026-05-07T14:40:42,07/05/2026 14:35,50.1,16611.0,4331.0,7037.0,2897.0,1504.0,476.0,200.0,BTPS,1700.0,1455.0
2026-05-07T14:40:42,07/05/2026 14:35,50.1,16611.0,4331.0,7037.0,2897.0,1504.0,476.0,200.0,YTPS,1600.0,575.0
2026-05-07T14:40:42,07/05/2026 14:35,50.1,16611.0,4331.0,7037.0,2897.0,1504.0,476.0,200.0,SHARAVATHI,1035.0,715.0
2026-05-07T14:40:42,07/05/2026 14:35,50.1,16611.0,4331.0,7037.0,2897.0,1504.0,476.0,200.0,NAGJHARI,900.0,525.0
2026-05-07T14:40:42,07/05/2026 14:35,50.1,16611.0,4331.0,7037.0,2897.0,1504.0,476.0,200.0,VARAHI,460.0,264.0
2026-05-07T14:40:42,07/05/2026 14:35,50.1,16611.0,4331.0,7037.0,2897.0,1504.0,476.0,200.0,KODSALLI,120.0,39.0
2026-05-07T14:40:42,07/05/2026 14:35,50.1,16611.0,4331.0,7037.0,2897.0,1504.0,476.0,200.0,KADRA,150.0,0.0
2026-05-07T14:40:42,07/05/2026 14:35,50.1,16611.0,4331.0,7037.0,2897.0,1504.0,476.0,200.0,GERUSOPPA,240.0,0.0
2026-05-07T14:40:42,07/05/2026 14:35,50.1,16611.0,4331.0,7037.0,2897.0,1504.0,476.0,200.0,JOG,139.2,72.0
2026-05-07T14:40:42,07/05/2026 14:35,50.1,16611.0,4331.0,7037.0,2897.0,1504.0,476.0,200.0,LPH,55.0,13.0
2026-05-07T14:40:42,07/05/2026 14:35,50.1,16611.0,4331.0,7037.0,2897.0,1504.0,476.0,200.0,SUPA,100.0,74.0
2026-05-07T14:40:42,07/05/2026 14:35,50.1,16611.0,4331.0,7037.0,2897.0,1504.0,476.0,200.0,SHIMSHA,17.2,0.0
2026-05-07T14:40:42,07/05/2026 14:35,50.1,16611.0,4331.0,7037.0,2897.0,1504.0,476.0,200.0,SHIVASAMUDRA,42.0,0.0
2026-05-07T14:40:42,07/05/2026 14:35,50.1,16611.0,4331.0,7037.0,2897.0,1504.0,476.0,200.0,MANIDAM,9.0,2.0
2026-05-07T14:40:42,07/05/2026 14:35,50.1,16611.0,4331.0,7037.0,2897.0,1504.0,476.0,200.0,MUNRABAD,38.0,0.0
2026-05-07T14:40:42,07/05/2026 14:35,50.1,16611.0,4331.0,7037.0,2897.0,1504.0,476.0,200.0,BHADRA,39.2,0.0
2026-05-07T14:40:42,07/05/2026 14:35,50.1,16611.0,4331.0,7037.0,2897.0,1504.0,476.0,200.0,GHATAPRABHA,32.0,0.0
2026-05-07T14:40:42,07/05/2026 14:35,50.1,16611.0,4331.0,7037.0,2897.0,1504.0,476.0,200.0,ALMATTI,290.0,0.0
2026-05-07T14:40:42,07/05/2026 14:35,50.1,16611.0,4331.0,7037.0,2897.0,1504.0,476.0,200.0,JINDAL,1460.0,234.0
2026-05-07T14:40:42,07/05/2026 14:35,50.1,16611.0,4331.0,7037.0,2897.0,1504.0,476.0,200.0,UPCL,1200.0,476.0
2026-05-07T14:40:42,07/05/2026 14:35,50.1,16611.0,4331.0,7037.0,2897.0,1504.0,476.0,200.0,YCCP,370.0,0.0
2026-05-07T14:42:24,07/05/2026 14:35,50.1,16611.0,4331.0,7037.0,2897.0,1504.0,476.0,200.0,RTPS,1720.0,867.0
2026-05-07T14:42:24,07/05/2026 14:35,50.1,16611.0,4331.0,7037.0,2897.0,1504.0,476.0,200.0,BTPS,1700.0,1455.0
2026-05-07T14:42:24,07/05/2026 14:35,50.1,16611.0,4331.0,7037.0,2897.0,1504.0,476.0,200.0,YTPS,1600.0,575.0
2026-05-07T14:42:24,07/05/2026 14:35,50.1,16611.0,4331.0,7037.0,2897.0,1504.0,476.0,200.0,SHARAVATHI,1035.0,715.0
2026-05-07T14:42:24,07/05/2026 14:35,50.1,16611.0,4331.0,7037.0,2897.0,1504.0,476.0,200.0,NAGJHARI,900.0,525.0
2026-05-07T14:42:24,07/05/2026 14:35,50.1,16611.0,4331.0,7037.0,2897.0,1504.0,476.0,200.0,VARAHI,460.0,264.0
2026-05-07T14:42:24,07/05/2026 14:35,50.1,16611.0,4331.0,7037.0,2897.0,1504.0,476.0,200.0,KODSALLI,120.0,39.0
2026-05-07T14:42:24,07/05/2026 14:35,50.1,16611.0,4331.0,7037.0,2897.0,1504.0,476.0,200.0,KADRA,150.0,0.0
2026-05-07T14:42:24,07/05/2026 14:35,50.1,16611.0,4331.0,7037.0,2897.0,1504.0,476.0,200.0,GERUSOPPA,240.0,0.0
2026-05-07T14:42:24,07/05/2026 14:35,50.1,16611.0,4331.0,7037.0,2897.0,1504.0,476.0,200.0,JOG,139.2,72.0
2026-05-07T14:42:24,07/05/2026 14:35,50.1,16611.0,4331.0,7037.0,2897.0,1504.0,476.0,200.0,LPH,55.0,13.0
2026-05-07T14:42:24,07/05/2026 14:35,50.1,16611.0,4331.0,7037.0,2897.0,1504.0,476.0,200.0,SUPA,100.0,74.0
2026-05-07T14:42:24,07/05/2026 14:35,50.1,16611.0,4331.0,7037.0,2897.0,1504.0,476.0,200.0,SHIMSHA,17.2,0.0
2026-05-07T14:42:24,07/05/2026 14:35,50.1,16611.0,4331.0,7037.0,2897.0,1504.0,476.0,200.0,SHIVASAMUDRA,42.0,0.0
2026-05-07T14:42:24,07/05/2026 14:35,50.1,16611.0,4331.0,7037.0,2897.0,1504.0,476.0,200.0,MANIDAM,9.0,2.0
2026-05-07T14:42:24,07/05/2026 14:35,50.1,16611.0,4331.0,7037.0,2897.0,1504.0,476.0,200.0,MUNRABAD,38.0,0.0
2026-05-07T14:42:24,07/05/2026 14:35,50.1,16611.0,4331.0,7037.0,2897.0,1504.0,476.0,200.0,BHADRA,39.2,0.0
2026-05-07T14:42:24,07/05/2026 14:35,50.1,16611.0,4331.0,7037.0,2897.0,1504.0,476.0,200.0,GHATAPRABHA,32.0,0.0
2026-05-07T14:42:24,07/05/2026 14:35,50.1,16611.0,4331.0,7037.0,2897.0,1504.0,476.0,200.0,ALMATTI,290.0,0.0
2026-05-07T14:42:24,07/05/2026 14:35,50.1,16611.0,4331.0,7037.0,2897.0,1504.0,476.0,200.0,JINDAL,1460.0,234.0
2026-05-07T14:42:24,07/05/2026 14:35,50.1,16611.0,4331.0,7037.0,2897.0,1504.0,476.0,200.0,UPCL,1200.0,476.0
2026-05-07T14:42:24,07/05/2026 14:35,50.1,16611.0,4331.0,7037.0,2897.0,1504.0,476.0,200.0,YCCP,370.0,0.0
2026-05-07T14:43:24,07/05/2026 14:35,50.1,16611.0,4331.0,7037.0,2897.0,1504.0,476.0,200.0,RTPS,1720.0,867.0
2026-05-07T14:43:24,07/05/2026 14:35,50.1,16611.0,4331.0,7037.0,2897.0,1504.0,476.0,200.0,BTPS,1700.0,1455.0
2026-05-07T14:43:24,07/05/2026 14:35,50.1,16611.0,4331.0,7037.0,2897.0,1504.0,476.0,200.0,YTPS,1600.0,575.0
2026-05-07T14:43:24,07/05/2026 14:35,50.1,16611.0,4331.0,7037.0,2897.0,1504.0,476.0,200.0,SHARAVATHI,1035.0,715.0
2026-05-07T14:43:24,07/05/2026 14:35,50.1,16611.0,4331.0,7037.0,2897.0,1504.0,476.0,200.0,NAGJHARI,900.0,525.0
2026-05-07T14:43:24,07/05/2026 14:35,50.1,16611.0,4331.0,7037.0,2897.0,1504.0,476.0,200.0,VARAHI,460.0,264.0
2026-05-07T14:43:24,07/05/2026 14:35,50.1,16611.0,4331.0,7037.0,2897.0,1504.0,476.0,200.0,KODSALLI,120.0,39.0
2026-05-07T14:43:24,07/05/2026 14:35,50.1,16611.0,4331.0,7037.0,2897.0,1504.0,476.0,200.0,KADRA,150.0,0.0
2026-05-07T14:43:24,07/05/2026 14:35,50.1,16611.0,4331.0,7037.0,2897.0,1504.0,476.0,200.0,GERUSOPPA,240.0,0.0
2026-05-07T14:43:24,07/05/2026 14:35,50.1,16611.0,4331.0,7037.0,2897.0,1504.0,476.0,200.0,JOG,139.2,72.0
2026-05-07T14:43:24,07/05/2026 14:35,50.1,16611.0,4331.0,7037.0,2897.0,1504.0,476.0,200.0,LPH,55.0,13.0
2026-05-07T14:43:24,07/05/2026 14:35,50.1,16611.0,4331.0,7037.0,2897.0,1504.0,476.0,200.0,SUPA,100.0,74.0
2026-05-07T14:43:24,07/05/2026 14:35,50.1,16611.0,4331.0,7037.0,2897.0,1504.0,476.0,200.0,SHIMSHA,17.2,0.0
2026-05-07T14:43:24,07/05/2026 14:35,50.1,16611.0,4331.0,7037.0,2897.0,1504.0,476.0,200.0,SHIVASAMUDRA,42.0,0.0
2026-05-07T14:43:24,07/05/2026 14:35,50.1,16611.0,4331.0,7037.0,2897.0,1504.0,476.0,200.0,MANIDAM,9.0,2.0
2026-05-07T14:43:24,07/05/2026 14:35,50.1,16611.0,4331.0,7037.0,2897.0,1504.0,476.0,200.0,MUNRABAD,38.0,0.0
2026-05-07T14:43:24,07/05/2026 14:35,50.1,16611.0,4331.0,7037.0,2897.0,1504.0,476.0,200.0,BHADRA,39.2,0.0
2026-05-07T14:43:24,07/05/2026 14:35,50.1,16611.0,4331.0,7037.0,2897.0,1504.0,476.0,200.0,GHATAPRABHA,32.0,0.0
2026-05-07T14:43:24,07/05/2026 14:35,50.1,16611.0,4331.0,7037.0,2897.0,1504.0,476.0,200.0,ALMATTI,290.0,0.0
2026-05-07T14:43:24,07/05/2026 14:35,50.1,16611.0,4331.0,7037.0,2897.0,1504.0,476.0,200.0,JINDAL,1460.0,234.0
2026-05-07T14:43:24,07/05/2026 14:35,50.1,16611.0,4331.0,7037.0,2897.0,1504.0,476.0,200.0,UPCL,1200.0,476.0
2026-05-07T14:43:24,07/05/2026 14:35,50.1,16611.0,4331.0,7037.0,2897.0,1504.0,476.0,200.0,YCCP,370.0,0.0
2026-05-07T14:44:26,07/05/2026 14:35,50.1,16611.0,4331.0,7037.0,2897.0,1504.0,476.0,200.0,RTPS,1720.0,867.0
2026-05-07T14:44:26,07/05/2026 14:35,50.1,16611.0,4331.0,7037.0,2897.0,1504.0,476.0,200.0,BTPS,1700.0,1455.0
2026-05-07T14:44:26,07/05/2026 14:35,50.1,16611.0,4331.0,7037.0,2897.0,1504.0,476.0,200.0,YTPS,1600.0,575.0
2026-05-07T14:44:26,07/05/2026 14:35,50.1,16611.0,4331.0,7037.0,2897.0,1504.0,476.0,200.0,SHARAVATHI,1035.0,715.0
2026-05-07T14:44:26,07/05/2026 14:35,50.1,16611.0,4331.0,7037.0,2897.0,1504.0,476.0,200.0,NAGJHARI,900.0,525.0
2026-05-07T14:44:26,07/05/2026 14:35,50.1,16611.0,4331.0,7037.0,2897.0,1504.0,476.0,200.0,VARAHI,460.0,264.0
2026-05-07T14:44:26,07/05/2026 14:35,50.1,16611.0,4331.0,7037.0,2897.0,1504.0,476.0,200.0,KODSALLI,120.0,39.0
2026-05-07T14:44:26,07/05/2026 14:35,50.1,16611.0,4331.0,7037.0,2897.0,1504.0,476.0,200.0,KADRA,150.0,0.0
2026-05-07T14:44:26,07/05/2026 14:35,50.1,16611.0,4331.0,7037.0,2897.0,1504.0,476.0,200.0,GERUSOPPA,240.0,0.0
2026-05-07T14:44:26,07/05/2026 14:35,50.1,16611.0,4331.0,7037.0,2897.0,1504.0,476.0,200.0,JOG,139.2,72.0
2026-05-07T14:44:26,07/05/2026 14:35,50.1,16611.0,4331.0,7037.0,2897.0,1504.0,476.0,200.0,LPH,55.0,13.0
2026-05-07T14:44:26,07/05/2026 14:35,50.1,16611.0,4331.0,7037.0,2897.0,1504.0,476.0,200.0,SUPA,100.0,74.0
2026-05-07T14:44:26,07/05/2026 14:35,50.1,16611.0,4331.0,7037.0,2897.0,1504.0,476.0,200.0,SHIMSHA,17.2,0.0
2026-05-07T14:44:26,07/05/2026 14:35,50.1,16611.0,4331.0,7037.0,2897.0,1504.0,476.0,200.0,SHIVASAMUDRA,42.0,0.0
2026-05-07T14:44:26,07/05/2026 14:35,50.1,16611.0,4331.0,7037.0,2897.0,1504.0,476.0,200.0,MANIDAM,9.0,2.0
2026-05-07T14:44:26,07/05/2026 14:35,50.1,16611.0,4331.0,7037.0,2897.0,1504.0,476.0,200.0,MUNRABAD,38.0,0.0
2026-05-07T14:44:26,07/05/2026 14:35,50.1,16611.0,4331.0,7037.0,2897.0,1504.0,476.0,200.0,BHADRA,39.2,0.0
2026-05-07T14:44:26,07/05/2026 14:35,50.1,16611.0,4331.0,7037.0,2897.0,1504.0,476.0,200.0,GHATAPRABHA,32.0,0.0
2026-05-07T14:44:26,07/05/2026 14:35,50.1,16611.0,4331.0,7037.0,2897.0,1504.0,476.0,200.0,ALMATTI,290.0,0.0
2026-05-07T14:44:26,07/05/2026 14:35,50.1,16611.0,4331.0,7037.0,2897.0,1504.0,476.0,200.0,JINDAL,1460.0,234.0
2026-05-07T14:44:26,07/05/2026 14:35,50.1,16611.0,4331.0,7037.0,2897.0,1504.0,476.0,200.0,UPCL,1200.0,476.0
2026-05-07T14:44:26,07/05/2026 14:35,50.1,16611.0,4331.0,7037.0,2897.0,1504.0,476.0,200.0,YCCP,370.0,0.0
2026-05-07T14:45:25,07/05/2026 14:35,50.1,16611.0,4331.0,7037.0,2897.0,1504.0,476.0,200.0,RTPS,1720.0,867.0
2026-05-07T14:45:25,07/05/2026 14:35,50.1,16611.0,4331.0,7037.0,2897.0,1504.0,476.0,200.0,BTPS,1700.0,1455.0
2026-05-07T14:45:25,07/05/2026 14:35,50.1,16611.0,4331.0,7037.0,2897.0,1504.0,476.0,200.0,YTPS,1600.0,575.0
2026-05-07T14:45:25,07/05/2026 14:35,50.1,16611.0,4331.0,7037.0,2897.0,1504.0,476.0,200.0,SHARAVATHI,1035.0,715.0
2026-05-07T14:45:25,07/05/2026 14:35,50.1,16611.0,4331.0,7037.0,2897.0,1504.0,476.0,200.0,NAGJHARI,900.0,525.0
2026-05-07T14:45:25,07/05/2026 14:35,50.1,16611.0,4331.0,7037.0,2897.0,1504.0,476.0,200.0,VARAHI,460.0,264.0
2026-05-07T14:45:25,07/05/2026 14:35,50.1,16611.0,4331.0,7037.0,2897.0,1504.0,476.0,200.0,KODSALLI,120.0,39.0
2026-05-07T14:45:25,07/05/2026 14:35,50.1,16611.0,4331.0,7037.0,2897.0,1504.0,476.0,200.0,KADRA,150.0,0.0
2026-05-07T14:45:25,07/05/2026 14:35,50.1,16611.0,4331.0,7037.0,2897.0,1504.0,476.0,200.0,GERUSOPPA,240.0,0.0
2026-05-07T14:45:25,07/05/2026 14:35,50.1,16611.0,4331.0,7037.0,2897.0,1504.0,476.0,200.0,JOG,139.2,72.0
2026-05-07T14:45:25,07/05/2026 14:35,50.1,16611.0,4331.0,7037.0,2897.0,1504.0,476.0,200.0,LPH,55.0,13.0
2026-05-07T14:45:25,07/05/2026 14:35,50.1,16611.0,4331.0,7037.0,2897.0,1504.0,476.0,200.0,SUPA,100.0,74.0
2026-05-07T14:45:25,07/05/2026 14:35,50.1,16611.0,4331.0,7037.0,2897.0,1504.0,476.0,200.0,SHIMSHA,17.2,0.0
2026-05-07T14:45:25,07/05/2026 14:35,50.1,16611.0,4331.0,7037.0,2897.0,1504.0,476.0,200.0,SHIVASAMUDRA,42.0,0.0
2026-05-07T14:45:25,07/05/2026 14:35,50.1,16611.0,4331.0,7037.0,2897.0,1504.0,476.0,200.0,MANIDAM,9.0,2.0
2026-05-07T14:45:25,07/05/2026 14:35,50.1,16611.0,4331.0,7037.0,2897.0,1504.0,476.0,200.0,MUNRABAD,38.0,0.0
2026-05-07T14:45:25,07/05/2026 14:35,50.1,16611.0,4331.0,7037.0,2897.0,1504.0,476.0,200.0,BHADRA,39.2,0.0
2026-05-07T14:45:25,07/05/2026 14:35,50.1,16611.0,4331.0,7037.0,2897.0,1504.0,476.0,200.0,GHATAPRABHA,32.0,0.0
2026-05-07T14:45:25,07/05/2026 14:35,50.1,16611.0,4331.0,7037.0,2897.0,1504.0,476.0,200.0,ALMATTI,290.0,0.0
2026-05-07T14:45:25,07/05/2026 14:35,50.1,16611.0,4331.0,7037.0,2897.0,1504.0,476.0,200.0,JINDAL,1460.0,234.0
2026-05-07T14:45:25,07/05/2026 14:35,50.1,16611.0,4331.0,7037.0,2897.0,1504.0,476.0,200.0,UPCL,1200.0,476.0
2026-05-07T14:45:25,07/05/2026 14:35,50.1,16611.0,4331.0,7037.0,2897.0,1504.0,476.0,200.0,YCCP,370.0,0.0
2026-05-07T14:46:25,07/05/2026 14:35,50.1,16611.0,4331.0,7037.0,2897.0,1504.0,476.0,200.0,RTPS,1720.0,867.0
2026-05-07T14:46:25,07/05/2026 14:35,50.1,16611.0,4331.0,7037.0,2897.0,1504.0,476.0,200.0,BTPS,1700.0,1455.0
2026-05-07T14:46:25,07/05/2026 14:35,50.1,16611.0,4331.0,7037.0,2897.0,1504.0,476.0,200.0,YTPS,1600.0,575.0
2026-05-07T14:46:25,07/05/2026 14:35,50.1,16611.0,4331.0,7037.0,2897.0,1504.0,476.0,200.0,SHARAVATHI,1035.0,715.0
2026-05-07T14:46:25,07/05/2026 14:35,50.1,16611.0,4331.0,7037.0,2897.0,1504.0,476.0,200.0,NAGJHARI,900.0,525.0
2026-05-07T14:46:25,07/05/2026 14:35,50.1,16611.0,4331.0,7037.0,2897.0,1504.0,476.0,200.0,VARAHI,460.0,264.0
2026-05-07T14:46:25,07/05/2026 14:35,50.1,16611.0,4331.0,7037.0,2897.0,1504.0,476.0,200.0,KODSALLI,120.0,39.0
2026-05-07T14:46:25,07/05/2026 14:35,50.1,16611.0,4331.0,7037.0,2897.0,1504.0,476.0,200.0,KADRA,150.0,0.0
2026-05-07T14:46:25,07/05/2026 14:35,50.1,16611.0,4331.0,7037.0,2897.0,1504.0,476.0,200.0,GERUSOPPA,240.0,0.0
2026-05-07T14:46:25,07/05/2026 14:35,50.1,16611.0,4331.0,7037.0,2897.0,1504.0,476.0,200.0,JOG,139.2,72.0
2026-05-07T14:46:25,07/05/2026 14:35,50.1,16611.0,4331.0,7037.0,2897.0,1504.0,476.0,200.0,LPH,55.0,13.0
2026-05-07T14:46:25,07/05/2026 14:35,50.1,16611.0,4331.0,7037.0,2897.0,1504.0,476.0,200.0,SUPA,100.0,74.0
2026-05-07T14:46:25,07/05/2026 14:35,50.1,16611.0,4331.0,7037.0,2897.0,1504.0,476.0,200.0,SHIMSHA,17.2,0.0
2026-05-07T14:46:25,07/05/2026 14:35,50.1,16611.0,4331.0,7037.0,2897.0,1504.0,476.0,200.0,SHIVASAMUDRA,42.0,0.0
2026-05-07T14:46:25,07/05/2026 14:35,50.1,16611.0,4331.0,7037.0,2897.0,1504.0,476.0,200.0,MANIDAM,9.0,2.0
2026-05-07T14:46:25,07/05/2026 14:35,50.1,16611.0,4331.0,7037.0,2897.0,1504.0,476.0,200.0,MUNRABAD,38.0,0.0
2026-05-07T14:46:25,07/05/2026 14:35,50.1,16611.0,4331.0,7037.0,2897.0,1504.0,476.0,200.0,BHADRA,39.2,0.0
2026-05-07T14:46:25,07/05/2026 14:35,50.1,16611.0,4331.0,7037.0,2897.0,1504.0,476.0,200.0,GHATAPRABHA,32.0,0.0
2026-05-07T14:46:25,07/05/2026 14:35,50.1,16611.0,4331.0,7037.0,2897.0,1504.0,476.0,200.0,ALMATTI,290.0,0.0
2026-05-07T14:46:25,07/05/2026 14:35,50.1,16611.0,4331.0,7037.0,2897.0,1504.0,476.0,200.0,JINDAL,1460.0,234.0
2026-05-07T14:46:25,07/05/2026 14:35,50.1,16611.0,4331.0,7037.0,2897.0,1504.0,476.0,200.0,UPCL,1200.0,476.0
2026-05-07T14:46:25,07/05/2026 14:35,50.1,16611.0,4331.0,7037.0,2897.0,1504.0,476.0,200.0,YCCP,370.0,0.0
2026-05-07T14:47:21,07/05/2026 14:35,50.1,16611.0,4331.0,7037.0,2897.0,1504.0,476.0,200.0,RTPS,1720.0,867.0
2026-05-07T14:47:21,07/05/2026 14:35,50.1,16611.0,4331.0,7037.0,2897.0,1504.0,476.0,200.0,BTPS,1700.0,1455.0
2026-05-07T14:47:21,07/05/2026 14:35,50.1,16611.0,4331.0,7037.0,2897.0,1504.0,476.0,200.0,YTPS,1600.0,575.0
2026-05-07T14:47:21,07/05/2026 14:35,50.1,16611.0,4331.0,7037.0,2897.0,1504.0,476.0,200.0,SHARAVATHI,1035.0,715.0
2026-05-07T14:47:21,07/05/2026 14:35,50.1,16611.0,4331.0,7037.0,2897.0,1504.0,476.0,200.0,NAGJHARI,900.0,525.0
2026-05-07T14:47:21,07/05/2026 14:35,50.1,16611.0,4331.0,7037.0,2897.0,1504.0,476.0,200.0,VARAHI,460.0,264.0
2026-05-07T14:47:21,07/05/2026 14:35,50.1,16611.0,4331.0,7037.0,2897.0,1504.0,476.0,200.0,KODSALLI,120.0,39.0
2026-05-07T14:47:21,07/05/2026 14:35,50.1,16611.0,4331.0,7037.0,2897.0,1504.0,476.0,200.0,KADRA,150.0,0.0
2026-05-07T14:47:21,07/05/2026 14:35,50.1,16611.0,4331.0,7037.0,2897.0,1504.0,476.0,200.0,GERUSOPPA,240.0,0.0
2026-05-07T14:47:21,07/05/2026 14:35,50.1,16611.0,4331.0,7037.0,2897.0,1504.0,476.0,200.0,JOG,139.2,72.0
2026-05-07T14:47:21,07/05/2026 14:35,50.1,16611.0,4331.0,7037.0,2897.0,1504.0,476.0,200.0,LPH,55.0,13.0
2026-05-07T14:47:21,07/05/2026 14:35,50.1,16611.0,4331.0,7037.0,2897.0,1504.0,476.0,200.0,SUPA,100.0,74.0
2026-05-07T14:47:21,07/05/2026 14:35,50.1,16611.0,4331.0,7037.0,2897.0,1504.0,476.0,200.0,SHIMSHA,17.2,0.0
2026-05-07T14:47:21,07/05/2026 14:35,50.1,16611.0,4331.0,7037.0,2897.0,1504.0,476.0,200.0,SHIVASAMUDRA,42.0,0.0
2026-05-07T14:47:21,07/05/2026 14:35,50.1,16611.0,4331.0,7037.0,2897.0,1504.0,476.0,200.0,MANIDAM,9.0,2.0
2026-05-07T14:47:21,07/05/2026 14:35,50.1,16611.0,4331.0,7037.0,2897.0,1504.0,476.0,200.0,MUNRABAD,38.0,0.0
2026-05-07T14:47:21,07/05/2026 14:35,50.1,16611.0,4331.0,7037.0,2897.0,1504.0,476.0,200.0,BHADRA,39.2,0.0
2026-05-07T14:47:21,07/05/2026 14:35,50.1,16611.0,4331.0,7037.0,2897.0,1504.0,476.0,200.0,GHATAPRABHA,32.0,0.0
2026-05-07T14:47:21,07/05/2026 14:35,50.1,16611.0,4331.0,7037.0,2897.0,1504.0,476.0,200.0,ALMATTI,290.0,0.0
2026-05-07T14:47:21,07/05/2026 14:35,50.1,16611.0,4331.0,7037.0,2897.0,1504.0,476.0,200.0,JINDAL,1460.0,234.0
2026-05-07T14:47:21,07/05/2026 14:35,50.1,16611.0,4331.0,7037.0,2897.0,1504.0,476.0,200.0,UPCL,1200.0,476.0
2026-05-07T14:47:21,07/05/2026 14:35,50.1,16611.0,4331.0,7037.0,2897.0,1504.0,476.0,200.0,YCCP,370.0,0.0
2026-05-07T14:48:26,07/05/2026 14:45,50.07,16599.0,4373.0,7069.0,2882.0,1431.0,475.0,199.0,RTPS,1720.0,867.0
2026-05-07T14:48:26,07/05/2026 14:45,50.07,16599.0,4373.0,7069.0,2882.0,1431.0,475.0,199.0,BTPS,1700.0,1442.0
2026-05-07T14:48:26,07/05/2026 14:45,50.07,16599.0,4373.0,7069.0,2882.0,1431.0,475.0,199.0,YTPS,1600.0,573.0
2026-05-07T14:48:26,07/05/2026 14:45,50.07,16599.0,4373.0,7069.0,2882.0,1431.0,475.0,199.0,SHARAVATHI,1035.0,680.0
2026-05-07T14:48:26,07/05/2026 14:45,50.07,16599.0,4373.0,7069.0,2882.0,1431.0,475.0,199.0,NAGJHARI,900.0,532.0
2026-05-07T14:48:26,07/05/2026 14:45,50.07,16599.0,4373.0,7069.0,2882.0,1431.0,475.0,199.0,VARAHI,460.0,219.0
2026-05-07T14:48:26,07/05/2026 14:45,50.07,16599.0,4373.0,7069.0,2882.0,1431.0,475.0,199.0,KODSALLI,120.0,39.0
2026-05-07T14:48:26,07/05/2026 14:45,50.07,16599.0,4373.0,7069.0,2882.0,1431.0,475.0,199.0,KADRA,150.0,0.0
2026-05-07T14:48:26,07/05/2026 14:45,50.07,16599.0,4373.0,7069.0,2882.0,1431.0,475.0,199.0,GERUSOPPA,240.0,0.0
2026-05-07T14:48:26,07/05/2026 14:45,50.07,16599.0,4373.0,7069.0,2882.0,1431.0,475.0,199.0,JOG,139.2,72.0
2026-05-07T14:48:26,07/05/2026 14:45,50.07,16599.0,4373.0,7069.0,2882.0,1431.0,475.0,199.0,LPH,55.0,12.0
2026-05-07T14:48:26,07/05/2026 14:45,50.07,16599.0,4373.0,7069.0,2882.0,1431.0,475.0,199.0,SUPA,100.0,74.0
2026-05-07T14:48:26,07/05/2026 14:45,50.07,16599.0,4373.0,7069.0,2882.0,1431.0,475.0,199.0,SHIMSHA,17.2,0.0
2026-05-07T14:48:26,07/05/2026 14:45,50.07,16599.0,4373.0,7069.0,2882.0,1431.0,475.0,199.0,SHIVASAMUDRA,42.0,0.0
2026-05-07T14:48:26,07/05/2026 14:45,50.07,16599.0,4373.0,7069.0,2882.0,1431.0,475.0,199.0,MANIDAM,9.0,2.0
2026-05-07T14:48:26,07/05/2026 14:45,50.07,16599.0,4373.0,7069.0,2882.0,1431.0,475.0,199.0,MUNRABAD,38.0,0.0
2026-05-07T14:48:26,07/05/2026 14:45,50.07,16599.0,4373.0,7069.0,2882.0,1431.0,475.0,199.0,BHADRA,39.2,0.0
2026-05-07T14:48:26,07/05/2026 14:45,50.07,16599.0,4373.0,7069.0,2882.0,1431.0,475.0,199.0,GHATAPRABHA,32.0,0.0
2026-05-07T14:48:26,07/05/2026 14:45,50.07,16599.0,4373.0,7069.0,2882.0,1431.0,475.0,199.0,ALMATTI,290.0,0.0
2026-05-07T14:48:26,07/05/2026 14:45,50.07,16599.0,4373.0,7069.0,2882.0,1431.0,475.0,199.0,JINDAL,1460.0,145.0
2026-05-07T14:48:26,07/05/2026 14:45,50.07,16599.0,4373.0,7069.0,2882.0,1431.0,475.0,199.0,UPCL,1200.0,475.0
2026-05-07T14:48:26,07/05/2026 14:45,50.07,16599.0,4373.0,7069.0,2882.0,1431.0,475.0,199.0,YCCP,370.0,0.0
2026-05-07T14:49:25,07/05/2026 14:45,50.07,16599.0,4373.0,7069.0,2882.0,1431.0,475.0,199.0,RTPS,1720.0,867.0
2026-05-07T14:49:25,07/05/2026 14:45,50.07,16599.0,4373.0,7069.0,2882.0,1431.0,475.0,199.0,BTPS,1700.0,1442.0
2026-05-07T14:49:25,07/05/2026 14:45,50.07,16599.0,4373.0,7069.0,2882.0,1431.0,475.0,199.0,YTPS,1600.0,573.0
2026-05-07T14:49:25,07/05/2026 14:45,50.07,16599.0,4373.0,7069.0,2882.0,1431.0,475.0,199.0,SHARAVATHI,1035.0,680.0
2026-05-07T14:49:25,07/05/2026 14:45,50.07,16599.0,4373.0,7069.0,2882.0,1431.0,475.0,199.0,NAGJHARI,900.0,532.0
2026-05-07T14:49:25,07/05/2026 14:45,50.07,16599.0,4373.0,7069.0,2882.0,1431.0,475.0,199.0,VARAHI,460.0,219.0
2026-05-07T14:49:25,07/05/2026 14:45,50.07,16599.0,4373.0,7069.0,2882.0,1431.0,475.0,199.0,KODSALLI,120.0,39.0
2026-05-07T14:49:25,07/05/2026 14:45,50.07,16599.0,4373.0,7069.0,2882.0,1431.0,475.0,199.0,KADRA,150.0,0.0
2026-05-07T14:49:25,07/05/2026 14:45,50.07,16599.0,4373.0,7069.0,2882.0,1431.0,475.0,199.0,GERUSOPPA,240.0,0.0
2026-05-07T14:49:25,07/05/2026 14:45,50.07,16599.0,4373.0,7069.0,2882.0,1431.0,475.0,199.0,JOG,139.2,72.0
2026-05-07T14:49:25,07/05/2026 14:45,50.07,16599.0,4373.0,7069.0,2882.0,1431.0,475.0,199.0,LPH,55.0,12.0
2026-05-07T14:49:25,07/05/2026 14:45,50.07,16599.0,4373.0,7069.0,2882.0,1431.0,475.0,199.0,SUPA,100.0,74.0
2026-05-07T14:49:25,07/05/2026 14:45,50.07,16599.0,4373.0,7069.0,2882.0,1431.0,475.0,199.0,SHIMSHA,17.2,0.0
2026-05-07T14:49:25,07/05/2026 14:45,50.07,16599.0,4373.0,7069.0,2882.0,1431.0,475.0,199.0,SHIVASAMUDRA,42.0,0.0
2026-05-07T14:49:25,07/05/2026 14:45,50.07,16599.0,4373.0,7069.0,2882.0,1431.0,475.0,199.0,MANIDAM,9.0,2.0
2026-05-07T14:49:25,07/05/2026 14:45,50.07,16599.0,4373.0,7069.0,2882.0,1431.0,475.0,199.0,MUNRABAD,38.0,0.0
2026-05-07T14:49:25,07/05/2026 14:45,50.07,16599.0,4373.0,7069.0,2882.0,1431.0,475.0,199.0,BHADRA,39.2,0.0
2026-05-07T14:49:25,07/05/2026 14:45,50.07,16599.0,4373.0,7069.0,2882.0,1431.0,475.0,199.0,GHATAPRABHA,32.0,0.0
2026-05-07T14:49:25,07/05/2026 14:45,50.07,16599.0,4373.0,7069.0,2882.0,1431.0,475.0,199.0,ALMATTI,290.0,0.0
2026-05-07T14:49:25,07/05/2026 14:45,50.07,16599.0,4373.0,7069.0,2882.0,1431.0,475.0,199.0,JINDAL,1460.0,145.0
2026-05-07T14:49:25,07/05/2026 14:45,50.07,16599.0,4373.0,7069.0,2882.0,1431.0,475.0,199.0,UPCL,1200.0,475.0
2026-05-07T14:49:25,07/05/2026 14:45,50.07,16599.0,4373.0,7069.0,2882.0,1431.0,475.0,199.0,YCCP,370.0,0.0
2026-05-07T14:50:27,07/05/2026 14:45,50.07,16599.0,4373.0,7069.0,2882.0,1431.0,475.0,199.0,RTPS,1720.0,867.0
2026-05-07T14:50:27,07/05/2026 14:45,50.07,16599.0,4373.0,7069.0,2882.0,1431.0,475.0,199.0,BTPS,1700.0,1442.0
2026-05-07T14:50:27,07/05/2026 14:45,50.07,16599.0,4373.0,7069.0,2882.0,1431.0,475.0,199.0,YTPS,1600.0,573.0
2026-05-07T14:50:27,07/05/2026 14:45,50.07,16599.0,4373.0,7069.0,2882.0,1431.0,475.0,199.0,SHARAVATHI,1035.0,680.0
2026-05-07T14:50:27,07/05/2026 14:45,50.07,16599.0,4373.0,7069.0,2882.0,1431.0,475.0,199.0,NAGJHARI,900.0,532.0
2026-05-07T14:50:27,07/05/2026 14:45,50.07,16599.0,4373.0,7069.0,2882.0,1431.0,475.0,199.0,VARAHI,460.0,219.0
2026-05-07T14:50:27,07/05/2026 14:45,50.07,16599.0,4373.0,7069.0,2882.0,1431.0,475.0,199.0,KODSALLI,120.0,39.0
2026-05-07T14:50:27,07/05/2026 14:45,50.07,16599.0,4373.0,7069.0,2882.0,1431.0,475.0,199.0,KADRA,150.0,0.0
2026-05-07T14:50:27,07/05/2026 14:45,50.07,16599.0,4373.0,7069.0,2882.0,1431.0,475.0,199.0,GERUSOPPA,240.0,0.0
2026-05-07T14:50:27,07/05/2026 14:45,50.07,16599.0,4373.0,7069.0,2882.0,1431.0,475.0,199.0,JOG,139.2,72.0
2026-05-07T14:50:27,07/05/2026 14:45,50.07,16599.0,4373.0,7069.0,2882.0,1431.0,475.0,199.0,LPH,55.0,12.0
2026-05-07T14:50:27,07/05/2026 14:45,50.07,16599.0,4373.0,7069.0,2882.0,1431.0,475.0,199.0,SUPA,100.0,74.0
2026-05-07T14:50:27,07/05/2026 14:45,50.07,16599.0,4373.0,7069.0,2882.0,1431.0,475.0,199.0,SHIMSHA,17.2,0.0
2026-05-07T14:50:27,07/05/2026 14:45,50.07,16599.0,4373.0,7069.0,2882.0,1431.0,475.0,199.0,SHIVASAMUDRA,42.0,0.0
2026-05-07T14:50:27,07/05/2026 14:45,50.07,16599.0,4373.0,7069.0,2882.0,1431.0,475.0,199.0,MANIDAM,9.0,2.0
2026-05-07T14:50:27,07/05/2026 14:45,50.07,16599.0,4373.0,7069.0,2882.0,1431.0,475.0,199.0,MUNRABAD,38.0,0.0
2026-05-07T14:50:27,07/05/2026 14:45,50.07,16599.0,4373.0,7069.0,2882.0,1431.0,475.0,199.0,BHADRA,39.2,0.0
2026-05-07T14:50:27,07/05/2026 14:45,50.07,16599.0,4373.0,7069.0,2882.0,1431.0,475.0,199.0,GHATAPRABHA,32.0,0.0
2026-05-07T14:50:27,07/05/2026 14:45,50.07,16599.0,4373.0,7069.0,2882.0,1431.0,475.0,199.0,ALMATTI,290.0,0.0
2026-05-07T14:50:27,07/05/2026 14:45,50.07,16599.0,4373.0,7069.0,2882.0,1431.0,475.0,199.0,JINDAL,1460.0,145.0
2026-05-07T14:50:27,07/05/2026 14:45,50.07,16599.0,4373.0,7069.0,2882.0,1431.0,475.0,199.0,UPCL,1200.0,475.0
2026-05-07T14:50:27,07/05/2026 14:45,50.07,16599.0,4373.0,7069.0,2882.0,1431.0,475.0,199.0,YCCP,370.0,0.0
2026-05-07T14:51:25,07/05/2026 14:45,50.07,16599.0,4373.0,7069.0,2882.0,1431.0,475.0,199.0,RTPS,1720.0,867.0
2026-05-07T14:51:25,07/05/2026 14:45,50.07,16599.0,4373.0,7069.0,2882.0,1431.0,475.0,199.0,BTPS,1700.0,1442.0
2026-05-07T14:51:25,07/05/2026 14:45,50.07,16599.0,4373.0,7069.0,2882.0,1431.0,475.0,199.0,YTPS,1600.0,573.0
2026-05-07T14:51:25,07/05/2026 14:45,50.07,16599.0,4373.0,7069.0,2882.0,1431.0,475.0,199.0,SHARAVATHI,1035.0,680.0
2026-05-07T14:51:25,07/05/2026 14:45,50.07,16599.0,4373.0,7069.0,2882.0,1431.0,475.0,199.0,NAGJHARI,900.0,532.0
2026-05-07T14:51:25,07/05/2026 14:45,50.07,16599.0,4373.0,7069.0,2882.0,1431.0,475.0,199.0,VARAHI,460.0,219.0
2026-05-07T14:51:25,07/05/2026 14:45,50.07,16599.0,4373.0,7069.0,2882.0,1431.0,475.0,199.0,KODSALLI,120.0,39.0
2026-05-07T14:51:25,07/05/2026 14:45,50.07,16599.0,4373.0,7069.0,2882.0,1431.0,475.0,199.0,KADRA,150.0,0.0
2026-05-07T14:51:25,07/05/2026 14:45,50.07,16599.0,4373.0,7069.0,2882.0,1431.0,475.0,199.0,GERUSOPPA,240.0,0.0
2026-05-07T14:51:25,07/05/2026 14:45,50.07,16599.0,4373.0,7069.0,2882.0,1431.0,475.0,199.0,JOG,139.2,72.0
2026-05-07T14:51:25,07/05/2026 14:45,50.07,16599.0,4373.0,7069.0,2882.0,1431.0,475.0,199.0,LPH,55.0,12.0
2026-05-07T14:51:25,07/05/2026 14:45,50.07,16599.0,4373.0,7069.0,2882.0,1431.0,475.0,199.0,SUPA,100.0,74.0
2026-05-07T14:51:25,07/05/2026 14:45,50.07,16599.0,4373.0,7069.0,2882.0,1431.0,475.0,199.0,SHIMSHA,17.2,0.0
2026-05-07T14:51:25,07/05/2026 14:45,50.07,16599.0,4373.0,7069.0,2882.0,1431.0,475.0,199.0,SHIVASAMUDRA,42.0,0.0
2026-05-07T14:51:25,07/05/2026 14:45,50.07,16599.0,4373.0,7069.0,2882.0,1431.0,475.0,199.0,MANIDAM,9.0,2.0
2026-05-07T14:51:25,07/05/2026 14:45,50.07,16599.0,4373.0,7069.0,2882.0,1431.0,475.0,199.0,MUNRABAD,38.0,0.0
2026-05-07T14:51:25,07/05/2026 14:45,50.07,16599.0,4373.0,7069.0,2882.0,1431.0,475.0,199.0,BHADRA,39.2,0.0
2026-05-07T14:51:25,07/05/2026 14:45,50.07,16599.0,4373.0,7069.0,2882.0,1431.0,475.0,199.0,GHATAPRABHA,32.0,0.0
2026-05-07T14:51:25,07/05/2026 14:45,50.07,16599.0,4373.0,7069.0,2882.0,1431.0,475.0,199.0,ALMATTI,290.0,0.0
2026-05-07T14:51:25,07/05/2026 14:45,50.07,16599.0,4373.0,7069.0,2882.0,1431.0,475.0,199.0,JINDAL,1460.0,145.0
2026-05-07T14:51:25,07/05/2026 14:45,50.07,16599.0,4373.0,7069.0,2882.0,1431.0,475.0,199.0,UPCL,1200.0,475.0
2026-05-07T14:51:25,07/05/2026 14:45,50.07,16599.0,4373.0,7069.0,2882.0,1431.0,475.0,199.0,YCCP,370.0,0.0
2026-05-07T14:52:58,07/05/2026 14:45,50.07,16599.0,4373.0,7069.0,2882.0,1431.0,475.0,199.0,RTPS,1720.0,867.0
2026-05-07T14:52:58,07/05/2026 14:45,50.07,16599.0,4373.0,7069.0,2882.0,1431.0,475.0,199.0,BTPS,1700.0,1442.0
2026-05-07T14:52:58,07/05/2026 14:45,50.07,16599.0,4373.0,7069.0,2882.0,1431.0,475.0,199.0,YTPS,1600.0,573.0
2026-05-07T14:52:58,07/05/2026 14:45,50.07,16599.0,4373.0,7069.0,2882.0,1431.0,475.0,199.0,SHARAVATHI,1035.0,680.0
2026-05-07T14:52:58,07/05/2026 14:45,50.07,16599.0,4373.0,7069.0,2882.0,1431.0,475.0,199.0,NAGJHARI,900.0,532.0
2026-05-07T14:52:58,07/05/2026 14:45,50.07,16599.0,4373.0,7069.0,2882.0,1431.0,475.0,199.0,VARAHI,460.0,219.0
2026-05-07T14:52:58,07/05/2026 14:45,50.07,16599.0,4373.0,7069.0,2882.0,1431.0,475.0,199.0,KODSALLI,120.0,39.0
2026-05-07T14:52:58,07/05/2026 14:45,50.07,16599.0,4373.0,7069.0,2882.0,1431.0,475.0,199.0,KADRA,150.0,0.0
2026-05-07T14:52:58,07/05/2026 14:45,50.07,16599.0,4373.0,7069.0,2882.0,1431.0,475.0,199.0,GERUSOPPA,240.0,0.0
2026-05-07T14:52:58,07/05/2026 14:45,50.07,16599.0,4373.0,7069.0,2882.0,1431.0,475.0,199.0,JOG,139.2,72.0
2026-05-07T14:52:58,07/05/2026 14:45,50.07,16599.0,4373.0,7069.0,2882.0,1431.0,475.0,199.0,LPH,55.0,12.0
2026-05-07T14:52:58,07/05/2026 14:45,50.07,16599.0,4373.0,7069.0,2882.0,1431.0,475.0,199.0,SUPA,100.0,74.0
2026-05-07T14:52:58,07/05/2026 14:45,50.07,16599.0,4373.0,7069.0,2882.0,1431.0,475.0,199.0,SHIMSHA,17.2,0.0
2026-05-07T14:52:58,07/05/2026 14:45,50.07,16599.0,4373.0,7069.0,2882.0,1431.0,475.0,199.0,SHIVASAMUDRA,42.0,0.0
2026-05-07T14:52:58,07/05/2026 14:45,50.07,16599.0,4373.0,7069.0,2882.0,1431.0,475.0,199.0,MANIDAM,9.0,2.0
2026-05-07T14:52:58,07/05/2026 14:45,50.07,16599.0,4373.0,7069.0,2882.0,1431.0,475.0,199.0,MUNRABAD,38.0,0.0
2026-05-07T14:52:58,07/05/2026 14:45,50.07,16599.0,4373.0,7069.0,2882.0,1431.0,475.0,199.0,BHADRA,39.2,0.0
2026-05-07T14:52:58,07/05/2026 14:45,50.07,16599.0,4373.0,7069.0,2882.0,1431.0,475.0,199.0,GHATAPRABHA,32.0,0.0
2026-05-07T14:52:58,07/05/2026 14:45,50.07,16599.0,4373.0,7069.0,2882.0,1431.0,475.0,199.0,ALMATTI,290.0,0.0
2026-05-07T14:52:58,07/05/2026 14:45,50.07,16599.0,4373.0,7069.0,2882.0,1431.0,475.0,199.0,JINDAL,1460.0,145.0
2026-05-07T14:52:58,07/05/2026 14:45,50.07,16599.0,4373.0,7069.0,2882.0,1431.0,475.0,199.0,UPCL,1200.0,475.0
2026-05-07T14:52:58,07/05/2026 14:45,50.07,16599.0,4373.0,7069.0,2882.0,1431.0,475.0,199.0,YCCP,370.0,0.0
2026-05-07T14:53:58,07/05/2026 14:50,50.06,16612.0,4389.0,7109.0,2881.0,1429.0,475.0,199.0,RTPS,1720.0,862.0
2026-05-07T14:53:58,07/05/2026 14:50,50.06,16612.0,4389.0,7109.0,2881.0,1429.0,475.0,199.0,BTPS,1700.0,1446.0
2026-05-07T14:53:58,07/05/2026 14:50,50.06,16612.0,4389.0,7109.0,2881.0,1429.0,475.0,199.0,YTPS,1600.0,573.0
2026-05-07T14:53:58,07/05/2026 14:50,50.06,16612.0,4389.0,7109.0,2881.0,1429.0,475.0,199.0,SHARAVATHI,1035.0,677.0
2026-05-07T14:53:58,07/05/2026 14:50,50.06,16612.0,4389.0,7109.0,2881.0,1429.0,475.0,199.0,NAGJHARI,900.0,532.0
2026-05-07T14:53:58,07/05/2026 14:50,50.06,16612.0,4389.0,7109.0,2881.0,1429.0,475.0,199.0,VARAHI,460.0,220.0
2026-05-07T14:53:58,07/05/2026 14:50,50.06,16612.0,4389.0,7109.0,2881.0,1429.0,475.0,199.0,KODSALLI,120.0,39.0
2026-05-07T14:53:58,07/05/2026 14:50,50.06,16612.0,4389.0,7109.0,2881.0,1429.0,475.0,199.0,KADRA,150.0,0.0
2026-05-07T14:53:58,07/05/2026 14:50,50.06,16612.0,4389.0,7109.0,2881.0,1429.0,475.0,199.0,GERUSOPPA,240.0,0.0
2026-05-07T14:53:58,07/05/2026 14:50,50.06,16612.0,4389.0,7109.0,2881.0,1429.0,475.0,199.0,JOG,139.2,72.0
2026-05-07T14:53:58,07/05/2026 14:50,50.06,16612.0,4389.0,7109.0,2881.0,1429.0,475.0,199.0,LPH,55.0,12.0
2026-05-07T14:53:58,07/05/2026 14:50,50.06,16612.0,4389.0,7109.0,2881.0,1429.0,475.0,199.0,SUPA,100.0,74.0
2026-05-07T14:53:58,07/05/2026 14:50,50.06,16612.0,4389.0,7109.0,2881.0,1429.0,475.0,199.0,SHIMSHA,17.2,0.0
2026-05-07T14:53:58,07/05/2026 14:50,50.06,16612.0,4389.0,7109.0,2881.0,1429.0,475.0,199.0,SHIVASAMUDRA,42.0,0.0
2026-05-07T14:53:58,07/05/2026 14:50,50.06,16612.0,4389.0,7109.0,2881.0,1429.0,475.0,199.0,MANIDAM,9.0,2.0
2026-05-07T14:53:58,07/05/2026 14:50,50.06,16612.0,4389.0,7109.0,2881.0,1429.0,475.0,199.0,MUNRABAD,38.0,0.0
2026-05-07T14:53:58,07/05/2026 14:50,50.06,16612.0,4389.0,7109.0,2881.0,1429.0,475.0,199.0,BHADRA,39.2,0.0
2026-05-07T14:53:58,07/05/2026 14:50,50.06,16612.0,4389.0,7109.0,2881.0,1429.0,475.0,199.0,GHATAPRABHA,32.0,0.0
2026-05-07T14:53:58,07/05/2026 14:50,50.06,16612.0,4389.0,7109.0,2881.0,1429.0,475.0,199.0,ALMATTI,290.0,0.0
2026-05-07T14:53:58,07/05/2026 14:50,50.06,16612.0,4389.0,7109.0,2881.0,1429.0,475.0,199.0,JINDAL,1460.0,114.0
2026-05-07T14:53:58,07/05/2026 14:50,50.06,16612.0,4389.0,7109.0,2881.0,1429.0,475.0,199.0,UPCL,1200.0,475.0
2026-05-07T14:53:58,07/05/2026 14:50,50.06,16612.0,4389.0,7109.0,2881.0,1429.0,475.0,199.0,YCCP,370.0,0.0
2026-05-07T14:54:58,07/05/2026 14:50,50.06,16612.0,4389.0,7109.0,2881.0,1429.0,475.0,199.0,RTPS,1720.0,862.0
2026-05-07T14:54:58,07/05/2026 14:50,50.06,16612.0,4389.0,7109.0,2881.0,1429.0,475.0,199.0,BTPS,1700.0,1446.0
2026-05-07T14:54:58,07/05/2026 14:50,50.06,16612.0,4389.0,7109.0,2881.0,1429.0,475.0,199.0,YTPS,1600.0,573.0
2026-05-07T14:54:58,07/05/2026 14:50,50.06,16612.0,4389.0,7109.0,2881.0,1429.0,475.0,199.0,SHARAVATHI,1035.0,677.0
2026-05-07T14:54:58,07/05/2026 14:50,50.06,16612.0,4389.0,7109.0,2881.0,1429.0,475.0,199.0,NAGJHARI,900.0,532.0
2026-05-07T14:54:58,07/05/2026 14:50,50.06,16612.0,4389.0,7109.0,2881.0,1429.0,475.0,199.0,VARAHI,460.0,220.0
2026-05-07T14:54:58,07/05/2026 14:50,50.06,16612.0,4389.0,7109.0,2881.0,1429.0,475.0,199.0,KODSALLI,120.0,39.0
2026-05-07T14:54:58,07/05/2026 14:50,50.06,16612.0,4389.0,7109.0,2881.0,1429.0,475.0,199.0,KADRA,150.0,0.0
2026-05-07T14:54:58,07/05/2026 14:50,50.06,16612.0,4389.0,7109.0,2881.0,1429.0,475.0,199.0,GERUSOPPA,240.0,0.0
2026-05-07T14:54:58,07/05/2026 14:50,50.06,16612.0,4389.0,7109.0,2881.0,1429.0,475.0,199.0,JOG,139.2,72.0
2026-05-07T14:54:58,07/05/2026 14:50,50.06,16612.0,4389.0,7109.0,2881.0,1429.0,475.0,199.0,LPH,55.0,12.0
2026-05-07T14:54:58,07/05/2026 14:50,50.06,16612.0,4389.0,7109.0,2881.0,1429.0,475.0,199.0,SUPA,100.0,74.0
2026-05-07T14:54:58,07/05/2026 14:50,50.06,16612.0,4389.0,7109.0,2881.0,1429.0,475.0,199.0,SHIMSHA,17.2,0.0
2026-05-07T14:54:58,07/05/2026 14:50,50.06,16612.0,4389.0,7109.0,2881.0,1429.0,475.0,199.0,SHIVASAMUDRA,42.0,0.0
2026-05-07T14:54:58,07/05/2026 14:50,50.06,16612.0,4389.0,7109.0,2881.0,1429.0,475.0,199.0,MANIDAM,9.0,2.0
2026-05-07T14:54:58,07/05/2026 14:50,50.06,16612.0,4389.0,7109.0,2881.0,1429.0,475.0,199.0,MUNRABAD,38.0,0.0
2026-05-07T14:54:58,07/05/2026 14:50,50.06,16612.0,4389.0,7109.0,2881.0,1429.0,475.0,199.0,BHADRA,39.2,0.0
2026-05-07T14:54:58,07/05/2026 14:50,50.06,16612.0,4389.0,7109.0,2881.0,1429.0,475.0,199.0,GHATAPRABHA,32.0,0.0
2026-05-07T14:54:58,07/05/2026 14:50,50.06,16612.0,4389.0,7109.0,2881.0,1429.0,475.0,199.0,ALMATTI,290.0,0.0
2026-05-07T14:54:58,07/05/2026 14:50,50.06,16612.0,4389.0,7109.0,2881.0,1429.0,475.0,199.0,JINDAL,1460.0,114.0
2026-05-07T14:54:58,07/05/2026 14:50,50.06,16612.0,4389.0,7109.0,2881.0,1429.0,475.0,199.0,UPCL,1200.0,475.0
2026-05-07T14:54:58,07/05/2026 14:50,50.06,16612.0,4389.0,7109.0,2881.0,1429.0,475.0,199.0,YCCP,370.0,0.0
2026-05-07T14:56:00,07/05/2026 14:50,50.06,16612.0,4389.0,7109.0,2881.0,1429.0,475.0,199.0,RTPS,1720.0,862.0
2026-05-07T14:56:00,07/05/2026 14:50,50.06,16612.0,4389.0,7109.0,2881.0,1429.0,475.0,199.0,BTPS,1700.0,1446.0
2026-05-07T14:56:00,07/05/2026 14:50,50.06,16612.0,4389.0,7109.0,2881.0,1429.0,475.0,199.0,YTPS,1600.0,573.0
2026-05-07T14:56:00,07/05/2026 14:50,50.06,16612.0,4389.0,7109.0,2881.0,1429.0,475.0,199.0,SHARAVATHI,1035.0,677.0
2026-05-07T14:56:00,07/05/2026 14:50,50.06,16612.0,4389.0,7109.0,2881.0,1429.0,475.0,199.0,NAGJHARI,900.0,532.0
2026-05-07T14:56:00,07/05/2026 14:50,50.06,16612.0,4389.0,7109.0,2881.0,1429.0,475.0,199.0,VARAHI,460.0,220.0
2026-05-07T14:56:00,07/05/2026 14:50,50.06,16612.0,4389.0,7109.0,2881.0,1429.0,475.0,199.0,KODSALLI,120.0,39.0
2026-05-07T14:56:00,07/05/2026 14:50,50.06,16612.0,4389.0,7109.0,2881.0,1429.0,475.0,199.0,KADRA,150.0,0.0
2026-05-07T14:56:00,07/05/2026 14:50,50.06,16612.0,4389.0,7109.0,2881.0,1429.0,475.0,199.0,GERUSOPPA,240.0,0.0
2026-05-07T14:56:00,07/05/2026 14:50,50.06,16612.0,4389.0,7109.0,2881.0,1429.0,475.0,199.0,JOG,139.2,72.0
2026-05-07T14:56:00,07/05/2026 14:50,50.06,16612.0,4389.0,7109.0,2881.0,1429.0,475.0,199.0,LPH,55.0,12.0
2026-05-07T14:56:00,07/05/2026 14:50,50.06,16612.0,4389.0,7109.0,2881.0,1429.0,475.0,199.0,SUPA,100.0,74.0
2026-05-07T14:56:00,07/05/2026 14:50,50.06,16612.0,4389.0,7109.0,2881.0,1429.0,475.0,199.0,SHIMSHA,17.2,0.0
2026-05-07T14:56:00,07/05/2026 14:50,50.06,16612.0,4389.0,7109.0,2881.0,1429.0,475.0,199.0,SHIVASAMUDRA,42.0,0.0
2026-05-07T14:56:00,07/05/2026 14:50,50.06,16612.0,4389.0,7109.0,2881.0,1429.0,475.0,199.0,MANIDAM,9.0,2.0
2026-05-07T14:56:00,07/05/2026 14:50,50.06,16612.0,4389.0,7109.0,2881.0,1429.0,475.0,199.0,MUNRABAD,38.0,0.0
2026-05-07T14:56:00,07/05/2026 14:50,50.06,16612.0,4389.0,7109.0,2881.0,1429.0,475.0,199.0,BHADRA,39.2,0.0
2026-05-07T14:56:00,07/05/2026 14:50,50.06,16612.0,4389.0,7109.0,2881.0,1429.0,475.0,199.0,GHATAPRABHA,32.0,0.0
2026-05-07T14:56:00,07/05/2026 14:50,50.06,16612.0,4389.0,7109.0,2881.0,1429.0,475.0,199.0,ALMATTI,290.0,0.0
2026-05-07T14:56:00,07/05/2026 14:50,50.06,16612.0,4389.0,7109.0,2881.0,1429.0,475.0,199.0,JINDAL,1460.0,114.0
2026-05-07T14:56:00,07/05/2026 14:50,50.06,16612.0,4389.0,7109.0,2881.0,1429.0,475.0,199.0,UPCL,1200.0,475.0
2026-05-07T14:56:00,07/05/2026 14:50,50.06,16612.0,4389.0,7109.0,2881.0,1429.0,475.0,199.0,YCCP,370.0,0.0
2026-05-07T14:57:00,07/05/2026 14:50,50.06,16612.0,4389.0,7109.0,2881.0,1429.0,475.0,199.0,RTPS,1720.0,862.0
2026-05-07T14:57:00,07/05/2026 14:50,50.06,16612.0,4389.0,7109.0,2881.0,1429.0,475.0,199.0,BTPS,1700.0,1446.0
2026-05-07T14:57:00,07/05/2026 14:50,50.06,16612.0,4389.0,7109.0,2881.0,1429.0,475.0,199.0,YTPS,1600.0,573.0
2026-05-07T14:57:00,07/05/2026 14:50,50.06,16612.0,4389.0,7109.0,2881.0,1429.0,475.0,199.0,SHARAVATHI,1035.0,677.0
2026-05-07T14:57:00,07/05/2026 14:50,50.06,16612.0,4389.0,7109.0,2881.0,1429.0,475.0,199.0,NAGJHARI,900.0,532.0
2026-05-07T14:57:00,07/05/2026 14:50,50.06,16612.0,4389.0,7109.0,2881.0,1429.0,475.0,199.0,VARAHI,460.0,220.0
2026-05-07T14:57:00,07/05/2026 14:50,50.06,16612.0,4389.0,7109.0,2881.0,1429.0,475.0,199.0,KODSALLI,120.0,39.0
2026-05-07T14:57:00,07/05/2026 14:50,50.06,16612.0,4389.0,7109.0,2881.0,1429.0,475.0,199.0,KADRA,150.0,0.0
2026-05-07T14:57:00,07/05/2026 14:50,50.06,16612.0,4389.0,7109.0,2881.0,1429.0,475.0,199.0,GERUSOPPA,240.0,0.0
2026-05-07T14:57:00,07/05/2026 14:50,50.06,16612.0,4389.0,7109.0,2881.0,1429.0,475.0,199.0,JOG,139.2,72.0
2026-05-07T14:57:00,07/05/2026 14:50,50.06,16612.0,4389.0,7109.0,2881.0,1429.0,475.0,199.0,LPH,55.0,12.0
2026-05-07T14:57:00,07/05/2026 14:50,50.06,16612.0,4389.0,7109.0,2881.0,1429.0,475.0,199.0,SUPA,100.0,74.0
2026-05-07T14:57:00,07/05/2026 14:50,50.06,16612.0,4389.0,7109.0,2881.0,1429.0,475.0,199.0,SHIMSHA,17.2,0.0
2026-05-07T14:57:00,07/05/2026 14:50,50.06,16612.0,4389.0,7109.0,2881.0,1429.0,475.0,199.0,SHIVASAMUDRA,42.0,0.0
2026-05-07T14:57:00,07/05/2026 14:50,50.06,16612.0,4389.0,7109.0,2881.0,1429.0,475.0,199.0,MANIDAM,9.0,2.0
2026-05-07T14:57:00,07/05/2026 14:50,50.06,16612.0,4389.0,7109.0,2881.0,1429.0,475.0,199.0,MUNRABAD,38.0,0.0
2026-05-07T14:57:00,07/05/2026 14:50,50.06,16612.0,4389.0,7109.0,2881.0,1429.0,475.0,199.0,BHADRA,39.2,0.0
2026-05-07T14:57:00,07/05/2026 14:50,50.06,16612.0,4389.0,7109.0,2881.0,1429.0,475.0,199.0,GHATAPRABHA,32.0,0.0
2026-05-07T14:57:00,07/05/2026 14:50,50.06,16612.0,4389.0,7109.0,2881.0,1429.0,475.0,199.0,ALMATTI,290.0,0.0
2026-05-07T14:57:00,07/05/2026 14:50,50.06,16612.0,4389.0,7109.0,2881.0,1429.0,475.0,199.0,JINDAL,1460.0,114.0
2026-05-07T14:57:00,07/05/2026 14:50,50.06,16612.0,4389.0,7109.0,2881.0,1429.0,475.0,199.0,UPCL,1200.0,475.0
2026-05-07T14:57:00,07/05/2026 14:50,50.06,16612.0,4389.0,7109.0,2881.0,1429.0,475.0,199.0,YCCP,370.0,0.0
2026-05-07T14:58:02,07/05/2026 14:55,50.02,16592.0,4414.0,7111.0,2896.0,1435.0,476.0,199.0,RTPS,1720.0,860.0
2026-05-07T14:58:02,07/05/2026 14:55,50.02,16592.0,4414.0,7111.0,2896.0,1435.0,476.0,199.0,BTPS,1700.0,1462.0
2026-05-07T14:58:02,07/05/2026 14:55,50.02,16592.0,4414.0,7111.0,2896.0,1435.0,476.0,199.0,YTPS,1600.0,574.0
2026-05-07T14:58:02,07/05/2026 14:55,50.02,16592.0,4414.0,7111.0,2896.0,1435.0,476.0,199.0,SHARAVATHI,1035.0,677.0
2026-05-07T14:58:02,07/05/2026 14:55,50.02,16592.0,4414.0,7111.0,2896.0,1435.0,476.0,199.0,NAGJHARI,900.0,536.0
2026-05-07T14:58:02,07/05/2026 14:55,50.02,16592.0,4414.0,7111.0,2896.0,1435.0,476.0,199.0,VARAHI,460.0,222.0
2026-05-07T14:58:02,07/05/2026 14:55,50.02,16592.0,4414.0,7111.0,2896.0,1435.0,476.0,199.0,KODSALLI,120.0,39.0
2026-05-07T14:58:02,07/05/2026 14:55,50.02,16592.0,4414.0,7111.0,2896.0,1435.0,476.0,199.0,KADRA,150.0,0.0
2026-05-07T14:58:02,07/05/2026 14:55,50.02,16592.0,4414.0,7111.0,2896.0,1435.0,476.0,199.0,GERUSOPPA,240.0,0.0
2026-05-07T14:58:02,07/05/2026 14:55,50.02,16592.0,4414.0,7111.0,2896.0,1435.0,476.0,199.0,JOG,139.2,72.0
2026-05-07T14:58:02,07/05/2026 14:55,50.02,16592.0,4414.0,7111.0,2896.0,1435.0,476.0,199.0,LPH,55.0,12.0
2026-05-07T14:58:02,07/05/2026 14:55,50.02,16592.0,4414.0,7111.0,2896.0,1435.0,476.0,199.0,SUPA,100.0,74.0
2026-05-07T14:58:02,07/05/2026 14:55,50.02,16592.0,4414.0,7111.0,2896.0,1435.0,476.0,199.0,SHIMSHA,17.2,0.0
2026-05-07T14:58:02,07/05/2026 14:55,50.02,16592.0,4414.0,7111.0,2896.0,1435.0,476.0,199.0,SHIVASAMUDRA,42.0,0.0
2026-05-07T14:58:02,07/05/2026 14:55,50.02,16592.0,4414.0,7111.0,2896.0,1435.0,476.0,199.0,MANIDAM,9.0,2.0
2026-05-07T14:58:02,07/05/2026 14:55,50.02,16592.0,4414.0,7111.0,2896.0,1435.0,476.0,199.0,MUNRABAD,38.0,0.0
2026-05-07T14:58:02,07/05/2026 14:55,50.02,16592.0,4414.0,7111.0,2896.0,1435.0,476.0,199.0,BHADRA,39.2,0.0
2026-05-07T14:58:02,07/05/2026 14:55,50.02,16592.0,4414.0,7111.0,2896.0,1435.0,476.0,199.0,GHATAPRABHA,32.0,0.0
2026-05-07T14:58:02,07/05/2026 14:55,50.02,16592.0,4414.0,7111.0,2896.0,1435.0,476.0,199.0,ALMATTI,290.0,0.0
2026-05-07T14:58:02,07/05/2026 14:55,50.02,16592.0,4414.0,7111.0,2896.0,1435.0,476.0,199.0,JINDAL,1460.0,185.0
2026-05-07T14:58:02,07/05/2026 14:55,50.02,16592.0,4414.0,7111.0,2896.0,1435.0,476.0,199.0,UPCL,1200.0,476.0
2026-05-07T14:58:02,07/05/2026 14:55,50.02,16592.0,4414.0,7111.0,2896.0,1435.0,476.0,199.0,YCCP,370.0,0.0
2026-05-07T14:59:08,07/05/2026 14:55,50.02,16592.0,4414.0,7111.0,2896.0,1435.0,476.0,199.0,RTPS,1720.0,860.0
2026-05-07T14:59:08,07/05/2026 14:55,50.02,16592.0,4414.0,7111.0,2896.0,1435.0,476.0,199.0,BTPS,1700.0,1462.0
2026-05-07T14:59:08,07/05/2026 14:55,50.02,16592.0,4414.0,7111.0,2896.0,1435.0,476.0,199.0,YTPS,1600.0,574.0
2026-05-07T14:59:08,07/05/2026 14:55,50.02,16592.0,4414.0,7111.0,2896.0,1435.0,476.0,199.0,SHARAVATHI,1035.0,677.0
2026-05-07T14:59:08,07/05/2026 14:55,50.02,16592.0,4414.0,7111.0,2896.0,1435.0,476.0,199.0,NAGJHARI,900.0,536.0
2026-05-07T14:59:08,07/05/2026 14:55,50.02,16592.0,4414.0,7111.0,2896.0,1435.0,476.0,199.0,VARAHI,460.0,222.0
2026-05-07T14:59:08,07/05/2026 14:55,50.02,16592.0,4414.0,7111.0,2896.0,1435.0,476.0,199.0,KODSALLI,120.0,39.0
2026-05-07T14:59:08,07/05/2026 14:55,50.02,16592.0,4414.0,7111.0,2896.0,1435.0,476.0,199.0,KADRA,150.0,0.0
2026-05-07T14:59:08,07/05/2026 14:55,50.02,16592.0,4414.0,7111.0,2896.0,1435.0,476.0,199.0,GERUSOPPA,240.0,0.0
2026-05-07T14:59:08,07/05/2026 14:55,50.02,16592.0,4414.0,7111.0,2896.0,1435.0,476.0,199.0,JOG,139.2,72.0
2026-05-07T14:59:08,07/05/2026 14:55,50.02,16592.0,4414.0,7111.0,2896.0,1435.0,476.0,199.0,LPH,55.0,12.0
2026-05-07T14:59:08,07/05/2026 14:55,50.02,16592.0,4414.0,7111.0,2896.0,1435.0,476.0,199.0,SUPA,100.0,74.0
2026-05-07T14:59:08,07/05/2026 14:55,50.02,16592.0,4414.0,7111.0,2896.0,1435.0,476.0,199.0,SHIMSHA,17.2,0.0
2026-05-07T14:59:08,07/05/2026 14:55,50.02,16592.0,4414.0,7111.0,2896.0,1435.0,476.0,199.0,SHIVASAMUDRA,42.0,0.0
2026-05-07T14:59:08,07/05/2026 14:55,50.02,16592.0,4414.0,7111.0,2896.0,1435.0,476.0,199.0,MANIDAM,9.0,2.0
2026-05-07T14:59:08,07/05/2026 14:55,50.02,16592.0,4414.0,7111.0,2896.0,1435.0,476.0,199.0,MUNRABAD,38.0,0.0
2026-05-07T14:59:08,07/05/2026 14:55,50.02,16592.0,4414.0,7111.0,2896.0,1435.0,476.0,199.0,BHADRA,39.2,0.0
2026-05-07T14:59:08,07/05/2026 14:55,50.02,16592.0,4414.0,7111.0,2896.0,1435.0,476.0,199.0,GHATAPRABHA,32.0,0.0
2026-05-07T14:59:08,07/05/2026 14:55,50.02,16592.0,4414.0,7111.0,2896.0,1435.0,476.0,199.0,ALMATTI,290.0,0.0
2026-05-07T14:59:08,07/05/2026 14:55,50.02,16592.0,4414.0,7111.0,2896.0,1435.0,476.0,199.0,JINDAL,1460.0,185.0
2026-05-07T14:59:08,07/05/2026 14:55,50.02,16592.0,4414.0,7111.0,2896.0,1435.0,476.0,199.0,UPCL,1200.0,476.0
2026-05-07T14:59:08,07/05/2026 14:55,50.02,16592.0,4414.0,7111.0,2896.0,1435.0,476.0,199.0,YCCP,370.0,0.0
2026-05-07T15:00:58,07/05/2026 14:55,50.02,16592.0,4414.0,7111.0,2896.0,1435.0,476.0,199.0,RTPS,1720.0,860.0
2026-05-07T15:00:58,07/05/2026 14:55,50.02,16592.0,4414.0,7111.0,2896.0,1435.0,476.0,199.0,BTPS,1700.0,1462.0
2026-05-07T15:00:58,07/05/2026 14:55,50.02,16592.0,4414.0,7111.0,2896.0,1435.0,476.0,199.0,YTPS,1600.0,574.0
2026-05-07T15:00:58,07/05/2026 14:55,50.02,16592.0,4414.0,7111.0,2896.0,1435.0,476.0,199.0,SHARAVATHI,1035.0,677.0
2026-05-07T15:00:58,07/05/2026 14:55,50.02,16592.0,4414.0,7111.0,2896.0,1435.0,476.0,199.0,NAGJHARI,900.0,536.0
2026-05-07T15:00:58,07/05/2026 14:55,50.02,16592.0,4414.0,7111.0,2896.0,1435.0,476.0,199.0,VARAHI,460.0,222.0
2026-05-07T15:00:58,07/05/2026 14:55,50.02,16592.0,4414.0,7111.0,2896.0,1435.0,476.0,199.0,KODSALLI,120.0,39.0
2026-05-07T15:00:58,07/05/2026 14:55,50.02,16592.0,4414.0,7111.0,2896.0,1435.0,476.0,199.0,KADRA,150.0,0.0
2026-05-07T15:00:58,07/05/2026 14:55,50.02,16592.0,4414.0,7111.0,2896.0,1435.0,476.0,199.0,GERUSOPPA,240.0,0.0
2026-05-07T15:00:58,07/05/2026 14:55,50.02,16592.0,4414.0,7111.0,2896.0,1435.0,476.0,199.0,JOG,139.2,72.0
2026-05-07T15:00:58,07/05/2026 14:55,50.02,16592.0,4414.0,7111.0,2896.0,1435.0,476.0,199.0,LPH,55.0,12.0
2026-05-07T15:00:58,07/05/2026 14:55,50.02,16592.0,4414.0,7111.0,2896.0,1435.0,476.0,199.0,SUPA,100.0,74.0
2026-05-07T15:00:58,07/05/2026 14:55,50.02,16592.0,4414.0,7111.0,2896.0,1435.0,476.0,199.0,SHIMSHA,17.2,0.0
2026-05-07T15:00:58,07/05/2026 14:55,50.02,16592.0,4414.0,7111.0,2896.0,1435.0,476.0,199.0,SHIVASAMUDRA,42.0,0.0
2026-05-07T15:00:58,07/05/2026 14:55,50.02,16592.0,4414.0,7111.0,2896.0,1435.0,476.0,199.0,MANIDAM,9.0,2.0
2026-05-07T15:00:58,07/05/2026 14:55,50.02,16592.0,4414.0,7111.0,2896.0,1435.0,476.0,199.0,MUNRABAD,38.0,0.0
2026-05-07T15:00:58,07/05/2026 14:55,50.02,16592.0,4414.0,7111.0,2896.0,1435.0,476.0,199.0,BHADRA,39.2,0.0
2026-05-07T15:00:58,07/05/2026 14:55,50.02,16592.0,4414.0,7111.0,2896.0,1435.0,476.0,199.0,GHATAPRABHA,32.0,0.0
2026-05-07T15:00:58,07/05/2026 14:55,50.02,16592.0,4414.0,7111.0,2896.0,1435.0,476.0,199.0,ALMATTI,290.0,0.0
2026-05-07T15:00:58,07/05/2026 14:55,50.02,16592.0,4414.0,7111.0,2896.0,1435.0,476.0,199.0,JINDAL,1460.0,185.0
2026-05-07T15:00:58,07/05/2026 14:55,50.02,16592.0,4414.0,7111.0,2896.0,1435.0,476.0,199.0,UPCL,1200.0,476.0
2026-05-07T15:00:58,07/05/2026 14:55,50.02,16592.0,4414.0,7111.0,2896.0,1435.0,476.0,199.0,YCCP,370.0,0.0
2026-05-07T15:01:57,07/05/2026 14:55,50.02,16592.0,4414.0,7111.0,2896.0,1435.0,476.0,199.0,RTPS,1720.0,860.0
2026-05-07T15:01:57,07/05/2026 14:55,50.02,16592.0,4414.0,7111.0,2896.0,1435.0,476.0,199.0,BTPS,1700.0,1462.0
2026-05-07T15:01:57,07/05/2026 14:55,50.02,16592.0,4414.0,7111.0,2896.0,1435.0,476.0,199.0,YTPS,1600.0,574.0
2026-05-07T15:01:57,07/05/2026 14:55,50.02,16592.0,4414.0,7111.0,2896.0,1435.0,476.0,199.0,SHARAVATHI,1035.0,677.0
2026-05-07T15:01:57,07/05/2026 14:55,50.02,16592.0,4414.0,7111.0,2896.0,1435.0,476.0,199.0,NAGJHARI,900.0,536.0
2026-05-07T15:01:57,07/05/2026 14:55,50.02,16592.0,4414.0,7111.0,2896.0,1435.0,476.0,199.0,VARAHI,460.0,222.0
2026-05-07T15:01:57,07/05/2026 14:55,50.02,16592.0,4414.0,7111.0,2896.0,1435.0,476.0,199.0,KODSALLI,120.0,39.0
2026-05-07T15:01:57,07/05/2026 14:55,50.02,16592.0,4414.0,7111.0,2896.0,1435.0,476.0,199.0,KADRA,150.0,0.0
2026-05-07T15:01:57,07/05/2026 14:55,50.02,16592.0,4414.0,7111.0,2896.0,1435.0,476.0,199.0,GERUSOPPA,240.0,0.0
2026-05-07T15:01:57,07/05/2026 14:55,50.02,16592.0,4414.0,7111.0,2896.0,1435.0,476.0,199.0,JOG,139.2,72.0
2026-05-07T15:01:57,07/05/2026 14:55,50.02,16592.0,4414.0,7111.0,2896.0,1435.0,476.0,199.0,LPH,55.0,12.0
2026-05-07T15:01:57,07/05/2026 14:55,50.02,16592.0,4414.0,7111.0,2896.0,1435.0,476.0,199.0,SUPA,100.0,74.0
2026-05-07T15:01:57,07/05/2026 14:55,50.02,16592.0,4414.0,7111.0,2896.0,1435.0,476.0,199.0,SHIMSHA,17.2,0.0
2026-05-07T15:01:57,07/05/2026 14:55,50.02,16592.0,4414.0,7111.0,2896.0,1435.0,476.0,199.0,SHIVASAMUDRA,42.0,0.0
2026-05-07T15:01:57,07/05/2026 14:55,50.02,16592.0,4414.0,7111.0,2896.0,1435.0,476.0,199.0,MANIDAM,9.0,2.0
2026-05-07T15:01:57,07/05/2026 14:55,50.02,16592.0,4414.0,7111.0,2896.0,1435.0,476.0,199.0,MUNRABAD,38.0,0.0
2026-05-07T15:01:57,07/05/2026 14:55,50.02,16592.0,4414.0,7111.0,2896.0,1435.0,476.0,199.0,BHADRA,39.2,0.0
2026-05-07T15:01:57,07/05/2026 14:55,50.02,16592.0,4414.0,7111.0,2896.0,1435.0,476.0,199.0,GHATAPRABHA,32.0,0.0
2026-05-07T15:01:57,07/05/2026 14:55,50.02,16592.0,4414.0,7111.0,2896.0,1435.0,476.0,199.0,ALMATTI,290.0,0.0
2026-05-07T15:01:57,07/05/2026 14:55,50.02,16592.0,4414.0,7111.0,2896.0,1435.0,476.0,199.0,JINDAL,1460.0,185.0
2026-05-07T15:01:57,07/05/2026 14:55,50.02,16592.0,4414.0,7111.0,2896.0,1435.0,476.0,199.0,UPCL,1200.0,476.0
2026-05-07T15:01:57,07/05/2026 14:55,50.02,16592.0,4414.0,7111.0,2896.0,1435.0,476.0,199.0,YCCP,370.0,0.0
2026-05-07T15:02:58,07/05/2026 14:55,50.02,16592.0,4414.0,7111.0,2896.0,1435.0,476.0,199.0,RTPS,1720.0,860.0
2026-05-07T15:02:58,07/05/2026 14:55,50.02,16592.0,4414.0,7111.0,2896.0,1435.0,476.0,199.0,BTPS,1700.0,1462.0
2026-05-07T15:02:58,07/05/2026 14:55,50.02,16592.0,4414.0,7111.0,2896.0,1435.0,476.0,199.0,YTPS,1600.0,574.0
2026-05-07T15:02:58,07/05/2026 14:55,50.02,16592.0,4414.0,7111.0,2896.0,1435.0,476.0,199.0,SHARAVATHI,1035.0,677.0
2026-05-07T15:02:58,07/05/2026 14:55,50.02,16592.0,4414.0,7111.0,2896.0,1435.0,476.0,199.0,NAGJHARI,900.0,536.0
2026-05-07T15:02:58,07/05/2026 14:55,50.02,16592.0,4414.0,7111.0,2896.0,1435.0,476.0,199.0,VARAHI,460.0,222.0
2026-05-07T15:02:58,07/05/2026 14:55,50.02,16592.0,4414.0,7111.0,2896.0,1435.0,476.0,199.0,KODSALLI,120.0,39.0
2026-05-07T15:02:58,07/05/2026 14:55,50.02,16592.0,4414.0,7111.0,2896.0,1435.0,476.0,199.0,KADRA,150.0,0.0
2026-05-07T15:02:58,07/05/2026 14:55,50.02,16592.0,4414.0,7111.0,2896.0,1435.0,476.0,199.0,GERUSOPPA,240.0,0.0
2026-05-07T15:02:58,07/05/2026 14:55,50.02,16592.0,4414.0,7111.0,2896.0,1435.0,476.0,199.0,JOG,139.2,72.0
2026-05-07T15:02:58,07/05/2026 14:55,50.02,16592.0,4414.0,7111.0,2896.0,1435.0,476.0,199.0,LPH,55.0,12.0
2026-05-07T15:02:58,07/05/2026 14:55,50.02,16592.0,4414.0,7111.0,2896.0,1435.0,476.0,199.0,SUPA,100.0,74.0
2026-05-07T15:02:58,07/05/2026 14:55,50.02,16592.0,4414.0,7111.0,2896.0,1435.0,476.0,199.0,SHIMSHA,17.2,0.0
2026-05-07T15:02:58,07/05/2026 14:55,50.02,16592.0,4414.0,7111.0,2896.0,1435.0,476.0,199.0,SHIVASAMUDRA,42.0,0.0
2026-05-07T15:02:58,07/05/2026 14:55,50.02,16592.0,4414.0,7111.0,2896.0,1435.0,476.0,199.0,MANIDAM,9.0,2.0
2026-05-07T15:02:58,07/05/2026 14:55,50.02,16592.0,4414.0,7111.0,2896.0,1435.0,476.0,199.0,MUNRABAD,38.0,0.0
2026-05-07T15:02:58,07/05/2026 14:55,50.02,16592.0,4414.0,7111.0,2896.0,1435.0,476.0,199.0,BHADRA,39.2,0.0
2026-05-07T15:02:58,07/05/2026 14:55,50.02,16592.0,4414.0,7111.0,2896.0,1435.0,476.0,199.0,GHATAPRABHA,32.0,0.0
2026-05-07T15:02:58,07/05/2026 14:55,50.02,16592.0,4414.0,7111.0,2896.0,1435.0,476.0,199.0,ALMATTI,290.0,0.0
2026-05-07T15:02:58,07/05/2026 14:55,50.02,16592.0,4414.0,7111.0,2896.0,1435.0,476.0,199.0,JINDAL,1460.0,185.0
2026-05-07T15:02:58,07/05/2026 14:55,50.02,16592.0,4414.0,7111.0,2896.0,1435.0,476.0,199.0,UPCL,1200.0,476.0
2026-05-07T15:02:58,07/05/2026 14:55,50.02,16592.0,4414.0,7111.0,2896.0,1435.0,476.0,199.0,YCCP,370.0,0.0
2026-05-07T15:03:58,07/05/2026 14:55,50.02,16592.0,4414.0,7111.0,2896.0,1435.0,476.0,199.0,RTPS,1720.0,860.0
2026-05-07T15:03:58,07/05/2026 14:55,50.02,16592.0,4414.0,7111.0,2896.0,1435.0,476.0,199.0,BTPS,1700.0,1462.0
2026-05-07T15:03:58,07/05/2026 14:55,50.02,16592.0,4414.0,7111.0,2896.0,1435.0,476.0,199.0,YTPS,1600.0,574.0
2026-05-07T15:03:58,07/05/2026 14:55,50.02,16592.0,4414.0,7111.0,2896.0,1435.0,476.0,199.0,SHARAVATHI,1035.0,677.0
2026-05-07T15:03:58,07/05/2026 14:55,50.02,16592.0,4414.0,7111.0,2896.0,1435.0,476.0,199.0,NAGJHARI,900.0,536.0
2026-05-07T15:03:58,07/05/2026 14:55,50.02,16592.0,4414.0,7111.0,2896.0,1435.0,476.0,199.0,VARAHI,460.0,222.0
2026-05-07T15:03:58,07/05/2026 14:55,50.02,16592.0,4414.0,7111.0,2896.0,1435.0,476.0,199.0,KODSALLI,120.0,39.0
2026-05-07T15:03:58,07/05/2026 14:55,50.02,16592.0,4414.0,7111.0,2896.0,1435.0,476.0,199.0,KADRA,150.0,0.0
2026-05-07T15:03:58,07/05/2026 14:55,50.02,16592.0,4414.0,7111.0,2896.0,1435.0,476.0,199.0,GERUSOPPA,240.0,0.0
2026-05-07T15:03:58,07/05/2026 14:55,50.02,16592.0,4414.0,7111.0,2896.0,1435.0,476.0,199.0,JOG,139.2,72.0
2026-05-07T15:03:58,07/05/2026 14:55,50.02,16592.0,4414.0,7111.0,2896.0,1435.0,476.0,199.0,LPH,55.0,12.0
2026-05-07T15:03:58,07/05/2026 14:55,50.02,16592.0,4414.0,7111.0,2896.0,1435.0,476.0,199.0,SUPA,100.0,74.0
2026-05-07T15:03:58,07/05/2026 14:55,50.02,16592.0,4414.0,7111.0,2896.0,1435.0,476.0,199.0,SHIMSHA,17.2,0.0
2026-05-07T15:03:58,07/05/2026 14:55,50.02,16592.0,4414.0,7111.0,2896.0,1435.0,476.0,199.0,SHIVASAMUDRA,42.0,0.0
2026-05-07T15:03:58,07/05/2026 14:55,50.02,16592.0,4414.0,7111.0,2896.0,1435.0,476.0,199.0,MANIDAM,9.0,2.0
2026-05-07T15:03:58,07/05/2026 14:55,50.02,16592.0,4414.0,7111.0,2896.0,1435.0,476.0,199.0,MUNRABAD,38.0,0.0
2026-05-07T15:03:58,07/05/2026 14:55,50.02,16592.0,4414.0,7111.0,2896.0,1435.0,476.0,199.0,BHADRA,39.2,0.0
2026-05-07T15:03:58,07/05/2026 14:55,50.02,16592.0,4414.0,7111.0,2896.0,1435.0,476.0,199.0,GHATAPRABHA,32.0,0.0
2026-05-07T15:03:58,07/05/2026 14:55,50.02,16592.0,4414.0,7111.0,2896.0,1435.0,476.0,199.0,ALMATTI,290.0,0.0
2026-05-07T15:03:58,07/05/2026 14:55,50.02,16592.0,4414.0,7111.0,2896.0,1435.0,476.0,199.0,JINDAL,1460.0,185.0
2026-05-07T15:03:58,07/05/2026 14:55,50.02,16592.0,4414.0,7111.0,2896.0,1435.0,476.0,199.0,UPCL,1200.0,476.0
2026-05-07T15:03:58,07/05/2026 14:55,50.02,16592.0,4414.0,7111.0,2896.0,1435.0,476.0,199.0,YCCP,370.0,0.0
2026-05-07T15:04:58,07/05/2026 14:55,50.02,16592.0,4414.0,7111.0,2896.0,1435.0,476.0,199.0,RTPS,1720.0,860.0
2026-05-07T15:04:58,07/05/2026 14:55,50.02,16592.0,4414.0,7111.0,2896.0,1435.0,476.0,199.0,BTPS,1700.0,1462.0
2026-05-07T15:04:58,07/05/2026 14:55,50.02,16592.0,4414.0,7111.0,2896.0,1435.0,476.0,199.0,YTPS,1600.0,574.0
2026-05-07T15:04:58,07/05/2026 14:55,50.02,16592.0,4414.0,7111.0,2896.0,1435.0,476.0,199.0,SHARAVATHI,1035.0,677.0
2026-05-07T15:04:58,07/05/2026 14:55,50.02,16592.0,4414.0,7111.0,2896.0,1435.0,476.0,199.0,NAGJHARI,900.0,536.0
2026-05-07T15:04:58,07/05/2026 14:55,50.02,16592.0,4414.0,7111.0,2896.0,1435.0,476.0,199.0,VARAHI,460.0,222.0
2026-05-07T15:04:58,07/05/2026 14:55,50.02,16592.0,4414.0,7111.0,2896.0,1435.0,476.0,199.0,KODSALLI,120.0,39.0
2026-05-07T15:04:58,07/05/2026 14:55,50.02,16592.0,4414.0,7111.0,2896.0,1435.0,476.0,199.0,KADRA,150.0,0.0
2026-05-07T15:04:58,07/05/2026 14:55,50.02,16592.0,4414.0,7111.0,2896.0,1435.0,476.0,199.0,GERUSOPPA,240.0,0.0
2026-05-07T15:04:58,07/05/2026 14:55,50.02,16592.0,4414.0,7111.0,2896.0,1435.0,476.0,199.0,JOG,139.2,72.0
2026-05-07T15:04:58,07/05/2026 14:55,50.02,16592.0,4414.0,7111.0,2896.0,1435.0,476.0,199.0,LPH,55.0,12.0
2026-05-07T15:04:58,07/05/2026 14:55,50.02,16592.0,4414.0,7111.0,2896.0,1435.0,476.0,199.0,SUPA,100.0,74.0
2026-05-07T15:04:58,07/05/2026 14:55,50.02,16592.0,4414.0,7111.0,2896.0,1435.0,476.0,199.0,SHIMSHA,17.2,0.0
2026-05-07T15:04:58,07/05/2026 14:55,50.02,16592.0,4414.0,7111.0,2896.0,1435.0,476.0,199.0,SHIVASAMUDRA,42.0,0.0
2026-05-07T15:04:58,07/05/2026 14:55,50.02,16592.0,4414.0,7111.0,2896.0,1435.0,476.0,199.0,MANIDAM,9.0,2.0
2026-05-07T15:04:58,07/05/2026 14:55,50.02,16592.0,4414.0,7111.0,2896.0,1435.0,476.0,199.0,MUNRABAD,38.0,0.0
2026-05-07T15:04:58,07/05/2026 14:55,50.02,16592.0,4414.0,7111.0,2896.0,1435.0,476.0,199.0,BHADRA,39.2,0.0
2026-05-07T15:04:58,07/05/2026 14:55,50.02,16592.0,4414.0,7111.0,2896.0,1435.0,476.0,199.0,GHATAPRABHA,32.0,0.0
2026-05-07T15:04:58,07/05/2026 14:55,50.02,16592.0,4414.0,7111.0,2896.0,1435.0,476.0,199.0,ALMATTI,290.0,0.0
2026-05-07T15:04:58,07/05/2026 14:55,50.02,16592.0,4414.0,7111.0,2896.0,1435.0,476.0,199.0,JINDAL,1460.0,185.0
2026-05-07T15:04:58,07/05/2026 14:55,50.02,16592.0,4414.0,7111.0,2896.0,1435.0,476.0,199.0,UPCL,1200.0,476.0
2026-05-07T15:04:58,07/05/2026 14:55,50.02,16592.0,4414.0,7111.0,2896.0,1435.0,476.0,199.0,YCCP,370.0,0.0
2026-05-07T15:06:08,07/05/2026 14:55,50.02,16592.0,4414.0,7111.0,2896.0,1435.0,476.0,199.0,RTPS,1720.0,860.0
2026-05-07T15:06:08,07/05/2026 14:55,50.02,16592.0,4414.0,7111.0,2896.0,1435.0,476.0,199.0,BTPS,1700.0,1462.0
2026-05-07T15:06:08,07/05/2026 14:55,50.02,16592.0,4414.0,7111.0,2896.0,1435.0,476.0,199.0,YTPS,1600.0,574.0
2026-05-07T15:06:08,07/05/2026 14:55,50.02,16592.0,4414.0,7111.0,2896.0,1435.0,476.0,199.0,SHARAVATHI,1035.0,677.0
2026-05-07T15:06:08,07/05/2026 14:55,50.02,16592.0,4414.0,7111.0,2896.0,1435.0,476.0,199.0,NAGJHARI,900.0,536.0
2026-05-07T15:06:08,07/05/2026 14:55,50.02,16592.0,4414.0,7111.0,2896.0,1435.0,476.0,199.0,VARAHI,460.0,222.0
2026-05-07T15:06:08,07/05/2026 14:55,50.02,16592.0,4414.0,7111.0,2896.0,1435.0,476.0,199.0,KODSALLI,120.0,39.0
2026-05-07T15:06:08,07/05/2026 14:55,50.02,16592.0,4414.0,7111.0,2896.0,1435.0,476.0,199.0,KADRA,150.0,0.0
2026-05-07T15:06:08,07/05/2026 14:55,50.02,16592.0,4414.0,7111.0,2896.0,1435.0,476.0,199.0,GERUSOPPA,240.0,0.0
2026-05-07T15:06:08,07/05/2026 14:55,50.02,16592.0,4414.0,7111.0,2896.0,1435.0,476.0,199.0,JOG,139.2,72.0
2026-05-07T15:06:08,07/05/2026 14:55,50.02,16592.0,4414.0,7111.0,2896.0,1435.0,476.0,199.0,LPH,55.0,12.0
2026-05-07T15:06:08,07/05/2026 14:55,50.02,16592.0,4414.0,7111.0,2896.0,1435.0,476.0,199.0,SUPA,100.0,74.0
2026-05-07T15:06:08,07/05/2026 14:55,50.02,16592.0,4414.0,7111.0,2896.0,1435.0,476.0,199.0,SHIMSHA,17.2,0.0
2026-05-07T15:06:08,07/05/2026 14:55,50.02,16592.0,4414.0,7111.0,2896.0,1435.0,476.0,199.0,SHIVASAMUDRA,42.0,0.0
2026-05-07T15:06:08,07/05/2026 14:55,50.02,16592.0,4414.0,7111.0,2896.0,1435.0,476.0,199.0,MANIDAM,9.0,2.0
2026-05-07T15:06:08,07/05/2026 14:55,50.02,16592.0,4414.0,7111.0,2896.0,1435.0,476.0,199.0,MUNRABAD,38.0,0.0
2026-05-07T15:06:08,07/05/2026 14:55,50.02,16592.0,4414.0,7111.0,2896.0,1435.0,476.0,199.0,BHADRA,39.2,0.0
2026-05-07T15:06:08,07/05/2026 14:55,50.02,16592.0,4414.0,7111.0,2896.0,1435.0,476.0,199.0,GHATAPRABHA,32.0,0.0
2026-05-07T15:06:08,07/05/2026 14:55,50.02,16592.0,4414.0,7111.0,2896.0,1435.0,476.0,199.0,ALMATTI,290.0,0.0
2026-05-07T15:06:08,07/05/2026 14:55,50.02,16592.0,4414.0,7111.0,2896.0,1435.0,476.0,199.0,JINDAL,1460.0,185.0
2026-05-07T15:06:08,07/05/2026 14:55,50.02,16592.0,4414.0,7111.0,2896.0,1435.0,476.0,199.0,UPCL,1200.0,476.0
2026-05-07T15:06:08,07/05/2026 14:55,50.02,16592.0,4414.0,7111.0,2896.0,1435.0,476.0,199.0,YCCP,370.0,0.0
2026-05-07T15:07:14,07/05/2026 14:55,50.02,16592.0,4414.0,7111.0,2896.0,1435.0,476.0,199.0,RTPS,1720.0,860.0
2026-05-07T15:07:14,07/05/2026 14:55,50.02,16592.0,4414.0,7111.0,2896.0,1435.0,476.0,199.0,BTPS,1700.0,1462.0
2026-05-07T15:07:14,07/05/2026 14:55,50.02,16592.0,4414.0,7111.0,2896.0,1435.0,476.0,199.0,YTPS,1600.0,574.0
2026-05-07T15:07:14,07/05/2026 14:55,50.02,16592.0,4414.0,7111.0,2896.0,1435.0,476.0,199.0,SHARAVATHI,1035.0,677.0
2026-05-07T15:07:14,07/05/2026 14:55,50.02,16592.0,4414.0,7111.0,2896.0,1435.0,476.0,199.0,NAGJHARI,900.0,536.0
2026-05-07T15:07:14,07/05/2026 14:55,50.02,16592.0,4414.0,7111.0,2896.0,1435.0,476.0,199.0,VARAHI,460.0,222.0
2026-05-07T15:07:14,07/05/2026 14:55,50.02,16592.0,4414.0,7111.0,2896.0,1435.0,476.0,199.0,KODSALLI,120.0,39.0
2026-05-07T15:07:14,07/05/2026 14:55,50.02,16592.0,4414.0,7111.0,2896.0,1435.0,476.0,199.0,KADRA,150.0,0.0
2026-05-07T15:07:14,07/05/2026 14:55,50.02,16592.0,4414.0,7111.0,2896.0,1435.0,476.0,199.0,GERUSOPPA,240.0,0.0
2026-05-07T15:07:14,07/05/2026 14:55,50.02,16592.0,4414.0,7111.0,2896.0,1435.0,476.0,199.0,JOG,139.2,72.0
2026-05-07T15:07:14,07/05/2026 14:55,50.02,16592.0,4414.0,7111.0,2896.0,1435.0,476.0,199.0,LPH,55.0,12.0
2026-05-07T15:07:14,07/05/2026 14:55,50.02,16592.0,4414.0,7111.0,2896.0,1435.0,476.0,199.0,SUPA,100.0,74.0
2026-05-07T15:07:14,07/05/2026 14:55,50.02,16592.0,4414.0,7111.0,2896.0,1435.0,476.0,199.0,SHIMSHA,17.2,0.0
2026-05-07T15:07:14,07/05/2026 14:55,50.02,16592.0,4414.0,7111.0,2896.0,1435.0,476.0,199.0,SHIVASAMUDRA,42.0,0.0
2026-05-07T15:07:14,07/05/2026 14:55,50.02,16592.0,4414.0,7111.0,2896.0,1435.0,476.0,199.0,MANIDAM,9.0,2.0
2026-05-07T15:07:14,07/05/2026 14:55,50.02,16592.0,4414.0,7111.0,2896.0,1435.0,476.0,199.0,MUNRABAD,38.0,0.0
2026-05-07T15:07:14,07/05/2026 14:55,50.02,16592.0,4414.0,7111.0,2896.0,1435.0,476.0,199.0,BHADRA,39.2,0.0
2026-05-07T15:07:14,07/05/2026 14:55,50.02,16592.0,4414.0,7111.0,2896.0,1435.0,476.0,199.0,GHATAPRABHA,32.0,0.0
2026-05-07T15:07:14,07/05/2026 14:55,50.02,16592.0,4414.0,7111.0,2896.0,1435.0,476.0,199.0,ALMATTI,290.0,0.0
2026-05-07T15:07:14,07/05/2026 14:55,50.02,16592.0,4414.0,7111.0,2896.0,1435.0,476.0,199.0,JINDAL,1460.0,185.0
2026-05-07T15:07:14,07/05/2026 14:55,50.02,16592.0,4414.0,7111.0,2896.0,1435.0,476.0,199.0,UPCL,1200.0,476.0
2026-05-07T15:07:14,07/05/2026 14:55,50.02,16592.0,4414.0,7111.0,2896.0,1435.0,476.0,199.0,YCCP,370.0,0.0
2026-05-07T15:08:59,07/05/2026 15:05,50.14,16343.0,4445.0,7061.0,2878.0,1094.0,479.0,115.0,RTPS,1720.0,875.0
2026-05-07T15:08:59,07/05/2026 15:05,50.14,16343.0,4445.0,7061.0,2878.0,1094.0,479.0,115.0,BTPS,1700.0,1427.0
2026-05-07T15:08:59,07/05/2026 15:05,50.14,16343.0,4445.0,7061.0,2878.0,1094.0,479.0,115.0,YTPS,1600.0,576.0
2026-05-07T15:08:59,07/05/2026 15:05,50.14,16343.0,4445.0,7061.0,2878.0,1094.0,479.0,115.0,SHARAVATHI,1035.0,458.0
2026-05-07T15:08:59,07/05/2026 15:05,50.14,16343.0,4445.0,7061.0,2878.0,1094.0,479.0,115.0,NAGJHARI,900.0,498.0
2026-05-07T15:08:59,07/05/2026 15:05,50.14,16343.0,4445.0,7061.0,2878.0,1094.0,479.0,115.0,VARAHI,460.0,138.0
2026-05-07T15:08:59,07/05/2026 15:05,50.14,16343.0,4445.0,7061.0,2878.0,1094.0,479.0,115.0,KODSALLI,120.0,39.0
2026-05-07T15:08:59,07/05/2026 15:05,50.14,16343.0,4445.0,7061.0,2878.0,1094.0,479.0,115.0,KADRA,150.0,0.0
2026-05-07T15:08:59,07/05/2026 15:05,50.14,16343.0,4445.0,7061.0,2878.0,1094.0,479.0,115.0,GERUSOPPA,240.0,0.0
2026-05-07T15:08:59,07/05/2026 15:05,50.14,16343.0,4445.0,7061.0,2878.0,1094.0,479.0,115.0,JOG,139.2,0.0
2026-05-07T15:08:59,07/05/2026 15:05,50.14,16343.0,4445.0,7061.0,2878.0,1094.0,479.0,115.0,LPH,55.0,0.0
2026-05-07T15:08:59,07/05/2026 15:05,50.14,16343.0,4445.0,7061.0,2878.0,1094.0,479.0,115.0,SUPA,100.0,74.0
2026-05-07T15:08:59,07/05/2026 15:05,50.14,16343.0,4445.0,7061.0,2878.0,1094.0,479.0,115.0,SHIMSHA,17.2,0.0
2026-05-07T15:08:59,07/05/2026 15:05,50.14,16343.0,4445.0,7061.0,2878.0,1094.0,479.0,115.0,SHIVASAMUDRA,42.0,0.0
2026-05-07T15:08:59,07/05/2026 15:05,50.14,16343.0,4445.0,7061.0,2878.0,1094.0,479.0,115.0,MANIDAM,9.0,2.0
2026-05-07T15:08:59,07/05/2026 15:05,50.14,16343.0,4445.0,7061.0,2878.0,1094.0,479.0,115.0,MUNRABAD,38.0,0.0
2026-05-07T15:08:59,07/05/2026 15:05,50.14,16343.0,4445.0,7061.0,2878.0,1094.0,479.0,115.0,BHADRA,39.2,0.0
2026-05-07T15:08:59,07/05/2026 15:05,50.14,16343.0,4445.0,7061.0,2878.0,1094.0,479.0,115.0,GHATAPRABHA,32.0,0.0
2026-05-07T15:08:59,07/05/2026 15:05,50.14,16343.0,4445.0,7061.0,2878.0,1094.0,479.0,115.0,ALMATTI,290.0,0.0
2026-05-07T15:08:59,07/05/2026 15:05,50.14,16343.0,4445.0,7061.0,2878.0,1094.0,479.0,115.0,JINDAL,1460.0,263.0
2026-05-07T15:08:59,07/05/2026 15:05,50.14,16343.0,4445.0,7061.0,2878.0,1094.0,479.0,115.0,UPCL,1200.0,479.0
2026-05-07T15:08:59,07/05/2026 15:05,50.14,16343.0,4445.0,7061.0,2878.0,1094.0,479.0,115.0,YCCP,370.0,0.0
2026-05-07T15:09:58,07/05/2026 15:05,50.14,16343.0,4445.0,7061.0,2878.0,1094.0,479.0,115.0,RTPS,1720.0,875.0
2026-05-07T15:09:58,07/05/2026 15:05,50.14,16343.0,4445.0,7061.0,2878.0,1094.0,479.0,115.0,BTPS,1700.0,1427.0
2026-05-07T15:09:58,07/05/2026 15:05,50.14,16343.0,4445.0,7061.0,2878.0,1094.0,479.0,115.0,YTPS,1600.0,576.0
2026-05-07T15:09:58,07/05/2026 15:05,50.14,16343.0,4445.0,7061.0,2878.0,1094.0,479.0,115.0,SHARAVATHI,1035.0,458.0
2026-05-07T15:09:58,07/05/2026 15:05,50.14,16343.0,4445.0,7061.0,2878.0,1094.0,479.0,115.0,NAGJHARI,900.0,498.0
2026-05-07T15:09:58,07/05/2026 15:05,50.14,16343.0,4445.0,7061.0,2878.0,1094.0,479.0,115.0,VARAHI,460.0,138.0
2026-05-07T15:09:58,07/05/2026 15:05,50.14,16343.0,4445.0,7061.0,2878.0,1094.0,479.0,115.0,KODSALLI,120.0,39.0
2026-05-07T15:09:58,07/05/2026 15:05,50.14,16343.0,4445.0,7061.0,2878.0,1094.0,479.0,115.0,KADRA,150.0,0.0
2026-05-07T15:09:58,07/05/2026 15:05,50.14,16343.0,4445.0,7061.0,2878.0,1094.0,479.0,115.0,GERUSOPPA,240.0,0.0
2026-05-07T15:09:58,07/05/2026 15:05,50.14,16343.0,4445.0,7061.0,2878.0,1094.0,479.0,115.0,JOG,139.2,0.0
2026-05-07T15:09:58,07/05/2026 15:05,50.14,16343.0,4445.0,7061.0,2878.0,1094.0,479.0,115.0,LPH,55.0,0.0
2026-05-07T15:09:58,07/05/2026 15:05,50.14,16343.0,4445.0,7061.0,2878.0,1094.0,479.0,115.0,SUPA,100.0,74.0
2026-05-07T15:09:58,07/05/2026 15:05,50.14,16343.0,4445.0,7061.0,2878.0,1094.0,479.0,115.0,SHIMSHA,17.2,0.0
2026-05-07T15:09:58,07/05/2026 15:05,50.14,16343.0,4445.0,7061.0,2878.0,1094.0,479.0,115.0,SHIVASAMUDRA,42.0,0.0
2026-05-07T15:09:58,07/05/2026 15:05,50.14,16343.0,4445.0,7061.0,2878.0,1094.0,479.0,115.0,MANIDAM,9.0,2.0
2026-05-07T15:09:58,07/05/2026 15:05,50.14,16343.0,4445.0,7061.0,2878.0,1094.0,479.0,115.0,MUNRABAD,38.0,0.0
2026-05-07T15:09:58,07/05/2026 15:05,50.14,16343.0,4445.0,7061.0,2878.0,1094.0,479.0,115.0,BHADRA,39.2,0.0
2026-05-07T15:09:58,07/05/2026 15:05,50.14,16343.0,4445.0,7061.0,2878.0,1094.0,479.0,115.0,GHATAPRABHA,32.0,0.0
2026-05-07T15:09:58,07/05/2026 15:05,50.14,16343.0,4445.0,7061.0,2878.0,1094.0,479.0,115.0,ALMATTI,290.0,0.0
2026-05-07T15:09:58,07/05/2026 15:05,50.14,16343.0,4445.0,7061.0,2878.0,1094.0,479.0,115.0,JINDAL,1460.0,263.0
2026-05-07T15:09:58,07/05/2026 15:05,50.14,16343.0,4445.0,7061.0,2878.0,1094.0,479.0,115.0,UPCL,1200.0,479.0
2026-05-07T15:09:58,07/05/2026 15:05,50.14,16343.0,4445.0,7061.0,2878.0,1094.0,479.0,115.0,YCCP,370.0,0.0
2026-05-07T15:10:58,07/05/2026 15:05,50.14,16343.0,4445.0,7061.0,2878.0,1094.0,479.0,115.0,RTPS,1720.0,875.0
2026-05-07T15:10:58,07/05/2026 15:05,50.14,16343.0,4445.0,7061.0,2878.0,1094.0,479.0,115.0,BTPS,1700.0,1427.0
2026-05-07T15:10:58,07/05/2026 15:05,50.14,16343.0,4445.0,7061.0,2878.0,1094.0,479.0,115.0,YTPS,1600.0,576.0
2026-05-07T15:10:58,07/05/2026 15:05,50.14,16343.0,4445.0,7061.0,2878.0,1094.0,479.0,115.0,SHARAVATHI,1035.0,458.0
2026-05-07T15:10:58,07/05/2026 15:05,50.14,16343.0,4445.0,7061.0,2878.0,1094.0,479.0,115.0,NAGJHARI,900.0,498.0
2026-05-07T15:10:58,07/05/2026 15:05,50.14,16343.0,4445.0,7061.0,2878.0,1094.0,479.0,115.0,VARAHI,460.0,138.0
2026-05-07T15:10:58,07/05/2026 15:05,50.14,16343.0,4445.0,7061.0,2878.0,1094.0,479.0,115.0,KODSALLI,120.0,39.0
2026-05-07T15:10:58,07/05/2026 15:05,50.14,16343.0,4445.0,7061.0,2878.0,1094.0,479.0,115.0,KADRA,150.0,0.0
2026-05-07T15:10:58,07/05/2026 15:05,50.14,16343.0,4445.0,7061.0,2878.0,1094.0,479.0,115.0,GERUSOPPA,240.0,0.0
2026-05-07T15:10:58,07/05/2026 15:05,50.14,16343.0,4445.0,7061.0,2878.0,1094.0,479.0,115.0,JOG,139.2,0.0
2026-05-07T15:10:58,07/05/2026 15:05,50.14,16343.0,4445.0,7061.0,2878.0,1094.0,479.0,115.0,LPH,55.0,0.0
2026-05-07T15:10:58,07/05/2026 15:05,50.14,16343.0,4445.0,7061.0,2878.0,1094.0,479.0,115.0,SUPA,100.0,74.0
2026-05-07T15:10:58,07/05/2026 15:05,50.14,16343.0,4445.0,7061.0,2878.0,1094.0,479.0,115.0,SHIMSHA,17.2,0.0
2026-05-07T15:10:58,07/05/2026 15:05,50.14,16343.0,4445.0,7061.0,2878.0,1094.0,479.0,115.0,SHIVASAMUDRA,42.0,0.0
2026-05-07T15:10:58,07/05/2026 15:05,50.14,16343.0,4445.0,7061.0,2878.0,1094.0,479.0,115.0,MANIDAM,9.0,2.0
2026-05-07T15:10:58,07/05/2026 15:05,50.14,16343.0,4445.0,7061.0,2878.0,1094.0,479.0,115.0,MUNRABAD,38.0,0.0
2026-05-07T15:10:58,07/05/2026 15:05,50.14,16343.0,4445.0,7061.0,2878.0,1094.0,479.0,115.0,BHADRA,39.2,0.0
2026-05-07T15:10:58,07/05/2026 15:05,50.14,16343.0,4445.0,7061.0,2878.0,1094.0,479.0,115.0,GHATAPRABHA,32.0,0.0
2026-05-07T15:10:58,07/05/2026 15:05,50.14,16343.0,4445.0,7061.0,2878.0,1094.0,479.0,115.0,ALMATTI,290.0,0.0
2026-05-07T15:10:58,07/05/2026 15:05,50.14,16343.0,4445.0,7061.0,2878.0,1094.0,479.0,115.0,JINDAL,1460.0,263.0
2026-05-07T15:10:58,07/05/2026 15:05,50.14,16343.0,4445.0,7061.0,2878.0,1094.0,479.0,115.0,UPCL,1200.0,479.0
2026-05-07T15:10:58,07/05/2026 15:05,50.14,16343.0,4445.0,7061.0,2878.0,1094.0,479.0,115.0,YCCP,370.0,0.0
2026-05-07T15:12:14,07/05/2026 15:05,50.14,16343.0,4445.0,7061.0,2878.0,1094.0,479.0,115.0,RTPS,1720.0,875.0
2026-05-07T15:12:14,07/05/2026 15:05,50.14,16343.0,4445.0,7061.0,2878.0,1094.0,479.0,115.0,BTPS,1700.0,1427.0
2026-05-07T15:12:14,07/05/2026 15:05,50.14,16343.0,4445.0,7061.0,2878.0,1094.0,479.0,115.0,YTPS,1600.0,576.0
2026-05-07T15:12:14,07/05/2026 15:05,50.14,16343.0,4445.0,7061.0,2878.0,1094.0,479.0,115.0,SHARAVATHI,1035.0,458.0
2026-05-07T15:12:14,07/05/2026 15:05,50.14,16343.0,4445.0,7061.0,2878.0,1094.0,479.0,115.0,NAGJHARI,900.0,498.0
2026-05-07T15:12:14,07/05/2026 15:05,50.14,16343.0,4445.0,7061.0,2878.0,1094.0,479.0,115.0,VARAHI,460.0,138.0
2026-05-07T15:12:14,07/05/2026 15:05,50.14,16343.0,4445.0,7061.0,2878.0,1094.0,479.0,115.0,KODSALLI,120.0,39.0
2026-05-07T15:12:14,07/05/2026 15:05,50.14,16343.0,4445.0,7061.0,2878.0,1094.0,479.0,115.0,KADRA,150.0,0.0
2026-05-07T15:12:14,07/05/2026 15:05,50.14,16343.0,4445.0,7061.0,2878.0,1094.0,479.0,115.0,GERUSOPPA,240.0,0.0
2026-05-07T15:12:14,07/05/2026 15:05,50.14,16343.0,4445.0,7061.0,2878.0,1094.0,479.0,115.0,JOG,139.2,0.0
2026-05-07T15:12:14,07/05/2026 15:05,50.14,16343.0,4445.0,7061.0,2878.0,1094.0,479.0,115.0,LPH,55.0,0.0
2026-05-07T15:12:14,07/05/2026 15:05,50.14,16343.0,4445.0,7061.0,2878.0,1094.0,479.0,115.0,SUPA,100.0,74.0
2026-05-07T15:12:14,07/05/2026 15:05,50.14,16343.0,4445.0,7061.0,2878.0,1094.0,479.0,115.0,SHIMSHA,17.2,0.0
2026-05-07T15:12:14,07/05/2026 15:05,50.14,16343.0,4445.0,7061.0,2878.0,1094.0,479.0,115.0,SHIVASAMUDRA,42.0,0.0
2026-05-07T15:12:14,07/05/2026 15:05,50.14,16343.0,4445.0,7061.0,2878.0,1094.0,479.0,115.0,MANIDAM,9.0,2.0
2026-05-07T15:12:14,07/05/2026 15:05,50.14,16343.0,4445.0,7061.0,2878.0,1094.0,479.0,115.0,MUNRABAD,38.0,0.0
2026-05-07T15:12:14,07/05/2026 15:05,50.14,16343.0,4445.0,7061.0,2878.0,1094.0,479.0,115.0,BHADRA,39.2,0.0
2026-05-07T15:12:14,07/05/2026 15:05,50.14,16343.0,4445.0,7061.0,2878.0,1094.0,479.0,115.0,GHATAPRABHA,32.0,0.0
2026-05-07T15:12:14,07/05/2026 15:05,50.14,16343.0,4445.0,7061.0,2878.0,1094.0,479.0,115.0,ALMATTI,290.0,0.0
2026-05-07T15:12:14,07/05/2026 15:05,50.14,16343.0,4445.0,7061.0,2878.0,1094.0,479.0,115.0,JINDAL,1460.0,263.0
2026-05-07T15:12:14,07/05/2026 15:05,50.14,16343.0,4445.0,7061.0,2878.0,1094.0,479.0,115.0,UPCL,1200.0,479.0
2026-05-07T15:12:14,07/05/2026 15:05,50.14,16343.0,4445.0,7061.0,2878.0,1094.0,479.0,115.0,YCCP,370.0,0.0
2026-05-07T15:13:00,07/05/2026 15:05,50.14,16343.0,4445.0,7061.0,2878.0,1094.0,479.0,115.0,RTPS,1720.0,875.0
2026-05-07T15:13:00,07/05/2026 15:05,50.14,16343.0,4445.0,7061.0,2878.0,1094.0,479.0,115.0,BTPS,1700.0,1427.0
2026-05-07T15:13:00,07/05/2026 15:05,50.14,16343.0,4445.0,7061.0,2878.0,1094.0,479.0,115.0,YTPS,1600.0,576.0
2026-05-07T15:13:00,07/05/2026 15:05,50.14,16343.0,4445.0,7061.0,2878.0,1094.0,479.0,115.0,SHARAVATHI,1035.0,458.0
2026-05-07T15:13:00,07/05/2026 15:05,50.14,16343.0,4445.0,7061.0,2878.0,1094.0,479.0,115.0,NAGJHARI,900.0,498.0
2026-05-07T15:13:00,07/05/2026 15:05,50.14,16343.0,4445.0,7061.0,2878.0,1094.0,479.0,115.0,VARAHI,460.0,138.0
2026-05-07T15:13:00,07/05/2026 15:05,50.14,16343.0,4445.0,7061.0,2878.0,1094.0,479.0,115.0,KODSALLI,120.0,39.0
2026-05-07T15:13:00,07/05/2026 15:05,50.14,16343.0,4445.0,7061.0,2878.0,1094.0,479.0,115.0,KADRA,150.0,0.0
2026-05-07T15:13:00,07/05/2026 15:05,50.14,16343.0,4445.0,7061.0,2878.0,1094.0,479.0,115.0,GERUSOPPA,240.0,0.0
2026-05-07T15:13:00,07/05/2026 15:05,50.14,16343.0,4445.0,7061.0,2878.0,1094.0,479.0,115.0,JOG,139.2,0.0
2026-05-07T15:13:00,07/05/2026 15:05,50.14,16343.0,4445.0,7061.0,2878.0,1094.0,479.0,115.0,LPH,55.0,0.0
2026-05-07T15:13:00,07/05/2026 15:05,50.14,16343.0,4445.0,7061.0,2878.0,1094.0,479.0,115.0,SUPA,100.0,74.0
2026-05-07T15:13:00,07/05/2026 15:05,50.14,16343.0,4445.0,7061.0,2878.0,1094.0,479.0,115.0,SHIMSHA,17.2,0.0
2026-05-07T15:13:00,07/05/2026 15:05,50.14,16343.0,4445.0,7061.0,2878.0,1094.0,479.0,115.0,SHIVASAMUDRA,42.0,0.0
2026-05-07T15:13:00,07/05/2026 15:05,50.14,16343.0,4445.0,7061.0,2878.0,1094.0,479.0,115.0,MANIDAM,9.0,2.0
2026-05-07T15:13:00,07/05/2026 15:05,50.14,16343.0,4445.0,7061.0,2878.0,1094.0,479.0,115.0,MUNRABAD,38.0,0.0
2026-05-07T15:13:00,07/05/2026 15:05,50.14,16343.0,4445.0,7061.0,2878.0,1094.0,479.0,115.0,BHADRA,39.2,0.0
2026-05-07T15:13:00,07/05/2026 15:05,50.14,16343.0,4445.0,7061.0,2878.0,1094.0,479.0,115.0,GHATAPRABHA,32.0,0.0
2026-05-07T15:13:00,07/05/2026 15:05,50.14,16343.0,4445.0,7061.0,2878.0,1094.0,479.0,115.0,ALMATTI,290.0,0.0
2026-05-07T15:13:00,07/05/2026 15:05,50.14,16343.0,4445.0,7061.0,2878.0,1094.0,479.0,115.0,JINDAL,1460.0,263.0
2026-05-07T15:13:00,07/05/2026 15:05,50.14,16343.0,4445.0,7061.0,2878.0,1094.0,479.0,115.0,UPCL,1200.0,479.0
2026-05-07T15:13:00,07/05/2026 15:05,50.14,16343.0,4445.0,7061.0,2878.0,1094.0,479.0,115.0,YCCP,370.0,0.0
2026-05-07T15:13:58,07/05/2026 15:05,50.14,16343.0,4445.0,7061.0,2878.0,1094.0,479.0,115.0,RTPS,1720.0,875.0
2026-05-07T15:13:58,07/05/2026 15:05,50.14,16343.0,4445.0,7061.0,2878.0,1094.0,479.0,115.0,BTPS,1700.0,1427.0
2026-05-07T15:13:58,07/05/2026 15:05,50.14,16343.0,4445.0,7061.0,2878.0,1094.0,479.0,115.0,YTPS,1600.0,576.0
2026-05-07T15:13:58,07/05/2026 15:05,50.14,16343.0,4445.0,7061.0,2878.0,1094.0,479.0,115.0,SHARAVATHI,1035.0,458.0
2026-05-07T15:13:58,07/05/2026 15:05,50.14,16343.0,4445.0,7061.0,2878.0,1094.0,479.0,115.0,NAGJHARI,900.0,498.0
2026-05-07T15:13:58,07/05/2026 15:05,50.14,16343.0,4445.0,7061.0,2878.0,1094.0,479.0,115.0,VARAHI,460.0,138.0
2026-05-07T15:13:58,07/05/2026 15:05,50.14,16343.0,4445.0,7061.0,2878.0,1094.0,479.0,115.0,KODSALLI,120.0,39.0
2026-05-07T15:13:58,07/05/2026 15:05,50.14,16343.0,4445.0,7061.0,2878.0,1094.0,479.0,115.0,KADRA,150.0,0.0
2026-05-07T15:13:58,07/05/2026 15:05,50.14,16343.0,4445.0,7061.0,2878.0,1094.0,479.0,115.0,GERUSOPPA,240.0,0.0
2026-05-07T15:13:58,07/05/2026 15:05,50.14,16343.0,4445.0,7061.0,2878.0,1094.0,479.0,115.0,JOG,139.2,0.0
2026-05-07T15:13:58,07/05/2026 15:05,50.14,16343.0,4445.0,7061.0,2878.0,1094.0,479.0,115.0,LPH,55.0,0.0
2026-05-07T15:13:58,07/05/2026 15:05,50.14,16343.0,4445.0,7061.0,2878.0,1094.0,479.0,115.0,SUPA,100.0,74.0
2026-05-07T15:13:58,07/05/2026 15:05,50.14,16343.0,4445.0,7061.0,2878.0,1094.0,479.0,115.0,SHIMSHA,17.2,0.0
2026-05-07T15:13:58,07/05/2026 15:05,50.14,16343.0,4445.0,7061.0,2878.0,1094.0,479.0,115.0,SHIVASAMUDRA,42.0,0.0
2026-05-07T15:13:58,07/05/2026 15:05,50.14,16343.0,4445.0,7061.0,2878.0,1094.0,479.0,115.0,MANIDAM,9.0,2.0
2026-05-07T15:13:58,07/05/2026 15:05,50.14,16343.0,4445.0,7061.0,2878.0,1094.0,479.0,115.0,MUNRABAD,38.0,0.0
2026-05-07T15:13:58,07/05/2026 15:05,50.14,16343.0,4445.0,7061.0,2878.0,1094.0,479.0,115.0,BHADRA,39.2,0.0
2026-05-07T15:13:58,07/05/2026 15:05,50.14,16343.0,4445.0,7061.0,2878.0,1094.0,479.0,115.0,GHATAPRABHA,32.0,0.0
2026-05-07T15:13:58,07/05/2026 15:05,50.14,16343.0,4445.0,7061.0,2878.0,1094.0,479.0,115.0,ALMATTI,290.0,0.0
2026-05-07T15:13:58,07/05/2026 15:05,50.14,16343.0,4445.0,7061.0,2878.0,1094.0,479.0,115.0,JINDAL,1460.0,263.0
2026-05-07T15:13:58,07/05/2026 15:05,50.14,16343.0,4445.0,7061.0,2878.0,1094.0,479.0,115.0,UPCL,1200.0,479.0
2026-05-07T15:13:58,07/05/2026 15:05,50.14,16343.0,4445.0,7061.0,2878.0,1094.0,479.0,115.0,YCCP,370.0,0.0
2026-05-07T15:14:58,07/05/2026 15:05,50.14,16343.0,4445.0,7061.0,2878.0,1094.0,479.0,115.0,RTPS,1720.0,875.0
2026-05-07T15:14:58,07/05/2026 15:05,50.14,16343.0,4445.0,7061.0,2878.0,1094.0,479.0,115.0,BTPS,1700.0,1427.0
2026-05-07T15:14:58,07/05/2026 15:05,50.14,16343.0,4445.0,7061.0,2878.0,1094.0,479.0,115.0,YTPS,1600.0,576.0
2026-05-07T15:14:58,07/05/2026 15:05,50.14,16343.0,4445.0,7061.0,2878.0,1094.0,479.0,115.0,SHARAVATHI,1035.0,458.0
2026-05-07T15:14:58,07/05/2026 15:05,50.14,16343.0,4445.0,7061.0,2878.0,1094.0,479.0,115.0,NAGJHARI,900.0,498.0
2026-05-07T15:14:58,07/05/2026 15:05,50.14,16343.0,4445.0,7061.0,2878.0,1094.0,479.0,115.0,VARAHI,460.0,138.0
2026-05-07T15:14:58,07/05/2026 15:05,50.14,16343.0,4445.0,7061.0,2878.0,1094.0,479.0,115.0,KODSALLI,120.0,39.0
2026-05-07T15:14:58,07/05/2026 15:05,50.14,16343.0,4445.0,7061.0,2878.0,1094.0,479.0,115.0,KADRA,150.0,0.0
2026-05-07T15:14:58,07/05/2026 15:05,50.14,16343.0,4445.0,7061.0,2878.0,1094.0,479.0,115.0,GERUSOPPA,240.0,0.0
2026-05-07T15:14:58,07/05/2026 15:05,50.14,16343.0,4445.0,7061.0,2878.0,1094.0,479.0,115.0,JOG,139.2,0.0
2026-05-07T15:14:58,07/05/2026 15:05,50.14,16343.0,4445.0,7061.0,2878.0,1094.0,479.0,115.0,LPH,55.0,0.0
2026-05-07T15:14:58,07/05/2026 15:05,50.14,16343.0,4445.0,7061.0,2878.0,1094.0,479.0,115.0,SUPA,100.0,74.0
2026-05-07T15:14:58,07/05/2026 15:05,50.14,16343.0,4445.0,7061.0,2878.0,1094.0,479.0,115.0,SHIMSHA,17.2,0.0
2026-05-07T15:14:58,07/05/2026 15:05,50.14,16343.0,4445.0,7061.0,2878.0,1094.0,479.0,115.0,SHIVASAMUDRA,42.0,0.0
2026-05-07T15:14:58,07/05/2026 15:05,50.14,16343.0,4445.0,7061.0,2878.0,1094.0,479.0,115.0,MANIDAM,9.0,2.0
2026-05-07T15:14:58,07/05/2026 15:05,50.14,16343.0,4445.0,7061.0,2878.0,1094.0,479.0,115.0,MUNRABAD,38.0,0.0
2026-05-07T15:14:58,07/05/2026 15:05,50.14,16343.0,4445.0,7061.0,2878.0,1094.0,479.0,115.0,BHADRA,39.2,0.0
2026-05-07T15:14:58,07/05/2026 15:05,50.14,16343.0,4445.0,7061.0,2878.0,1094.0,479.0,115.0,GHATAPRABHA,32.0,0.0
2026-05-07T15:14:58,07/05/2026 15:05,50.14,16343.0,4445.0,7061.0,2878.0,1094.0,479.0,115.0,ALMATTI,290.0,0.0
2026-05-07T15:14:58,07/05/2026 15:05,50.14,16343.0,4445.0,7061.0,2878.0,1094.0,479.0,115.0,JINDAL,1460.0,263.0
2026-05-07T15:14:58,07/05/2026 15:05,50.14,16343.0,4445.0,7061.0,2878.0,1094.0,479.0,115.0,UPCL,1200.0,479.0
2026-05-07T15:14:58,07/05/2026 15:05,50.14,16343.0,4445.0,7061.0,2878.0,1094.0,479.0,115.0,YCCP,370.0,0.0
2026-05-07T15:15:58,07/05/2026 15:05,50.14,16343.0,4445.0,7061.0,2878.0,1094.0,479.0,115.0,RTPS,1720.0,875.0
2026-05-07T15:15:58,07/05/2026 15:05,50.14,16343.0,4445.0,7061.0,2878.0,1094.0,479.0,115.0,BTPS,1700.0,1427.0
2026-05-07T15:15:58,07/05/2026 15:05,50.14,16343.0,4445.0,7061.0,2878.0,1094.0,479.0,115.0,YTPS,1600.0,576.0
2026-05-07T15:15:58,07/05/2026 15:05,50.14,16343.0,4445.0,7061.0,2878.0,1094.0,479.0,115.0,SHARAVATHI,1035.0,458.0
2026-05-07T15:15:58,07/05/2026 15:05,50.14,16343.0,4445.0,7061.0,2878.0,1094.0,479.0,115.0,NAGJHARI,900.0,498.0
2026-05-07T15:15:58,07/05/2026 15:05,50.14,16343.0,4445.0,7061.0,2878.0,1094.0,479.0,115.0,VARAHI,460.0,138.0
2026-05-07T15:15:58,07/05/2026 15:05,50.14,16343.0,4445.0,7061.0,2878.0,1094.0,479.0,115.0,KODSALLI,120.0,39.0
2026-05-07T15:15:58,07/05/2026 15:05,50.14,16343.0,4445.0,7061.0,2878.0,1094.0,479.0,115.0,KADRA,150.0,0.0
2026-05-07T15:15:58,07/05/2026 15:05,50.14,16343.0,4445.0,7061.0,2878.0,1094.0,479.0,115.0,GERUSOPPA,240.0,0.0
2026-05-07T15:15:58,07/05/2026 15:05,50.14,16343.0,4445.0,7061.0,2878.0,1094.0,479.0,115.0,JOG,139.2,0.0
2026-05-07T15:15:58,07/05/2026 15:05,50.14,16343.0,4445.0,7061.0,2878.0,1094.0,479.0,115.0,LPH,55.0,0.0
2026-05-07T15:15:58,07/05/2026 15:05,50.14,16343.0,4445.0,7061.0,2878.0,1094.0,479.0,115.0,SUPA,100.0,74.0
2026-05-07T15:15:58,07/05/2026 15:05,50.14,16343.0,4445.0,7061.0,2878.0,1094.0,479.0,115.0,SHIMSHA,17.2,0.0
2026-05-07T15:15:58,07/05/2026 15:05,50.14,16343.0,4445.0,7061.0,2878.0,1094.0,479.0,115.0,SHIVASAMUDRA,42.0,0.0
2026-05-07T15:15:58,07/05/2026 15:05,50.14,16343.0,4445.0,7061.0,2878.0,1094.0,479.0,115.0,MANIDAM,9.0,2.0
2026-05-07T15:15:58,07/05/2026 15:05,50.14,16343.0,4445.0,7061.0,2878.0,1094.0,479.0,115.0,MUNRABAD,38.0,0.0
2026-05-07T15:15:58,07/05/2026 15:05,50.14,16343.0,4445.0,7061.0,2878.0,1094.0,479.0,115.0,BHADRA,39.2,0.0
2026-05-07T15:15:58,07/05/2026 15:05,50.14,16343.0,4445.0,7061.0,2878.0,1094.0,479.0,115.0,GHATAPRABHA,32.0,0.0
2026-05-07T15:15:58,07/05/2026 15:05,50.14,16343.0,4445.0,7061.0,2878.0,1094.0,479.0,115.0,ALMATTI,290.0,0.0
2026-05-07T15:15:58,07/05/2026 15:05,50.14,16343.0,4445.0,7061.0,2878.0,1094.0,479.0,115.0,JINDAL,1460.0,263.0
2026-05-07T15:15:58,07/05/2026 15:05,50.14,16343.0,4445.0,7061.0,2878.0,1094.0,479.0,115.0,UPCL,1200.0,479.0
2026-05-07T15:15:58,07/05/2026 15:05,50.14,16343.0,4445.0,7061.0,2878.0,1094.0,479.0,115.0,YCCP,370.0,0.0
2026-05-07T15:16:58,07/05/2026 15:05,50.14,16343.0,4445.0,7061.0,2878.0,1094.0,479.0,115.0,RTPS,1720.0,875.0
2026-05-07T15:16:58,07/05/2026 15:05,50.14,16343.0,4445.0,7061.0,2878.0,1094.0,479.0,115.0,BTPS,1700.0,1427.0
2026-05-07T15:16:58,07/05/2026 15:05,50.14,16343.0,4445.0,7061.0,2878.0,1094.0,479.0,115.0,YTPS,1600.0,576.0
2026-05-07T15:16:58,07/05/2026 15:05,50.14,16343.0,4445.0,7061.0,2878.0,1094.0,479.0,115.0,SHARAVATHI,1035.0,458.0
2026-05-07T15:16:58,07/05/2026 15:05,50.14,16343.0,4445.0,7061.0,2878.0,1094.0,479.0,115.0,NAGJHARI,900.0,498.0
2026-05-07T15:16:58,07/05/2026 15:05,50.14,16343.0,4445.0,7061.0,2878.0,1094.0,479.0,115.0,VARAHI,460.0,138.0
2026-05-07T15:16:58,07/05/2026 15:05,50.14,16343.0,4445.0,7061.0,2878.0,1094.0,479.0,115.0,KODSALLI,120.0,39.0
2026-05-07T15:16:58,07/05/2026 15:05,50.14,16343.0,4445.0,7061.0,2878.0,1094.0,479.0,115.0,KADRA,150.0,0.0
2026-05-07T15:16:58,07/05/2026 15:05,50.14,16343.0,4445.0,7061.0,2878.0,1094.0,479.0,115.0,GERUSOPPA,240.0,0.0
2026-05-07T15:16:58,07/05/2026 15:05,50.14,16343.0,4445.0,7061.0,2878.0,1094.0,479.0,115.0,JOG,139.2,0.0
2026-05-07T15:16:58,07/05/2026 15:05,50.14,16343.0,4445.0,7061.0,2878.0,1094.0,479.0,115.0,LPH,55.0,0.0
2026-05-07T15:16:58,07/05/2026 15:05,50.14,16343.0,4445.0,7061.0,2878.0,1094.0,479.0,115.0,SUPA,100.0,74.0
2026-05-07T15:16:58,07/05/2026 15:05,50.14,16343.0,4445.0,7061.0,2878.0,1094.0,479.0,115.0,SHIMSHA,17.2,0.0
2026-05-07T15:16:58,07/05/2026 15:05,50.14,16343.0,4445.0,7061.0,2878.0,1094.0,479.0,115.0,SHIVASAMUDRA,42.0,0.0
2026-05-07T15:16:58,07/05/2026 15:05,50.14,16343.0,4445.0,7061.0,2878.0,1094.0,479.0,115.0,MANIDAM,9.0,2.0
2026-05-07T15:16:58,07/05/2026 15:05,50.14,16343.0,4445.0,7061.0,2878.0,1094.0,479.0,115.0,MUNRABAD,38.0,0.0
2026-05-07T15:16:58,07/05/2026 15:05,50.14,16343.0,4445.0,7061.0,2878.0,1094.0,479.0,115.0,BHADRA,39.2,0.0
2026-05-07T15:16:58,07/05/2026 15:05,50.14,16343.0,4445.0,7061.0,2878.0,1094.0,479.0,115.0,GHATAPRABHA,32.0,0.0
2026-05-07T15:16:58,07/05/2026 15:05,50.14,16343.0,4445.0,7061.0,2878.0,1094.0,479.0,115.0,ALMATTI,290.0,0.0
2026-05-07T15:16:58,07/05/2026 15:05,50.14,16343.0,4445.0,7061.0,2878.0,1094.0,479.0,115.0,JINDAL,1460.0,263.0
2026-05-07T15:16:58,07/05/2026 15:05,50.14,16343.0,4445.0,7061.0,2878.0,1094.0,479.0,115.0,UPCL,1200.0,479.0
2026-05-07T15:16:58,07/05/2026 15:05,50.14,16343.0,4445.0,7061.0,2878.0,1094.0,479.0,115.0,YCCP,370.0,0.0
2026-05-07T15:17:58,07/05/2026 15:15,50.1,16239.0,4133.0,7524.0,2911.0,945.0,474.0,85.0,RTPS,1720.0,877.0
2026-05-07T15:17:58,07/05/2026 15:15,50.1,16239.0,4133.0,7524.0,2911.0,945.0,474.0,85.0,BTPS,1700.0,1448.0
2026-05-07T15:17:58,07/05/2026 15:15,50.1,16239.0,4133.0,7524.0,2911.0,945.0,474.0,85.0,YTPS,1600.0,586.0
2026-05-07T15:17:58,07/05/2026 15:15,50.1,16239.0,4133.0,7524.0,2911.0,945.0,474.0,85.0,SHARAVATHI,1035.0,381.0
2026-05-07T15:17:58,07/05/2026 15:15,50.1,16239.0,4133.0,7524.0,2911.0,945.0,474.0,85.0,NAGJHARI,900.0,431.0
2026-05-07T15:17:58,07/05/2026 15:15,50.1,16239.0,4133.0,7524.0,2911.0,945.0,474.0,85.0,VARAHI,460.0,133.0
2026-05-07T15:17:58,07/05/2026 15:15,50.1,16239.0,4133.0,7524.0,2911.0,945.0,474.0,85.0,KODSALLI,120.0,0.0
2026-05-07T15:17:58,07/05/2026 15:15,50.1,16239.0,4133.0,7524.0,2911.0,945.0,474.0,85.0,KADRA,150.0,0.0
2026-05-07T15:17:58,07/05/2026 15:15,50.1,16239.0,4133.0,7524.0,2911.0,945.0,474.0,85.0,GERUSOPPA,240.0,0.0
2026-05-07T15:17:58,07/05/2026 15:15,50.1,16239.0,4133.0,7524.0,2911.0,945.0,474.0,85.0,JOG,139.2,9.0
2026-05-07T15:17:58,07/05/2026 15:15,50.1,16239.0,4133.0,7524.0,2911.0,945.0,474.0,85.0,LPH,55.0,0.0
2026-05-07T15:17:58,07/05/2026 15:15,50.1,16239.0,4133.0,7524.0,2911.0,945.0,474.0,85.0,SUPA,100.0,74.0
2026-05-07T15:17:58,07/05/2026 15:15,50.1,16239.0,4133.0,7524.0,2911.0,945.0,474.0,85.0,SHIMSHA,17.2,0.0
2026-05-07T15:17:58,07/05/2026 15:15,50.1,16239.0,4133.0,7524.0,2911.0,945.0,474.0,85.0,SHIVASAMUDRA,42.0,0.0
2026-05-07T15:17:58,07/05/2026 15:15,50.1,16239.0,4133.0,7524.0,2911.0,945.0,474.0,85.0,MANIDAM,9.0,2.0
2026-05-07T15:17:58,07/05/2026 15:15,50.1,16239.0,4133.0,7524.0,2911.0,945.0,474.0,85.0,MUNRABAD,38.0,0.0
2026-05-07T15:17:58,07/05/2026 15:15,50.1,16239.0,4133.0,7524.0,2911.0,945.0,474.0,85.0,BHADRA,39.2,0.0
2026-05-07T15:17:58,07/05/2026 15:15,50.1,16239.0,4133.0,7524.0,2911.0,945.0,474.0,85.0,GHATAPRABHA,32.0,0.0
2026-05-07T15:17:58,07/05/2026 15:15,50.1,16239.0,4133.0,7524.0,2911.0,945.0,474.0,85.0,ALMATTI,290.0,0.0
2026-05-07T15:17:58,07/05/2026 15:15,50.1,16239.0,4133.0,7524.0,2911.0,945.0,474.0,85.0,JINDAL,1460.0,215.0
2026-05-07T15:17:58,07/05/2026 15:15,50.1,16239.0,4133.0,7524.0,2911.0,945.0,474.0,85.0,UPCL,1200.0,474.0
2026-05-07T15:17:58,07/05/2026 15:15,50.1,16239.0,4133.0,7524.0,2911.0,945.0,474.0,85.0,YCCP,370.0,0.0
2026-05-07T15:19:00,07/05/2026 15:15,50.1,16239.0,4133.0,7524.0,2911.0,945.0,474.0,85.0,RTPS,1720.0,877.0
2026-05-07T15:19:00,07/05/2026 15:15,50.1,16239.0,4133.0,7524.0,2911.0,945.0,474.0,85.0,BTPS,1700.0,1448.0
2026-05-07T15:19:00,07/05/2026 15:15,50.1,16239.0,4133.0,7524.0,2911.0,945.0,474.0,85.0,YTPS,1600.0,586.0
2026-05-07T15:19:00,07/05/2026 15:15,50.1,16239.0,4133.0,7524.0,2911.0,945.0,474.0,85.0,SHARAVATHI,1035.0,381.0
2026-05-07T15:19:00,07/05/2026 15:15,50.1,16239.0,4133.0,7524.0,2911.0,945.0,474.0,85.0,NAGJHARI,900.0,431.0
2026-05-07T15:19:00,07/05/2026 15:15,50.1,16239.0,4133.0,7524.0,2911.0,945.0,474.0,85.0,VARAHI,460.0,133.0
2026-05-07T15:19:00,07/05/2026 15:15,50.1,16239.0,4133.0,7524.0,2911.0,945.0,474.0,85.0,KODSALLI,120.0,0.0
2026-05-07T15:19:00,07/05/2026 15:15,50.1,16239.0,4133.0,7524.0,2911.0,945.0,474.0,85.0,KADRA,150.0,0.0
2026-05-07T15:19:00,07/05/2026 15:15,50.1,16239.0,4133.0,7524.0,2911.0,945.0,474.0,85.0,GERUSOPPA,240.0,0.0
2026-05-07T15:19:00,07/05/2026 15:15,50.1,16239.0,4133.0,7524.0,2911.0,945.0,474.0,85.0,JOG,139.2,9.0
2026-05-07T15:19:00,07/05/2026 15:15,50.1,16239.0,4133.0,7524.0,2911.0,945.0,474.0,85.0,LPH,55.0,0.0
2026-05-07T15:19:00,07/05/2026 15:15,50.1,16239.0,4133.0,7524.0,2911.0,945.0,474.0,85.0,SUPA,100.0,74.0
2026-05-07T15:19:00,07/05/2026 15:15,50.1,16239.0,4133.0,7524.0,2911.0,945.0,474.0,85.0,SHIMSHA,17.2,0.0
2026-05-07T15:19:00,07/05/2026 15:15,50.1,16239.0,4133.0,7524.0,2911.0,945.0,474.0,85.0,SHIVASAMUDRA,42.0,0.0
2026-05-07T15:19:00,07/05/2026 15:15,50.1,16239.0,4133.0,7524.0,2911.0,945.0,474.0,85.0,MANIDAM,9.0,2.0
2026-05-07T15:19:00,07/05/2026 15:15,50.1,16239.0,4133.0,7524.0,2911.0,945.0,474.0,85.0,MUNRABAD,38.0,0.0
2026-05-07T15:19:00,07/05/2026 15:15,50.1,16239.0,4133.0,7524.0,2911.0,945.0,474.0,85.0,BHADRA,39.2,0.0
2026-05-07T15:19:00,07/05/2026 15:15,50.1,16239.0,4133.0,7524.0,2911.0,945.0,474.0,85.0,GHATAPRABHA,32.0,0.0
2026-05-07T15:19:00,07/05/2026 15:15,50.1,16239.0,4133.0,7524.0,2911.0,945.0,474.0,85.0,ALMATTI,290.0,0.0
2026-05-07T15:19:00,07/05/2026 15:15,50.1,16239.0,4133.0,7524.0,2911.0,945.0,474.0,85.0,JINDAL,1460.0,215.0
2026-05-07T15:19:00,07/05/2026 15:15,50.1,16239.0,4133.0,7524.0,2911.0,945.0,474.0,85.0,UPCL,1200.0,474.0
2026-05-07T15:19:00,07/05/2026 15:15,50.1,16239.0,4133.0,7524.0,2911.0,945.0,474.0,85.0,YCCP,370.0,0.0
2026-05-07T15:19:11,07/05/2026 15:15,50.1,16239.0,4133.0,7524.0,2911.0,945.0,474.0,85.0,RTPS,1720.0,877.0
2026-05-07T15:19:11,07/05/2026 15:15,50.1,16239.0,4133.0,7524.0,2911.0,945.0,474.0,85.0,BTPS,1700.0,1448.0
2026-05-07T15:19:11,07/05/2026 15:15,50.1,16239.0,4133.0,7524.0,2911.0,945.0,474.0,85.0,YTPS,1600.0,586.0
2026-05-07T15:19:11,07/05/2026 15:15,50.1,16239.0,4133.0,7524.0,2911.0,945.0,474.0,85.0,SHARAVATHI,1035.0,381.0
2026-05-07T15:19:11,07/05/2026 15:15,50.1,16239.0,4133.0,7524.0,2911.0,945.0,474.0,85.0,NAGJHARI,900.0,431.0
2026-05-07T15:19:11,07/05/2026 15:15,50.1,16239.0,4133.0,7524.0,2911.0,945.0,474.0,85.0,VARAHI,460.0,133.0
2026-05-07T15:19:11,07/05/2026 15:15,50.1,16239.0,4133.0,7524.0,2911.0,945.0,474.0,85.0,KODSALLI,120.0,0.0
2026-05-07T15:19:11,07/05/2026 15:15,50.1,16239.0,4133.0,7524.0,2911.0,945.0,474.0,85.0,KADRA,150.0,0.0
2026-05-07T15:19:11,07/05/2026 15:15,50.1,16239.0,4133.0,7524.0,2911.0,945.0,474.0,85.0,GERUSOPPA,240.0,0.0
2026-05-07T15:19:11,07/05/2026 15:15,50.1,16239.0,4133.0,7524.0,2911.0,945.0,474.0,85.0,JOG,139.2,9.0
2026-05-07T15:19:11,07/05/2026 15:15,50.1,16239.0,4133.0,7524.0,2911.0,945.0,474.0,85.0,LPH,55.0,0.0
2026-05-07T15:19:11,07/05/2026 15:15,50.1,16239.0,4133.0,7524.0,2911.0,945.0,474.0,85.0,SUPA,100.0,74.0
2026-05-07T15:19:11,07/05/2026 15:15,50.1,16239.0,4133.0,7524.0,2911.0,945.0,474.0,85.0,SHIMSHA,17.2,0.0
2026-05-07T15:19:11,07/05/2026 15:15,50.1,16239.0,4133.0,7524.0,2911.0,945.0,474.0,85.0,SHIVASAMUDRA,42.0,0.0
2026-05-07T15:19:11,07/05/2026 15:15,50.1,16239.0,4133.0,7524.0,2911.0,945.0,474.0,85.0,MANIDAM,9.0,2.0
2026-05-07T15:19:11,07/05/2026 15:15,50.1,16239.0,4133.0,7524.0,2911.0,945.0,474.0,85.0,MUNRABAD,38.0,0.0
2026-05-07T15:19:11,07/05/2026 15:15,50.1,16239.0,4133.0,7524.0,2911.0,945.0,474.0,85.0,BHADRA,39.2,0.0
2026-05-07T15:19:11,07/05/2026 15:15,50.1,16239.0,4133.0,7524.0,2911.0,945.0,474.0,85.0,GHATAPRABHA,32.0,0.0
2026-05-07T15:19:11,07/05/2026 15:15,50.1,16239.0,4133.0,7524.0,2911.0,945.0,474.0,85.0,ALMATTI,290.0,0.0
2026-05-07T15:19:11,07/05/2026 15:15,50.1,16239.0,4133.0,7524.0,2911.0,945.0,474.0,85.0,JINDAL,1460.0,215.0
2026-05-07T15:19:11,07/05/2026 15:15,50.1,16239.0,4133.0,7524.0,2911.0,945.0,474.0,85.0,UPCL,1200.0,474.0
2026-05-07T15:19:11,07/05/2026 15:15,50.1,16239.0,4133.0,7524.0,2911.0,945.0,474.0,85.0,YCCP,370.0,0.0
2026-05-07T15:19:59,07/05/2026 15:15,50.1,16239.0,4133.0,7524.0,2911.0,945.0,474.0,85.0,RTPS,1720.0,877.0
2026-05-07T15:19:59,07/05/2026 15:15,50.1,16239.0,4133.0,7524.0,2911.0,945.0,474.0,85.0,BTPS,1700.0,1448.0
2026-05-07T15:19:59,07/05/2026 15:15,50.1,16239.0,4133.0,7524.0,2911.0,945.0,474.0,85.0,YTPS,1600.0,586.0
2026-05-07T15:19:59,07/05/2026 15:15,50.1,16239.0,4133.0,7524.0,2911.0,945.0,474.0,85.0,SHARAVATHI,1035.0,381.0
2026-05-07T15:19:59,07/05/2026 15:15,50.1,16239.0,4133.0,7524.0,2911.0,945.0,474.0,85.0,NAGJHARI,900.0,431.0
2026-05-07T15:19:59,07/05/2026 15:15,50.1,16239.0,4133.0,7524.0,2911.0,945.0,474.0,85.0,VARAHI,460.0,133.0
2026-05-07T15:19:59,07/05/2026 15:15,50.1,16239.0,4133.0,7524.0,2911.0,945.0,474.0,85.0,KODSALLI,120.0,0.0
2026-05-07T15:19:59,07/05/2026 15:15,50.1,16239.0,4133.0,7524.0,2911.0,945.0,474.0,85.0,KADRA,150.0,0.0
2026-05-07T15:19:59,07/05/2026 15:15,50.1,16239.0,4133.0,7524.0,2911.0,945.0,474.0,85.0,GERUSOPPA,240.0,0.0
2026-05-07T15:19:59,07/05/2026 15:15,50.1,16239.0,4133.0,7524.0,2911.0,945.0,474.0,85.0,JOG,139.2,9.0
2026-05-07T15:19:59,07/05/2026 15:15,50.1,16239.0,4133.0,7524.0,2911.0,945.0,474.0,85.0,LPH,55.0,0.0
2026-05-07T15:19:59,07/05/2026 15:15,50.1,16239.0,4133.0,7524.0,2911.0,945.0,474.0,85.0,SUPA,100.0,74.0
2026-05-07T15:19:59,07/05/2026 15:15,50.1,16239.0,4133.0,7524.0,2911.0,945.0,474.0,85.0,SHIMSHA,17.2,0.0
2026-05-07T15:19:59,07/05/2026 15:15,50.1,16239.0,4133.0,7524.0,2911.0,945.0,474.0,85.0,SHIVASAMUDRA,42.0,0.0
2026-05-07T15:19:59,07/05/2026 15:15,50.1,16239.0,4133.0,7524.0,2911.0,945.0,474.0,85.0,MANIDAM,9.0,2.0
2026-05-07T15:19:59,07/05/2026 15:15,50.1,16239.0,4133.0,7524.0,2911.0,945.0,474.0,85.0,MUNRABAD,38.0,0.0
2026-05-07T15:19:59,07/05/2026 15:15,50.1,16239.0,4133.0,7524.0,2911.0,945.0,474.0,85.0,BHADRA,39.2,0.0
2026-05-07T15:19:59,07/05/2026 15:15,50.1,16239.0,4133.0,7524.0,2911.0,945.0,474.0,85.0,GHATAPRABHA,32.0,0.0
2026-05-07T15:19:59,07/05/2026 15:15,50.1,16239.0,4133.0,7524.0,2911.0,945.0,474.0,85.0,ALMATTI,290.0,0.0
2026-05-07T15:19:59,07/05/2026 15:15,50.1,16239.0,4133.0,7524.0,2911.0,945.0,474.0,85.0,JINDAL,1460.0,215.0
2026-05-07T15:19:59,07/05/2026 15:15,50.1,16239.0,4133.0,7524.0,2911.0,945.0,474.0,85.0,UPCL,1200.0,474.0
2026-05-07T15:19:59,07/05/2026 15:15,50.1,16239.0,4133.0,7524.0,2911.0,945.0,474.0,85.0,YCCP,370.0,0.0
2026-05-07T15:20:59,07/05/2026 15:15,50.1,16239.0,4133.0,7524.0,2911.0,945.0,474.0,85.0,RTPS,1720.0,877.0
2026-05-07T15:20:59,07/05/2026 15:15,50.1,16239.0,4133.0,7524.0,2911.0,945.0,474.0,85.0,BTPS,1700.0,1448.0
2026-05-07T15:20:59,07/05/2026 15:15,50.1,16239.0,4133.0,7524.0,2911.0,945.0,474.0,85.0,YTPS,1600.0,586.0
2026-05-07T15:20:59,07/05/2026 15:15,50.1,16239.0,4133.0,7524.0,2911.0,945.0,474.0,85.0,SHARAVATHI,1035.0,381.0
2026-05-07T15:20:59,07/05/2026 15:15,50.1,16239.0,4133.0,7524.0,2911.0,945.0,474.0,85.0,NAGJHARI,900.0,431.0
2026-05-07T15:20:59,07/05/2026 15:15,50.1,16239.0,4133.0,7524.0,2911.0,945.0,474.0,85.0,VARAHI,460.0,133.0
2026-05-07T15:20:59,07/05/2026 15:15,50.1,16239.0,4133.0,7524.0,2911.0,945.0,474.0,85.0,KODSALLI,120.0,0.0
2026-05-07T15:20:59,07/05/2026 15:15,50.1,16239.0,4133.0,7524.0,2911.0,945.0,474.0,85.0,KADRA,150.0,0.0
2026-05-07T15:20:59,07/05/2026 15:15,50.1,16239.0,4133.0,7524.0,2911.0,945.0,474.0,85.0,GERUSOPPA,240.0,0.0
2026-05-07T15:20:59,07/05/2026 15:15,50.1,16239.0,4133.0,7524.0,2911.0,945.0,474.0,85.0,JOG,139.2,9.0
2026-05-07T15:20:59,07/05/2026 15:15,50.1,16239.0,4133.0,7524.0,2911.0,945.0,474.0,85.0,LPH,55.0,0.0
2026-05-07T15:20:59,07/05/2026 15:15,50.1,16239.0,4133.0,7524.0,2911.0,945.0,474.0,85.0,SUPA,100.0,74.0
2026-05-07T15:20:59,07/05/2026 15:15,50.1,16239.0,4133.0,7524.0,2911.0,945.0,474.0,85.0,SHIMSHA,17.2,0.0
2026-05-07T15:20:59,07/05/2026 15:15,50.1,16239.0,4133.0,7524.0,2911.0,945.0,474.0,85.0,SHIVASAMUDRA,42.0,0.0
2026-05-07T15:20:59,07/05/2026 15:15,50.1,16239.0,4133.0,7524.0,2911.0,945.0,474.0,85.0,MANIDAM,9.0,2.0
2026-05-07T15:20:59,07/05/2026 15:15,50.1,16239.0,4133.0,7524.0,2911.0,945.0,474.0,85.0,MUNRABAD,38.0,0.0
2026-05-07T15:20:59,07/05/2026 15:15,50.1,16239.0,4133.0,7524.0,2911.0,945.0,474.0,85.0,BHADRA,39.2,0.0
2026-05-07T15:20:59,07/05/2026 15:15,50.1,16239.0,4133.0,7524.0,2911.0,945.0,474.0,85.0,GHATAPRABHA,32.0,0.0
2026-05-07T15:20:59,07/05/2026 15:15,50.1,16239.0,4133.0,7524.0,2911.0,945.0,474.0,85.0,ALMATTI,290.0,0.0
2026-05-07T15:20:59,07/05/2026 15:15,50.1,16239.0,4133.0,7524.0,2911.0,945.0,474.0,85.0,JINDAL,1460.0,215.0
2026-05-07T15:20:59,07/05/2026 15:15,50.1,16239.0,4133.0,7524.0,2911.0,945.0,474.0,85.0,UPCL,1200.0,474.0
2026-05-07T15:20:59,07/05/2026 15:15,50.1,16239.0,4133.0,7524.0,2911.0,945.0,474.0,85.0,YCCP,370.0,0.0
2026-05-07T15:21:10,07/05/2026 15:15,50.1,16239.0,4133.0,7524.0,2911.0,945.0,474.0,85.0,RTPS,1720.0,877.0
2026-05-07T15:21:10,07/05/2026 15:15,50.1,16239.0,4133.0,7524.0,2911.0,945.0,474.0,85.0,BTPS,1700.0,1448.0
2026-05-07T15:21:10,07/05/2026 15:15,50.1,16239.0,4133.0,7524.0,2911.0,945.0,474.0,85.0,YTPS,1600.0,586.0
2026-05-07T15:21:10,07/05/2026 15:15,50.1,16239.0,4133.0,7524.0,2911.0,945.0,474.0,85.0,SHARAVATHI,1035.0,381.0
2026-05-07T15:21:10,07/05/2026 15:15,50.1,16239.0,4133.0,7524.0,2911.0,945.0,474.0,85.0,NAGJHARI,900.0,431.0
2026-05-07T15:21:10,07/05/2026 15:15,50.1,16239.0,4133.0,7524.0,2911.0,945.0,474.0,85.0,VARAHI,460.0,133.0
2026-05-07T15:21:10,07/05/2026 15:15,50.1,16239.0,4133.0,7524.0,2911.0,945.0,474.0,85.0,KODSALLI,120.0,0.0
2026-05-07T15:21:10,07/05/2026 15:15,50.1,16239.0,4133.0,7524.0,2911.0,945.0,474.0,85.0,KADRA,150.0,0.0
2026-05-07T15:21:10,07/05/2026 15:15,50.1,16239.0,4133.0,7524.0,2911.0,945.0,474.0,85.0,GERUSOPPA,240.0,0.0
2026-05-07T15:21:10,07/05/2026 15:15,50.1,16239.0,4133.0,7524.0,2911.0,945.0,474.0,85.0,JOG,139.2,9.0
2026-05-07T15:21:10,07/05/2026 15:15,50.1,16239.0,4133.0,7524.0,2911.0,945.0,474.0,85.0,LPH,55.0,0.0
2026-05-07T15:21:10,07/05/2026 15:15,50.1,16239.0,4133.0,7524.0,2911.0,945.0,474.0,85.0,SUPA,100.0,74.0
2026-05-07T15:21:10,07/05/2026 15:15,50.1,16239.0,4133.0,7524.0,2911.0,945.0,474.0,85.0,SHIMSHA,17.2,0.0
2026-05-07T15:21:10,07/05/2026 15:15,50.1,16239.0,4133.0,7524.0,2911.0,945.0,474.0,85.0,SHIVASAMUDRA,42.0,0.0
2026-05-07T15:21:10,07/05/2026 15:15,50.1,16239.0,4133.0,7524.0,2911.0,945.0,474.0,85.0,MANIDAM,9.0,2.0
2026-05-07T15:21:10,07/05/2026 15:15,50.1,16239.0,4133.0,7524.0,2911.0,945.0,474.0,85.0,MUNRABAD,38.0,0.0
2026-05-07T15:21:10,07/05/2026 15:15,50.1,16239.0,4133.0,7524.0,2911.0,945.0,474.0,85.0,BHADRA,39.2,0.0
2026-05-07T15:21:10,07/05/2026 15:15,50.1,16239.0,4133.0,7524.0,2911.0,945.0,474.0,85.0,GHATAPRABHA,32.0,0.0
2026-05-07T15:21:10,07/05/2026 15:15,50.1,16239.0,4133.0,7524.0,2911.0,945.0,474.0,85.0,ALMATTI,290.0,0.0
2026-05-07T15:21:10,07/05/2026 15:15,50.1,16239.0,4133.0,7524.0,2911.0,945.0,474.0,85.0,JINDAL,1460.0,215.0
2026-05-07T15:21:10,07/05/2026 15:15,50.1,16239.0,4133.0,7524.0,2911.0,945.0,474.0,85.0,UPCL,1200.0,474.0
2026-05-07T15:21:10,07/05/2026 15:15,50.1,16239.0,4133.0,7524.0,2911.0,945.0,474.0,85.0,YCCP,370.0,0.0
2026-05-07T15:22:58,07/05/2026 15:15,50.1,16239.0,4133.0,7524.0,2911.0,945.0,474.0,85.0,RTPS,1720.0,877.0
2026-05-07T15:22:58,07/05/2026 15:15,50.1,16239.0,4133.0,7524.0,2911.0,945.0,474.0,85.0,BTPS,1700.0,1448.0
2026-05-07T15:22:58,07/05/2026 15:15,50.1,16239.0,4133.0,7524.0,2911.0,945.0,474.0,85.0,YTPS,1600.0,586.0
2026-05-07T15:22:58,07/05/2026 15:15,50.1,16239.0,4133.0,7524.0,2911.0,945.0,474.0,85.0,SHARAVATHI,1035.0,381.0
2026-05-07T15:22:58,07/05/2026 15:15,50.1,16239.0,4133.0,7524.0,2911.0,945.0,474.0,85.0,NAGJHARI,900.0,431.0
2026-05-07T15:22:58,07/05/2026 15:15,50.1,16239.0,4133.0,7524.0,2911.0,945.0,474.0,85.0,VARAHI,460.0,133.0
2026-05-07T15:22:58,07/05/2026 15:15,50.1,16239.0,4133.0,7524.0,2911.0,945.0,474.0,85.0,KODSALLI,120.0,0.0
2026-05-07T15:22:58,07/05/2026 15:15,50.1,16239.0,4133.0,7524.0,2911.0,945.0,474.0,85.0,KADRA,150.0,0.0
2026-05-07T15:22:58,07/05/2026 15:15,50.1,16239.0,4133.0,7524.0,2911.0,945.0,474.0,85.0,GERUSOPPA,240.0,0.0
2026-05-07T15:22:58,07/05/2026 15:15,50.1,16239.0,4133.0,7524.0,2911.0,945.0,474.0,85.0,JOG,139.2,9.0
2026-05-07T15:22:58,07/05/2026 15:15,50.1,16239.0,4133.0,7524.0,2911.0,945.0,474.0,85.0,LPH,55.0,0.0
2026-05-07T15:22:58,07/05/2026 15:15,50.1,16239.0,4133.0,7524.0,2911.0,945.0,474.0,85.0,SUPA,100.0,74.0
2026-05-07T15:22:58,07/05/2026 15:15,50.1,16239.0,4133.0,7524.0,2911.0,945.0,474.0,85.0,SHIMSHA,17.2,0.0
2026-05-07T15:22:58,07/05/2026 15:15,50.1,16239.0,4133.0,7524.0,2911.0,945.0,474.0,85.0,SHIVASAMUDRA,42.0,0.0
2026-05-07T15:22:58,07/05/2026 15:15,50.1,16239.0,4133.0,7524.0,2911.0,945.0,474.0,85.0,MANIDAM,9.0,2.0
2026-05-07T15:22:58,07/05/2026 15:15,50.1,16239.0,4133.0,7524.0,2911.0,945.0,474.0,85.0,MUNRABAD,38.0,0.0
2026-05-07T15:22:58,07/05/2026 15:15,50.1,16239.0,4133.0,7524.0,2911.0,945.0,474.0,85.0,BHADRA,39.2,0.0
2026-05-07T15:22:58,07/05/2026 15:15,50.1,16239.0,4133.0,7524.0,2911.0,945.0,474.0,85.0,GHATAPRABHA,32.0,0.0
2026-05-07T15:22:58,07/05/2026 15:15,50.1,16239.0,4133.0,7524.0,2911.0,945.0,474.0,85.0,ALMATTI,290.0,0.0
2026-05-07T15:22:58,07/05/2026 15:15,50.1,16239.0,4133.0,7524.0,2911.0,945.0,474.0,85.0,JINDAL,1460.0,215.0
2026-05-07T15:22:58,07/05/2026 15:15,50.1,16239.0,4133.0,7524.0,2911.0,945.0,474.0,85.0,UPCL,1200.0,474.0
2026-05-07T15:22:58,07/05/2026 15:15,50.1,16239.0,4133.0,7524.0,2911.0,945.0,474.0,85.0,YCCP,370.0,0.0
2026-05-07T15:23:58,07/05/2026 15:15,50.1,16239.0,4133.0,7524.0,2911.0,945.0,474.0,85.0,RTPS,1720.0,877.0
2026-05-07T15:23:58,07/05/2026 15:15,50.1,16239.0,4133.0,7524.0,2911.0,945.0,474.0,85.0,BTPS,1700.0,1448.0
2026-05-07T15:23:58,07/05/2026 15:15,50.1,16239.0,4133.0,7524.0,2911.0,945.0,474.0,85.0,YTPS,1600.0,586.0
2026-05-07T15:23:58,07/05/2026 15:15,50.1,16239.0,4133.0,7524.0,2911.0,945.0,474.0,85.0,SHARAVATHI,1035.0,381.0
2026-05-07T15:23:58,07/05/2026 15:15,50.1,16239.0,4133.0,7524.0,2911.0,945.0,474.0,85.0,NAGJHARI,900.0,431.0
2026-05-07T15:23:58,07/05/2026 15:15,50.1,16239.0,4133.0,7524.0,2911.0,945.0,474.0,85.0,VARAHI,460.0,133.0
2026-05-07T15:23:58,07/05/2026 15:15,50.1,16239.0,4133.0,7524.0,2911.0,945.0,474.0,85.0,KODSALLI,120.0,0.0
2026-05-07T15:23:58,07/05/2026 15:15,50.1,16239.0,4133.0,7524.0,2911.0,945.0,474.0,85.0,KADRA,150.0,0.0
2026-05-07T15:23:58,07/05/2026 15:15,50.1,16239.0,4133.0,7524.0,2911.0,945.0,474.0,85.0,GERUSOPPA,240.0,0.0
2026-05-07T15:23:58,07/05/2026 15:15,50.1,16239.0,4133.0,7524.0,2911.0,945.0,474.0,85.0,JOG,139.2,9.0
2026-05-07T15:23:58,07/05/2026 15:15,50.1,16239.0,4133.0,7524.0,2911.0,945.0,474.0,85.0,LPH,55.0,0.0
2026-05-07T15:23:58,07/05/2026 15:15,50.1,16239.0,4133.0,7524.0,2911.0,945.0,474.0,85.0,SUPA,100.0,74.0
2026-05-07T15:23:58,07/05/2026 15:15,50.1,16239.0,4133.0,7524.0,2911.0,945.0,474.0,85.0,SHIMSHA,17.2,0.0
2026-05-07T15:23:58,07/05/2026 15:15,50.1,16239.0,4133.0,7524.0,2911.0,945.0,474.0,85.0,SHIVASAMUDRA,42.0,0.0
2026-05-07T15:23:58,07/05/2026 15:15,50.1,16239.0,4133.0,7524.0,2911.0,945.0,474.0,85.0,MANIDAM,9.0,2.0
2026-05-07T15:23:58,07/05/2026 15:15,50.1,16239.0,4133.0,7524.0,2911.0,945.0,474.0,85.0,MUNRABAD,38.0,0.0
2026-05-07T15:23:58,07/05/2026 15:15,50.1,16239.0,4133.0,7524.0,2911.0,945.0,474.0,85.0,BHADRA,39.2,0.0
2026-05-07T15:23:58,07/05/2026 15:15,50.1,16239.0,4133.0,7524.0,2911.0,945.0,474.0,85.0,GHATAPRABHA,32.0,0.0
2026-05-07T15:23:58,07/05/2026 15:15,50.1,16239.0,4133.0,7524.0,2911.0,945.0,474.0,85.0,ALMATTI,290.0,0.0
2026-05-07T15:23:58,07/05/2026 15:15,50.1,16239.0,4133.0,7524.0,2911.0,945.0,474.0,85.0,JINDAL,1460.0,215.0
2026-05-07T15:23:58,07/05/2026 15:15,50.1,16239.0,4133.0,7524.0,2911.0,945.0,474.0,85.0,UPCL,1200.0,474.0
2026-05-07T15:23:58,07/05/2026 15:15,50.1,16239.0,4133.0,7524.0,2911.0,945.0,474.0,85.0,YCCP,370.0,0.0
2026-05-07T15:24:58,07/05/2026 15:15,50.1,16239.0,4133.0,7524.0,2911.0,945.0,474.0,85.0,RTPS,1720.0,877.0
2026-05-07T15:24:58,07/05/2026 15:15,50.1,16239.0,4133.0,7524.0,2911.0,945.0,474.0,85.0,BTPS,1700.0,1448.0
2026-05-07T15:24:58,07/05/2026 15:15,50.1,16239.0,4133.0,7524.0,2911.0,945.0,474.0,85.0,YTPS,1600.0,586.0
2026-05-07T15:24:58,07/05/2026 15:15,50.1,16239.0,4133.0,7524.0,2911.0,945.0,474.0,85.0,SHARAVATHI,1035.0,381.0
2026-05-07T15:24:58,07/05/2026 15:15,50.1,16239.0,4133.0,7524.0,2911.0,945.0,474.0,85.0,NAGJHARI,900.0,431.0
2026-05-07T15:24:58,07/05/2026 15:15,50.1,16239.0,4133.0,7524.0,2911.0,945.0,474.0,85.0,VARAHI,460.0,133.0
2026-05-07T15:24:58,07/05/2026 15:15,50.1,16239.0,4133.0,7524.0,2911.0,945.0,474.0,85.0,KODSALLI,120.0,0.0
2026-05-07T15:24:58,07/05/2026 15:15,50.1,16239.0,4133.0,7524.0,2911.0,945.0,474.0,85.0,KADRA,150.0,0.0
2026-05-07T15:24:58,07/05/2026 15:15,50.1,16239.0,4133.0,7524.0,2911.0,945.0,474.0,85.0,GERUSOPPA,240.0,0.0
2026-05-07T15:24:58,07/05/2026 15:15,50.1,16239.0,4133.0,7524.0,2911.0,945.0,474.0,85.0,JOG,139.2,9.0
2026-05-07T15:24:58,07/05/2026 15:15,50.1,16239.0,4133.0,7524.0,2911.0,945.0,474.0,85.0,LPH,55.0,0.0
2026-05-07T15:24:58,07/05/2026 15:15,50.1,16239.0,4133.0,7524.0,2911.0,945.0,474.0,85.0,SUPA,100.0,74.0
2026-05-07T15:24:58,07/05/2026 15:15,50.1,16239.0,4133.0,7524.0,2911.0,945.0,474.0,85.0,SHIMSHA,17.2,0.0
2026-05-07T15:24:58,07/05/2026 15:15,50.1,16239.0,4133.0,7524.0,2911.0,945.0,474.0,85.0,SHIVASAMUDRA,42.0,0.0
2026-05-07T15:24:58,07/05/2026 15:15,50.1,16239.0,4133.0,7524.0,2911.0,945.0,474.0,85.0,MANIDAM,9.0,2.0
2026-05-07T15:24:58,07/05/2026 15:15,50.1,16239.0,4133.0,7524.0,2911.0,945.0,474.0,85.0,MUNRABAD,38.0,0.0
2026-05-07T15:24:58,07/05/2026 15:15,50.1,16239.0,4133.0,7524.0,2911.0,945.0,474.0,85.0,BHADRA,39.2,0.0
2026-05-07T15:24:58,07/05/2026 15:15,50.1,16239.0,4133.0,7524.0,2911.0,945.0,474.0,85.0,GHATAPRABHA,32.0,0.0
2026-05-07T15:24:58,07/05/2026 15:15,50.1,16239.0,4133.0,7524.0,2911.0,945.0,474.0,85.0,ALMATTI,290.0,0.0
2026-05-07T15:24:58,07/05/2026 15:15,50.1,16239.0,4133.0,7524.0,2911.0,945.0,474.0,85.0,JINDAL,1460.0,215.0
2026-05-07T15:24:58,07/05/2026 15:15,50.1,16239.0,4133.0,7524.0,2911.0,945.0,474.0,85.0,UPCL,1200.0,474.0
2026-05-07T15:24:58,07/05/2026 15:15,50.1,16239.0,4133.0,7524.0,2911.0,945.0,474.0,85.0,YCCP,370.0,0.0
2026-05-07T15:25:58,07/05/2026 15:15,50.1,16239.0,4133.0,7524.0,2911.0,945.0,474.0,85.0,RTPS,1720.0,877.0
2026-05-07T15:25:58,07/05/2026 15:15,50.1,16239.0,4133.0,7524.0,2911.0,945.0,474.0,85.0,BTPS,1700.0,1448.0
2026-05-07T15:25:58,07/05/2026 15:15,50.1,16239.0,4133.0,7524.0,2911.0,945.0,474.0,85.0,YTPS,1600.0,586.0
2026-05-07T15:25:58,07/05/2026 15:15,50.1,16239.0,4133.0,7524.0,2911.0,945.0,474.0,85.0,SHARAVATHI,1035.0,381.0
2026-05-07T15:25:58,07/05/2026 15:15,50.1,16239.0,4133.0,7524.0,2911.0,945.0,474.0,85.0,NAGJHARI,900.0,431.0
2026-05-07T15:25:58,07/05/2026 15:15,50.1,16239.0,4133.0,7524.0,2911.0,945.0,474.0,85.0,VARAHI,460.0,133.0
2026-05-07T15:25:58,07/05/2026 15:15,50.1,16239.0,4133.0,7524.0,2911.0,945.0,474.0,85.0,KODSALLI,120.0,0.0
2026-05-07T15:25:58,07/05/2026 15:15,50.1,16239.0,4133.0,7524.0,2911.0,945.0,474.0,85.0,KADRA,150.0,0.0
2026-05-07T15:25:58,07/05/2026 15:15,50.1,16239.0,4133.0,7524.0,2911.0,945.0,474.0,85.0,GERUSOPPA,240.0,0.0
2026-05-07T15:25:58,07/05/2026 15:15,50.1,16239.0,4133.0,7524.0,2911.0,945.0,474.0,85.0,JOG,139.2,9.0
2026-05-07T15:25:58,07/05/2026 15:15,50.1,16239.0,4133.0,7524.0,2911.0,945.0,474.0,85.0,LPH,55.0,0.0
2026-05-07T15:25:58,07/05/2026 15:15,50.1,16239.0,4133.0,7524.0,2911.0,945.0,474.0,85.0,SUPA,100.0,74.0
2026-05-07T15:25:58,07/05/2026 15:15,50.1,16239.0,4133.0,7524.0,2911.0,945.0,474.0,85.0,SHIMSHA,17.2,0.0
2026-05-07T15:25:58,07/05/2026 15:15,50.1,16239.0,4133.0,7524.0,2911.0,945.0,474.0,85.0,SHIVASAMUDRA,42.0,0.0
2026-05-07T15:25:58,07/05/2026 15:15,50.1,16239.0,4133.0,7524.0,2911.0,945.0,474.0,85.0,MANIDAM,9.0,2.0
2026-05-07T15:25:58,07/05/2026 15:15,50.1,16239.0,4133.0,7524.0,2911.0,945.0,474.0,85.0,MUNRABAD,38.0,0.0
2026-05-07T15:25:58,07/05/2026 15:15,50.1,16239.0,4133.0,7524.0,2911.0,945.0,474.0,85.0,BHADRA,39.2,0.0
2026-05-07T15:25:58,07/05/2026 15:15,50.1,16239.0,4133.0,7524.0,2911.0,945.0,474.0,85.0,GHATAPRABHA,32.0,0.0
2026-05-07T15:25:58,07/05/2026 15:15,50.1,16239.0,4133.0,7524.0,2911.0,945.0,474.0,85.0,ALMATTI,290.0,0.0
2026-05-07T15:25:58,07/05/2026 15:15,50.1,16239.0,4133.0,7524.0,2911.0,945.0,474.0,85.0,JINDAL,1460.0,215.0
2026-05-07T15:25:58,07/05/2026 15:15,50.1,16239.0,4133.0,7524.0,2911.0,945.0,474.0,85.0,UPCL,1200.0,474.0
2026-05-07T15:25:58,07/05/2026 15:15,50.1,16239.0,4133.0,7524.0,2911.0,945.0,474.0,85.0,YCCP,370.0,0.0
2026-05-07T15:26:58,07/05/2026 15:15,50.1,16239.0,4133.0,7524.0,2911.0,945.0,474.0,85.0,RTPS,1720.0,877.0
2026-05-07T15:26:58,07/05/2026 15:15,50.1,16239.0,4133.0,7524.0,2911.0,945.0,474.0,85.0,BTPS,1700.0,1448.0
2026-05-07T15:26:58,07/05/2026 15:15,50.1,16239.0,4133.0,7524.0,2911.0,945.0,474.0,85.0,YTPS,1600.0,586.0
2026-05-07T15:26:58,07/05/2026 15:15,50.1,16239.0,4133.0,7524.0,2911.0,945.0,474.0,85.0,SHARAVATHI,1035.0,381.0
2026-05-07T15:26:58,07/05/2026 15:15,50.1,16239.0,4133.0,7524.0,2911.0,945.0,474.0,85.0,NAGJHARI,900.0,431.0
2026-05-07T15:26:58,07/05/2026 15:15,50.1,16239.0,4133.0,7524.0,2911.0,945.0,474.0,85.0,VARAHI,460.0,133.0
2026-05-07T15:26:58,07/05/2026 15:15,50.1,16239.0,4133.0,7524.0,2911.0,945.0,474.0,85.0,KODSALLI,120.0,0.0
2026-05-07T15:26:58,07/05/2026 15:15,50.1,16239.0,4133.0,7524.0,2911.0,945.0,474.0,85.0,KADRA,150.0,0.0
2026-05-07T15:26:58,07/05/2026 15:15,50.1,16239.0,4133.0,7524.0,2911.0,945.0,474.0,85.0,GERUSOPPA,240.0,0.0
2026-05-07T15:26:58,07/05/2026 15:15,50.1,16239.0,4133.0,7524.0,2911.0,945.0,474.0,85.0,JOG,139.2,9.0
2026-05-07T15:26:58,07/05/2026 15:15,50.1,16239.0,4133.0,7524.0,2911.0,945.0,474.0,85.0,LPH,55.0,0.0
2026-05-07T15:26:58,07/05/2026 15:15,50.1,16239.0,4133.0,7524.0,2911.0,945.0,474.0,85.0,SUPA,100.0,74.0
2026-05-07T15:26:58,07/05/2026 15:15,50.1,16239.0,4133.0,7524.0,2911.0,945.0,474.0,85.0,SHIMSHA,17.2,0.0
2026-05-07T15:26:58,07/05/2026 15:15,50.1,16239.0,4133.0,7524.0,2911.0,945.0,474.0,85.0,SHIVASAMUDRA,42.0,0.0
2026-05-07T15:26:58,07/05/2026 15:15,50.1,16239.0,4133.0,7524.0,2911.0,945.0,474.0,85.0,MANIDAM,9.0,2.0
2026-05-07T15:26:58,07/05/2026 15:15,50.1,16239.0,4133.0,7524.0,2911.0,945.0,474.0,85.0,MUNRABAD,38.0,0.0
2026-05-07T15:26:58,07/05/2026 15:15,50.1,16239.0,4133.0,7524.0,2911.0,945.0,474.0,85.0,BHADRA,39.2,0.0
2026-05-07T15:26:58,07/05/2026 15:15,50.1,16239.0,4133.0,7524.0,2911.0,945.0,474.0,85.0,GHATAPRABHA,32.0,0.0
2026-05-07T15:26:58,07/05/2026 15:15,50.1,16239.0,4133.0,7524.0,2911.0,945.0,474.0,85.0,ALMATTI,290.0,0.0
2026-05-07T15:26:58,07/05/2026 15:15,50.1,16239.0,4133.0,7524.0,2911.0,945.0,474.0,85.0,JINDAL,1460.0,215.0
2026-05-07T15:26:58,07/05/2026 15:15,50.1,16239.0,4133.0,7524.0,2911.0,945.0,474.0,85.0,UPCL,1200.0,474.0
2026-05-07T15:26:58,07/05/2026 15:15,50.1,16239.0,4133.0,7524.0,2911.0,945.0,474.0,85.0,YCCP,370.0,0.0
2026-05-07T15:28:00,07/05/2026 15:25,49.97,16230.0,3932.0,7779.0,2917.0,931.0,473.0,95.0,RTPS,1720.0,860.0
2026-05-07T15:28:00,07/05/2026 15:25,49.97,16230.0,3932.0,7779.0,2917.0,931.0,473.0,95.0,BTPS,1700.0,1469.0
2026-05-07T15:28:00,07/05/2026 15:25,49.97,16230.0,3932.0,7779.0,2917.0,931.0,473.0,95.0,YTPS,1600.0,588.0
2026-05-07T15:28:00,07/05/2026 15:25,49.97,16230.0,3932.0,7779.0,2917.0,931.0,473.0,95.0,SHARAVATHI,1035.0,382.0
2026-05-07T15:28:00,07/05/2026 15:25,49.97,16230.0,3932.0,7779.0,2917.0,931.0,473.0,95.0,NAGJHARI,900.0,439.0
2026-05-07T15:28:00,07/05/2026 15:25,49.97,16230.0,3932.0,7779.0,2917.0,931.0,473.0,95.0,VARAHI,460.0,110.0
2026-05-07T15:28:00,07/05/2026 15:25,49.97,16230.0,3932.0,7779.0,2917.0,931.0,473.0,95.0,KODSALLI,120.0,0.0
2026-05-07T15:28:00,07/05/2026 15:25,49.97,16230.0,3932.0,7779.0,2917.0,931.0,473.0,95.0,KADRA,150.0,0.0
2026-05-07T15:28:00,07/05/2026 15:25,49.97,16230.0,3932.0,7779.0,2917.0,931.0,473.0,95.0,GERUSOPPA,240.0,0.0
2026-05-07T15:28:00,07/05/2026 15:25,49.97,16230.0,3932.0,7779.0,2917.0,931.0,473.0,95.0,JOG,139.2,20.0
2026-05-07T15:28:00,07/05/2026 15:25,49.97,16230.0,3932.0,7779.0,2917.0,931.0,473.0,95.0,LPH,55.0,0.0
2026-05-07T15:28:00,07/05/2026 15:25,49.97,16230.0,3932.0,7779.0,2917.0,931.0,473.0,95.0,SUPA,100.0,74.0
2026-05-07T15:28:00,07/05/2026 15:25,49.97,16230.0,3932.0,7779.0,2917.0,931.0,473.0,95.0,SHIMSHA,17.2,0.0
2026-05-07T15:28:00,07/05/2026 15:25,49.97,16230.0,3932.0,7779.0,2917.0,931.0,473.0,95.0,SHIVASAMUDRA,42.0,0.0
2026-05-07T15:28:00,07/05/2026 15:25,49.97,16230.0,3932.0,7779.0,2917.0,931.0,473.0,95.0,MANIDAM,9.0,1.0
2026-05-07T15:28:00,07/05/2026 15:25,49.97,16230.0,3932.0,7779.0,2917.0,931.0,473.0,95.0,MUNRABAD,38.0,0.0
2026-05-07T15:28:00,07/05/2026 15:25,49.97,16230.0,3932.0,7779.0,2917.0,931.0,473.0,95.0,BHADRA,39.2,0.0
2026-05-07T15:28:00,07/05/2026 15:25,49.97,16230.0,3932.0,7779.0,2917.0,931.0,473.0,95.0,GHATAPRABHA,32.0,0.0
2026-05-07T15:28:00,07/05/2026 15:25,49.97,16230.0,3932.0,7779.0,2917.0,931.0,473.0,95.0,ALMATTI,290.0,0.0
2026-05-07T15:28:00,07/05/2026 15:25,49.97,16230.0,3932.0,7779.0,2917.0,931.0,473.0,95.0,JINDAL,1460.0,93.0
2026-05-07T15:28:00,07/05/2026 15:25,49.97,16230.0,3932.0,7779.0,2917.0,931.0,473.0,95.0,UPCL,1200.0,473.0
2026-05-07T15:28:00,07/05/2026 15:25,49.97,16230.0,3932.0,7779.0,2917.0,931.0,473.0,95.0,YCCP,370.0,0.0
2026-05-07T15:28:58,07/05/2026 15:25,49.97,16230.0,3932.0,7779.0,2917.0,931.0,473.0,95.0,RTPS,1720.0,860.0
2026-05-07T15:28:58,07/05/2026 15:25,49.97,16230.0,3932.0,7779.0,2917.0,931.0,473.0,95.0,BTPS,1700.0,1469.0
2026-05-07T15:28:58,07/05/2026 15:25,49.97,16230.0,3932.0,7779.0,2917.0,931.0,473.0,95.0,YTPS,1600.0,588.0
2026-05-07T15:28:58,07/05/2026 15:25,49.97,16230.0,3932.0,7779.0,2917.0,931.0,473.0,95.0,SHARAVATHI,1035.0,382.0
2026-05-07T15:28:58,07/05/2026 15:25,49.97,16230.0,3932.0,7779.0,2917.0,931.0,473.0,95.0,NAGJHARI,900.0,439.0
2026-05-07T15:28:58,07/05/2026 15:25,49.97,16230.0,3932.0,7779.0,2917.0,931.0,473.0,95.0,VARAHI,460.0,110.0
2026-05-07T15:28:58,07/05/2026 15:25,49.97,16230.0,3932.0,7779.0,2917.0,931.0,473.0,95.0,KODSALLI,120.0,0.0
2026-05-07T15:28:58,07/05/2026 15:25,49.97,16230.0,3932.0,7779.0,2917.0,931.0,473.0,95.0,KADRA,150.0,0.0
2026-05-07T15:28:58,07/05/2026 15:25,49.97,16230.0,3932.0,7779.0,2917.0,931.0,473.0,95.0,GERUSOPPA,240.0,0.0
2026-05-07T15:28:58,07/05/2026 15:25,49.97,16230.0,3932.0,7779.0,2917.0,931.0,473.0,95.0,JOG,139.2,20.0
2026-05-07T15:28:58,07/05/2026 15:25,49.97,16230.0,3932.0,7779.0,2917.0,931.0,473.0,95.0,LPH,55.0,0.0
2026-05-07T15:28:58,07/05/2026 15:25,49.97,16230.0,3932.0,7779.0,2917.0,931.0,473.0,95.0,SUPA,100.0,74.0
2026-05-07T15:28:58,07/05/2026 15:25,49.97,16230.0,3932.0,7779.0,2917.0,931.0,473.0,95.0,SHIMSHA,17.2,0.0
2026-05-07T15:28:58,07/05/2026 15:25,49.97,16230.0,3932.0,7779.0,2917.0,931.0,473.0,95.0,SHIVASAMUDRA,42.0,0.0
2026-05-07T15:28:58,07/05/2026 15:25,49.97,16230.0,3932.0,7779.0,2917.0,931.0,473.0,95.0,MANIDAM,9.0,1.0
2026-05-07T15:28:58,07/05/2026 15:25,49.97,16230.0,3932.0,7779.0,2917.0,931.0,473.0,95.0,MUNRABAD,38.0,0.0
2026-05-07T15:28:58,07/05/2026 15:25,49.97,16230.0,3932.0,7779.0,2917.0,931.0,473.0,95.0,BHADRA,39.2,0.0
2026-05-07T15:28:58,07/05/2026 15:25,49.97,16230.0,3932.0,7779.0,2917.0,931.0,473.0,95.0,GHATAPRABHA,32.0,0.0
2026-05-07T15:28:58,07/05/2026 15:25,49.97,16230.0,3932.0,7779.0,2917.0,931.0,473.0,95.0,ALMATTI,290.0,0.0
2026-05-07T15:28:58,07/05/2026 15:25,49.97,16230.0,3932.0,7779.0,2917.0,931.0,473.0,95.0,JINDAL,1460.0,93.0
2026-05-07T15:28:58,07/05/2026 15:25,49.97,16230.0,3932.0,7779.0,2917.0,931.0,473.0,95.0,UPCL,1200.0,473.0
2026-05-07T15:28:58,07/05/2026 15:25,49.97,16230.0,3932.0,7779.0,2917.0,931.0,473.0,95.0,YCCP,370.0,0.0
2026-05-07T15:30:04,07/05/2026 15:25,49.97,16230.0,3932.0,7779.0,2917.0,931.0,473.0,95.0,RTPS,1720.0,860.0
2026-05-07T15:30:04,07/05/2026 15:25,49.97,16230.0,3932.0,7779.0,2917.0,931.0,473.0,95.0,BTPS,1700.0,1469.0
2026-05-07T15:30:04,07/05/2026 15:25,49.97,16230.0,3932.0,7779.0,2917.0,931.0,473.0,95.0,YTPS,1600.0,588.0
2026-05-07T15:30:04,07/05/2026 15:25,49.97,16230.0,3932.0,7779.0,2917.0,931.0,473.0,95.0,SHARAVATHI,1035.0,382.0
2026-05-07T15:30:04,07/05/2026 15:25,49.97,16230.0,3932.0,7779.0,2917.0,931.0,473.0,95.0,NAGJHARI,900.0,439.0
2026-05-07T15:30:04,07/05/2026 15:25,49.97,16230.0,3932.0,7779.0,2917.0,931.0,473.0,95.0,VARAHI,460.0,110.0
2026-05-07T15:30:04,07/05/2026 15:25,49.97,16230.0,3932.0,7779.0,2917.0,931.0,473.0,95.0,KODSALLI,120.0,0.0
2026-05-07T15:30:04,07/05/2026 15:25,49.97,16230.0,3932.0,7779.0,2917.0,931.0,473.0,95.0,KADRA,150.0,0.0
2026-05-07T15:30:04,07/05/2026 15:25,49.97,16230.0,3932.0,7779.0,2917.0,931.0,473.0,95.0,GERUSOPPA,240.0,0.0
2026-05-07T15:30:04,07/05/2026 15:25,49.97,16230.0,3932.0,7779.0,2917.0,931.0,473.0,95.0,JOG,139.2,20.0
2026-05-07T15:30:04,07/05/2026 15:25,49.97,16230.0,3932.0,7779.0,2917.0,931.0,473.0,95.0,LPH,55.0,0.0
2026-05-07T15:30:04,07/05/2026 15:25,49.97,16230.0,3932.0,7779.0,2917.0,931.0,473.0,95.0,SUPA,100.0,74.0
2026-05-07T15:30:04,07/05/2026 15:25,49.97,16230.0,3932.0,7779.0,2917.0,931.0,473.0,95.0,SHIMSHA,17.2,0.0
2026-05-07T15:30:04,07/05/2026 15:25,49.97,16230.0,3932.0,7779.0,2917.0,931.0,473.0,95.0,SHIVASAMUDRA,42.0,0.0
2026-05-07T15:30:04,07/05/2026 15:25,49.97,16230.0,3932.0,7779.0,2917.0,931.0,473.0,95.0,MANIDAM,9.0,1.0
2026-05-07T15:30:04,07/05/2026 15:25,49.97,16230.0,3932.0,7779.0,2917.0,931.0,473.0,95.0,MUNRABAD,38.0,0.0
2026-05-07T15:30:04,07/05/2026 15:25,49.97,16230.0,3932.0,7779.0,2917.0,931.0,473.0,95.0,BHADRA,39.2,0.0
2026-05-07T15:30:04,07/05/2026 15:25,49.97,16230.0,3932.0,7779.0,2917.0,931.0,473.0,95.0,GHATAPRABHA,32.0,0.0
2026-05-07T15:30:04,07/05/2026 15:25,49.97,16230.0,3932.0,7779.0,2917.0,931.0,473.0,95.0,ALMATTI,290.0,0.0
2026-05-07T15:30:04,07/05/2026 15:25,49.97,16230.0,3932.0,7779.0,2917.0,931.0,473.0,95.0,JINDAL,1460.0,93.0
2026-05-07T15:30:04,07/05/2026 15:25,49.97,16230.0,3932.0,7779.0,2917.0,931.0,473.0,95.0,UPCL,1200.0,473.0
2026-05-07T15:30:04,07/05/2026 15:25,49.97,16230.0,3932.0,7779.0,2917.0,931.0,473.0,95.0,YCCP,370.0,0.0
2026-05-07T15:31:57,07/05/2026 15:25,49.97,16230.0,3932.0,7779.0,2917.0,931.0,473.0,95.0,RTPS,1720.0,860.0
2026-05-07T15:31:57,07/05/2026 15:25,49.97,16230.0,3932.0,7779.0,2917.0,931.0,473.0,95.0,BTPS,1700.0,1469.0
2026-05-07T15:31:57,07/05/2026 15:25,49.97,16230.0,3932.0,7779.0,2917.0,931.0,473.0,95.0,YTPS,1600.0,588.0
2026-05-07T15:31:57,07/05/2026 15:25,49.97,16230.0,3932.0,7779.0,2917.0,931.0,473.0,95.0,SHARAVATHI,1035.0,382.0
2026-05-07T15:31:57,07/05/2026 15:25,49.97,16230.0,3932.0,7779.0,2917.0,931.0,473.0,95.0,NAGJHARI,900.0,439.0
2026-05-07T15:31:57,07/05/2026 15:25,49.97,16230.0,3932.0,7779.0,2917.0,931.0,473.0,95.0,VARAHI,460.0,110.0
2026-05-07T15:31:57,07/05/2026 15:25,49.97,16230.0,3932.0,7779.0,2917.0,931.0,473.0,95.0,KODSALLI,120.0,0.0
2026-05-07T15:31:57,07/05/2026 15:25,49.97,16230.0,3932.0,7779.0,2917.0,931.0,473.0,95.0,KADRA,150.0,0.0
2026-05-07T15:31:57,07/05/2026 15:25,49.97,16230.0,3932.0,7779.0,2917.0,931.0,473.0,95.0,GERUSOPPA,240.0,0.0
2026-05-07T15:31:57,07/05/2026 15:25,49.97,16230.0,3932.0,7779.0,2917.0,931.0,473.0,95.0,JOG,139.2,20.0
2026-05-07T15:31:57,07/05/2026 15:25,49.97,16230.0,3932.0,7779.0,2917.0,931.0,473.0,95.0,LPH,55.0,0.0
2026-05-07T15:31:57,07/05/2026 15:25,49.97,16230.0,3932.0,7779.0,2917.0,931.0,473.0,95.0,SUPA,100.0,74.0
2026-05-07T15:31:57,07/05/2026 15:25,49.97,16230.0,3932.0,7779.0,2917.0,931.0,473.0,95.0,SHIMSHA,17.2,0.0
2026-05-07T15:31:57,07/05/2026 15:25,49.97,16230.0,3932.0,7779.0,2917.0,931.0,473.0,95.0,SHIVASAMUDRA,42.0,0.0
2026-05-07T15:31:57,07/05/2026 15:25,49.97,16230.0,3932.0,7779.0,2917.0,931.0,473.0,95.0,MANIDAM,9.0,1.0
2026-05-07T15:31:57,07/05/2026 15:25,49.97,16230.0,3932.0,7779.0,2917.0,931.0,473.0,95.0,MUNRABAD,38.0,0.0
2026-05-07T15:31:57,07/05/2026 15:25,49.97,16230.0,3932.0,7779.0,2917.0,931.0,473.0,95.0,BHADRA,39.2,0.0
2026-05-07T15:31:57,07/05/2026 15:25,49.97,16230.0,3932.0,7779.0,2917.0,931.0,473.0,95.0,GHATAPRABHA,32.0,0.0
2026-05-07T15:31:57,07/05/2026 15:25,49.97,16230.0,3932.0,7779.0,2917.0,931.0,473.0,95.0,ALMATTI,290.0,0.0
2026-05-07T15:31:57,07/05/2026 15:25,49.97,16230.0,3932.0,7779.0,2917.0,931.0,473.0,95.0,JINDAL,1460.0,93.0
2026-05-07T15:31:57,07/05/2026 15:25,49.97,16230.0,3932.0,7779.0,2917.0,931.0,473.0,95.0,UPCL,1200.0,473.0
2026-05-07T15:31:57,07/05/2026 15:25,49.97,16230.0,3932.0,7779.0,2917.0,931.0,473.0,95.0,YCCP,370.0,0.0
2026-05-07T15:32:58,07/05/2026 15:25,49.97,16230.0,3932.0,7779.0,2917.0,931.0,473.0,95.0,RTPS,1720.0,860.0
2026-05-07T15:32:58,07/05/2026 15:25,49.97,16230.0,3932.0,7779.0,2917.0,931.0,473.0,95.0,BTPS,1700.0,1469.0
2026-05-07T15:32:58,07/05/2026 15:25,49.97,16230.0,3932.0,7779.0,2917.0,931.0,473.0,95.0,YTPS,1600.0,588.0
2026-05-07T15:32:58,07/05/2026 15:25,49.97,16230.0,3932.0,7779.0,2917.0,931.0,473.0,95.0,SHARAVATHI,1035.0,382.0
2026-05-07T15:32:58,07/05/2026 15:25,49.97,16230.0,3932.0,7779.0,2917.0,931.0,473.0,95.0,NAGJHARI,900.0,439.0
2026-05-07T15:32:58,07/05/2026 15:25,49.97,16230.0,3932.0,7779.0,2917.0,931.0,473.0,95.0,VARAHI,460.0,110.0
2026-05-07T15:32:58,07/05/2026 15:25,49.97,16230.0,3932.0,7779.0,2917.0,931.0,473.0,95.0,KODSALLI,120.0,0.0
2026-05-07T15:32:58,07/05/2026 15:25,49.97,16230.0,3932.0,7779.0,2917.0,931.0,473.0,95.0,KADRA,150.0,0.0
2026-05-07T15:32:58,07/05/2026 15:25,49.97,16230.0,3932.0,7779.0,2917.0,931.0,473.0,95.0,GERUSOPPA,240.0,0.0
2026-05-07T15:32:58,07/05/2026 15:25,49.97,16230.0,3932.0,7779.0,2917.0,931.0,473.0,95.0,JOG,139.2,20.0
2026-05-07T15:32:58,07/05/2026 15:25,49.97,16230.0,3932.0,7779.0,2917.0,931.0,473.0,95.0,LPH,55.0,0.0
2026-05-07T15:32:58,07/05/2026 15:25,49.97,16230.0,3932.0,7779.0,2917.0,931.0,473.0,95.0,SUPA,100.0,74.0
2026-05-07T15:32:58,07/05/2026 15:25,49.97,16230.0,3932.0,7779.0,2917.0,931.0,473.0,95.0,SHIMSHA,17.2,0.0
2026-05-07T15:32:58,07/05/2026 15:25,49.97,16230.0,3932.0,7779.0,2917.0,931.0,473.0,95.0,SHIVASAMUDRA,42.0,0.0
2026-05-07T15:32:58,07/05/2026 15:25,49.97,16230.0,3932.0,7779.0,2917.0,931.0,473.0,95.0,MANIDAM,9.0,1.0
2026-05-07T15:32:58,07/05/2026 15:25,49.97,16230.0,3932.0,7779.0,2917.0,931.0,473.0,95.0,MUNRABAD,38.0,0.0
2026-05-07T15:32:58,07/05/2026 15:25,49.97,16230.0,3932.0,7779.0,2917.0,931.0,473.0,95.0,BHADRA,39.2,0.0
2026-05-07T15:32:58,07/05/2026 15:25,49.97,16230.0,3932.0,7779.0,2917.0,931.0,473.0,95.0,GHATAPRABHA,32.0,0.0
2026-05-07T15:32:58,07/05/2026 15:25,49.97,16230.0,3932.0,7779.0,2917.0,931.0,473.0,95.0,ALMATTI,290.0,0.0
2026-05-07T15:32:58,07/05/2026 15:25,49.97,16230.0,3932.0,7779.0,2917.0,931.0,473.0,95.0,JINDAL,1460.0,93.0
2026-05-07T15:32:58,07/05/2026 15:25,49.97,16230.0,3932.0,7779.0,2917.0,931.0,473.0,95.0,UPCL,1200.0,473.0
2026-05-07T15:32:58,07/05/2026 15:25,49.97,16230.0,3932.0,7779.0,2917.0,931.0,473.0,95.0,YCCP,370.0,0.0
2026-05-07T15:33:58,07/05/2026 15:25,49.97,16230.0,3932.0,7779.0,2917.0,931.0,473.0,95.0,RTPS,1720.0,860.0
2026-05-07T15:33:58,07/05/2026 15:25,49.97,16230.0,3932.0,7779.0,2917.0,931.0,473.0,95.0,BTPS,1700.0,1469.0
2026-05-07T15:33:58,07/05/2026 15:25,49.97,16230.0,3932.0,7779.0,2917.0,931.0,473.0,95.0,YTPS,1600.0,588.0
2026-05-07T15:33:58,07/05/2026 15:25,49.97,16230.0,3932.0,7779.0,2917.0,931.0,473.0,95.0,SHARAVATHI,1035.0,382.0
2026-05-07T15:33:58,07/05/2026 15:25,49.97,16230.0,3932.0,7779.0,2917.0,931.0,473.0,95.0,NAGJHARI,900.0,439.0
2026-05-07T15:33:58,07/05/2026 15:25,49.97,16230.0,3932.0,7779.0,2917.0,931.0,473.0,95.0,VARAHI,460.0,110.0
2026-05-07T15:33:58,07/05/2026 15:25,49.97,16230.0,3932.0,7779.0,2917.0,931.0,473.0,95.0,KODSALLI,120.0,0.0
2026-05-07T15:33:58,07/05/2026 15:25,49.97,16230.0,3932.0,7779.0,2917.0,931.0,473.0,95.0,KADRA,150.0,0.0
2026-05-07T15:33:58,07/05/2026 15:25,49.97,16230.0,3932.0,7779.0,2917.0,931.0,473.0,95.0,GERUSOPPA,240.0,0.0
2026-05-07T15:33:58,07/05/2026 15:25,49.97,16230.0,3932.0,7779.0,2917.0,931.0,473.0,95.0,JOG,139.2,20.0
2026-05-07T15:33:58,07/05/2026 15:25,49.97,16230.0,3932.0,7779.0,2917.0,931.0,473.0,95.0,LPH,55.0,0.0
2026-05-07T15:33:58,07/05/2026 15:25,49.97,16230.0,3932.0,7779.0,2917.0,931.0,473.0,95.0,SUPA,100.0,74.0
2026-05-07T15:33:58,07/05/2026 15:25,49.97,16230.0,3932.0,7779.0,2917.0,931.0,473.0,95.0,SHIMSHA,17.2,0.0
2026-05-07T15:33:58,07/05/2026 15:25,49.97,16230.0,3932.0,7779.0,2917.0,931.0,473.0,95.0,SHIVASAMUDRA,42.0,0.0
2026-05-07T15:33:58,07/05/2026 15:25,49.97,16230.0,3932.0,7779.0,2917.0,931.0,473.0,95.0,MANIDAM,9.0,1.0
2026-05-07T15:33:58,07/05/2026 15:25,49.97,16230.0,3932.0,7779.0,2917.0,931.0,473.0,95.0,MUNRABAD,38.0,0.0
2026-05-07T15:33:58,07/05/2026 15:25,49.97,16230.0,3932.0,7779.0,2917.0,931.0,473.0,95.0,BHADRA,39.2,0.0
2026-05-07T15:33:58,07/05/2026 15:25,49.97,16230.0,3932.0,7779.0,2917.0,931.0,473.0,95.0,GHATAPRABHA,32.0,0.0
2026-05-07T15:33:58,07/05/2026 15:25,49.97,16230.0,3932.0,7779.0,2917.0,931.0,473.0,95.0,ALMATTI,290.0,0.0
2026-05-07T15:33:58,07/05/2026 15:25,49.97,16230.0,3932.0,7779.0,2917.0,931.0,473.0,95.0,JINDAL,1460.0,93.0
2026-05-07T15:33:58,07/05/2026 15:25,49.97,16230.0,3932.0,7779.0,2917.0,931.0,473.0,95.0,UPCL,1200.0,473.0
2026-05-07T15:33:58,07/05/2026 15:25,49.97,16230.0,3932.0,7779.0,2917.0,931.0,473.0,95.0,YCCP,370.0,0.0
2026-05-07T15:35:07,07/05/2026 15:25,49.97,16230.0,3932.0,7779.0,2917.0,931.0,473.0,95.0,RTPS,1720.0,860.0
2026-05-07T15:35:07,07/05/2026 15:25,49.97,16230.0,3932.0,7779.0,2917.0,931.0,473.0,95.0,BTPS,1700.0,1469.0
2026-05-07T15:35:07,07/05/2026 15:25,49.97,16230.0,3932.0,7779.0,2917.0,931.0,473.0,95.0,YTPS,1600.0,588.0
2026-05-07T15:35:07,07/05/2026 15:25,49.97,16230.0,3932.0,7779.0,2917.0,931.0,473.0,95.0,SHARAVATHI,1035.0,382.0
2026-05-07T15:35:07,07/05/2026 15:25,49.97,16230.0,3932.0,7779.0,2917.0,931.0,473.0,95.0,NAGJHARI,900.0,439.0
2026-05-07T15:35:07,07/05/2026 15:25,49.97,16230.0,3932.0,7779.0,2917.0,931.0,473.0,95.0,VARAHI,460.0,110.0
2026-05-07T15:35:07,07/05/2026 15:25,49.97,16230.0,3932.0,7779.0,2917.0,931.0,473.0,95.0,KODSALLI,120.0,0.0
2026-05-07T15:35:07,07/05/2026 15:25,49.97,16230.0,3932.0,7779.0,2917.0,931.0,473.0,95.0,KADRA,150.0,0.0
2026-05-07T15:35:07,07/05/2026 15:25,49.97,16230.0,3932.0,7779.0,2917.0,931.0,473.0,95.0,GERUSOPPA,240.0,0.0
2026-05-07T15:35:07,07/05/2026 15:25,49.97,16230.0,3932.0,7779.0,2917.0,931.0,473.0,95.0,JOG,139.2,20.0
2026-05-07T15:35:07,07/05/2026 15:25,49.97,16230.0,3932.0,7779.0,2917.0,931.0,473.0,95.0,LPH,55.0,0.0
2026-05-07T15:35:07,07/05/2026 15:25,49.97,16230.0,3932.0,7779.0,2917.0,931.0,473.0,95.0,SUPA,100.0,74.0
2026-05-07T15:35:07,07/05/2026 15:25,49.97,16230.0,3932.0,7779.0,2917.0,931.0,473.0,95.0,SHIMSHA,17.2,0.0
2026-05-07T15:35:07,07/05/2026 15:25,49.97,16230.0,3932.0,7779.0,2917.0,931.0,473.0,95.0,SHIVASAMUDRA,42.0,0.0
2026-05-07T15:35:07,07/05/2026 15:25,49.97,16230.0,3932.0,7779.0,2917.0,931.0,473.0,95.0,MANIDAM,9.0,1.0
2026-05-07T15:35:07,07/05/2026 15:25,49.97,16230.0,3932.0,7779.0,2917.0,931.0,473.0,95.0,MUNRABAD,38.0,0.0
2026-05-07T15:35:07,07/05/2026 15:25,49.97,16230.0,3932.0,7779.0,2917.0,931.0,473.0,95.0,BHADRA,39.2,0.0
2026-05-07T15:35:07,07/05/2026 15:25,49.97,16230.0,3932.0,7779.0,2917.0,931.0,473.0,95.0,GHATAPRABHA,32.0,0.0
2026-05-07T15:35:07,07/05/2026 15:25,49.97,16230.0,3932.0,7779.0,2917.0,931.0,473.0,95.0,ALMATTI,290.0,0.0
2026-05-07T15:35:07,07/05/2026 15:25,49.97,16230.0,3932.0,7779.0,2917.0,931.0,473.0,95.0,JINDAL,1460.0,93.0
2026-05-07T15:35:07,07/05/2026 15:25,49.97,16230.0,3932.0,7779.0,2917.0,931.0,473.0,95.0,UPCL,1200.0,473.0
2026-05-07T15:35:07,07/05/2026 15:25,49.97,16230.0,3932.0,7779.0,2917.0,931.0,473.0,95.0,YCCP,370.0,0.0
2026-05-07T15:35:46,07/05/2026 15:25,49.97,16230.0,3932.0,7779.0,2917.0,931.0,473.0,95.0,RTPS,1720.0,860.0
2026-05-07T15:35:46,07/05/2026 15:25,49.97,16230.0,3932.0,7779.0,2917.0,931.0,473.0,95.0,BTPS,1700.0,1469.0
2026-05-07T15:35:46,07/05/2026 15:25,49.97,16230.0,3932.0,7779.0,2917.0,931.0,473.0,95.0,YTPS,1600.0,588.0
2026-05-07T15:35:46,07/05/2026 15:25,49.97,16230.0,3932.0,7779.0,2917.0,931.0,473.0,95.0,SHARAVATHI,1035.0,382.0
2026-05-07T15:35:46,07/05/2026 15:25,49.97,16230.0,3932.0,7779.0,2917.0,931.0,473.0,95.0,NAGJHARI,900.0,439.0
2026-05-07T15:35:46,07/05/2026 15:25,49.97,16230.0,3932.0,7779.0,2917.0,931.0,473.0,95.0,VARAHI,460.0,110.0
2026-05-07T15:35:46,07/05/2026 15:25,49.97,16230.0,3932.0,7779.0,2917.0,931.0,473.0,95.0,KODSALLI,120.0,0.0
2026-05-07T15:35:46,07/05/2026 15:25,49.97,16230.0,3932.0,7779.0,2917.0,931.0,473.0,95.0,KADRA,150.0,0.0
2026-05-07T15:35:46,07/05/2026 15:25,49.97,16230.0,3932.0,7779.0,2917.0,931.0,473.0,95.0,GERUSOPPA,240.0,0.0
2026-05-07T15:35:46,07/05/2026 15:25,49.97,16230.0,3932.0,7779.0,2917.0,931.0,473.0,95.0,JOG,139.2,20.0
2026-05-07T15:35:46,07/05/2026 15:25,49.97,16230.0,3932.0,7779.0,2917.0,931.0,473.0,95.0,LPH,55.0,0.0
2026-05-07T15:35:46,07/05/2026 15:25,49.97,16230.0,3932.0,7779.0,2917.0,931.0,473.0,95.0,SUPA,100.0,74.0
2026-05-07T15:35:46,07/05/2026 15:25,49.97,16230.0,3932.0,7779.0,2917.0,931.0,473.0,95.0,SHIMSHA,17.2,0.0
2026-05-07T15:35:46,07/05/2026 15:25,49.97,16230.0,3932.0,7779.0,2917.0,931.0,473.0,95.0,SHIVASAMUDRA,42.0,0.0
2026-05-07T15:35:46,07/05/2026 15:25,49.97,16230.0,3932.0,7779.0,2917.0,931.0,473.0,95.0,MANIDAM,9.0,1.0
2026-05-07T15:35:46,07/05/2026 15:25,49.97,16230.0,3932.0,7779.0,2917.0,931.0,473.0,95.0,MUNRABAD,38.0,0.0
2026-05-07T15:35:46,07/05/2026 15:25,49.97,16230.0,3932.0,7779.0,2917.0,931.0,473.0,95.0,BHADRA,39.2,0.0
2026-05-07T15:35:46,07/05/2026 15:25,49.97,16230.0,3932.0,7779.0,2917.0,931.0,473.0,95.0,GHATAPRABHA,32.0,0.0
2026-05-07T15:35:46,07/05/2026 15:25,49.97,16230.0,3932.0,7779.0,2917.0,931.0,473.0,95.0,ALMATTI,290.0,0.0
2026-05-07T15:35:46,07/05/2026 15:25,49.97,16230.0,3932.0,7779.0,2917.0,931.0,473.0,95.0,JINDAL,1460.0,93.0
2026-05-07T15:35:46,07/05/2026 15:25,49.97,16230.0,3932.0,7779.0,2917.0,931.0,473.0,95.0,UPCL,1200.0,473.0
2026-05-07T15:35:46,07/05/2026 15:25,49.97,16230.0,3932.0,7779.0,2917.0,931.0,473.0,95.0,YCCP,370.0,0.0
2026-05-07T15:36:44,07/05/2026 15:25,49.97,16230.0,3932.0,7779.0,2917.0,931.0,473.0,95.0,RTPS,1720.0,860.0
2026-05-07T15:36:44,07/05/2026 15:25,49.97,16230.0,3932.0,7779.0,2917.0,931.0,473.0,95.0,BTPS,1700.0,1469.0
2026-05-07T15:36:44,07/05/2026 15:25,49.97,16230.0,3932.0,7779.0,2917.0,931.0,473.0,95.0,YTPS,1600.0,588.0
2026-05-07T15:36:44,07/05/2026 15:25,49.97,16230.0,3932.0,7779.0,2917.0,931.0,473.0,95.0,SHARAVATHI,1035.0,382.0
2026-05-07T15:36:44,07/05/2026 15:25,49.97,16230.0,3932.0,7779.0,2917.0,931.0,473.0,95.0,NAGJHARI,900.0,439.0
2026-05-07T15:36:44,07/05/2026 15:25,49.97,16230.0,3932.0,7779.0,2917.0,931.0,473.0,95.0,VARAHI,460.0,110.0
2026-05-07T15:36:44,07/05/2026 15:25,49.97,16230.0,3932.0,7779.0,2917.0,931.0,473.0,95.0,KODSALLI,120.0,0.0
2026-05-07T15:36:44,07/05/2026 15:25,49.97,16230.0,3932.0,7779.0,2917.0,931.0,473.0,95.0,KADRA,150.0,0.0
2026-05-07T15:36:44,07/05/2026 15:25,49.97,16230.0,3932.0,7779.0,2917.0,931.0,473.0,95.0,GERUSOPPA,240.0,0.0
2026-05-07T15:36:44,07/05/2026 15:25,49.97,16230.0,3932.0,7779.0,2917.0,931.0,473.0,95.0,JOG,139.2,20.0
2026-05-07T15:36:44,07/05/2026 15:25,49.97,16230.0,3932.0,7779.0,2917.0,931.0,473.0,95.0,LPH,55.0,0.0
2026-05-07T15:36:44,07/05/2026 15:25,49.97,16230.0,3932.0,7779.0,2917.0,931.0,473.0,95.0,SUPA,100.0,74.0
2026-05-07T15:36:44,07/05/2026 15:25,49.97,16230.0,3932.0,7779.0,2917.0,931.0,473.0,95.0,SHIMSHA,17.2,0.0
2026-05-07T15:36:44,07/05/2026 15:25,49.97,16230.0,3932.0,7779.0,2917.0,931.0,473.0,95.0,SHIVASAMUDRA,42.0,0.0
2026-05-07T15:36:44,07/05/2026 15:25,49.97,16230.0,3932.0,7779.0,2917.0,931.0,473.0,95.0,MANIDAM,9.0,1.0
2026-05-07T15:36:44,07/05/2026 15:25,49.97,16230.0,3932.0,7779.0,2917.0,931.0,473.0,95.0,MUNRABAD,38.0,0.0
2026-05-07T15:36:44,07/05/2026 15:25,49.97,16230.0,3932.0,7779.0,2917.0,931.0,473.0,95.0,BHADRA,39.2,0.0
2026-05-07T15:36:44,07/05/2026 15:25,49.97,16230.0,3932.0,7779.0,2917.0,931.0,473.0,95.0,GHATAPRABHA,32.0,0.0
2026-05-07T15:36:44,07/05/2026 15:25,49.97,16230.0,3932.0,7779.0,2917.0,931.0,473.0,95.0,ALMATTI,290.0,0.0
2026-05-07T15:36:44,07/05/2026 15:25,49.97,16230.0,3932.0,7779.0,2917.0,931.0,473.0,95.0,JINDAL,1460.0,93.0
2026-05-07T15:36:44,07/05/2026 15:25,49.97,16230.0,3932.0,7779.0,2917.0,931.0,473.0,95.0,UPCL,1200.0,473.0
2026-05-07T15:36:44,07/05/2026 15:25,49.97,16230.0,3932.0,7779.0,2917.0,931.0,473.0,95.0,YCCP,370.0,0.0
2026-05-07T15:37:58,07/05/2026 15:35,50.0,16257.0,3796.0,7921.0,2863.0,931.0,475.0,109.0,RTPS,1720.0,861.0
2026-05-07T15:37:58,07/05/2026 15:35,50.0,16257.0,3796.0,7921.0,2863.0,931.0,475.0,109.0,BTPS,1700.0,1472.0
2026-05-07T15:37:58,07/05/2026 15:35,50.0,16257.0,3796.0,7921.0,2863.0,931.0,475.0,109.0,YTPS,1600.0,530.0
2026-05-07T15:37:58,07/05/2026 15:35,50.0,16257.0,3796.0,7921.0,2863.0,931.0,475.0,109.0,SHARAVATHI,1035.0,384.0
2026-05-07T15:37:58,07/05/2026 15:35,50.0,16257.0,3796.0,7921.0,2863.0,931.0,475.0,109.0,NAGJHARI,900.0,437.0
2026-05-07T15:37:58,07/05/2026 15:35,50.0,16257.0,3796.0,7921.0,2863.0,931.0,475.0,109.0,VARAHI,460.0,110.0
2026-05-07T15:37:58,07/05/2026 15:35,50.0,16257.0,3796.0,7921.0,2863.0,931.0,475.0,109.0,KODSALLI,120.0,0.0
2026-05-07T15:37:58,07/05/2026 15:35,50.0,16257.0,3796.0,7921.0,2863.0,931.0,475.0,109.0,KADRA,150.0,0.0
2026-05-07T15:37:58,07/05/2026 15:35,50.0,16257.0,3796.0,7921.0,2863.0,931.0,475.0,109.0,GERUSOPPA,240.0,0.0
2026-05-07T15:37:58,07/05/2026 15:35,50.0,16257.0,3796.0,7921.0,2863.0,931.0,475.0,109.0,JOG,139.2,20.0
2026-05-07T15:37:58,07/05/2026 15:35,50.0,16257.0,3796.0,7921.0,2863.0,931.0,475.0,109.0,LPH,55.0,13.0
2026-05-07T15:37:58,07/05/2026 15:35,50.0,16257.0,3796.0,7921.0,2863.0,931.0,475.0,109.0,SUPA,100.0,74.0
2026-05-07T15:37:58,07/05/2026 15:35,50.0,16257.0,3796.0,7921.0,2863.0,931.0,475.0,109.0,SHIMSHA,17.2,0.0
2026-05-07T15:37:58,07/05/2026 15:35,50.0,16257.0,3796.0,7921.0,2863.0,931.0,475.0,109.0,SHIVASAMUDRA,42.0,0.0
2026-05-07T15:37:58,07/05/2026 15:35,50.0,16257.0,3796.0,7921.0,2863.0,931.0,475.0,109.0,MANIDAM,9.0,2.0
2026-05-07T15:37:58,07/05/2026 15:35,50.0,16257.0,3796.0,7921.0,2863.0,931.0,475.0,109.0,MUNRABAD,38.0,0.0
2026-05-07T15:37:58,07/05/2026 15:35,50.0,16257.0,3796.0,7921.0,2863.0,931.0,475.0,109.0,BHADRA,39.2,0.0
2026-05-07T15:37:58,07/05/2026 15:35,50.0,16257.0,3796.0,7921.0,2863.0,931.0,475.0,109.0,GHATAPRABHA,32.0,0.0
2026-05-07T15:37:58,07/05/2026 15:35,50.0,16257.0,3796.0,7921.0,2863.0,931.0,475.0,109.0,ALMATTI,290.0,0.0
2026-05-07T15:37:58,07/05/2026 15:35,50.0,16257.0,3796.0,7921.0,2863.0,931.0,475.0,109.0,JINDAL,1460.0,143.0
2026-05-07T15:37:58,07/05/2026 15:35,50.0,16257.0,3796.0,7921.0,2863.0,931.0,475.0,109.0,UPCL,1200.0,475.0
2026-05-07T15:37:58,07/05/2026 15:35,50.0,16257.0,3796.0,7921.0,2863.0,931.0,475.0,109.0,YCCP,370.0,0.0
2026-05-07T15:38:58,07/05/2026 15:35,50.0,16257.0,3796.0,7921.0,2863.0,931.0,475.0,109.0,RTPS,1720.0,861.0
2026-05-07T15:38:58,07/05/2026 15:35,50.0,16257.0,3796.0,7921.0,2863.0,931.0,475.0,109.0,BTPS,1700.0,1472.0
2026-05-07T15:38:58,07/05/2026 15:35,50.0,16257.0,3796.0,7921.0,2863.0,931.0,475.0,109.0,YTPS,1600.0,530.0
2026-05-07T15:38:58,07/05/2026 15:35,50.0,16257.0,3796.0,7921.0,2863.0,931.0,475.0,109.0,SHARAVATHI,1035.0,384.0
2026-05-07T15:38:58,07/05/2026 15:35,50.0,16257.0,3796.0,7921.0,2863.0,931.0,475.0,109.0,NAGJHARI,900.0,437.0
2026-05-07T15:38:58,07/05/2026 15:35,50.0,16257.0,3796.0,7921.0,2863.0,931.0,475.0,109.0,VARAHI,460.0,110.0
2026-05-07T15:38:58,07/05/2026 15:35,50.0,16257.0,3796.0,7921.0,2863.0,931.0,475.0,109.0,KODSALLI,120.0,0.0
2026-05-07T15:38:58,07/05/2026 15:35,50.0,16257.0,3796.0,7921.0,2863.0,931.0,475.0,109.0,KADRA,150.0,0.0
2026-05-07T15:38:58,07/05/2026 15:35,50.0,16257.0,3796.0,7921.0,2863.0,931.0,475.0,109.0,GERUSOPPA,240.0,0.0
2026-05-07T15:38:58,07/05/2026 15:35,50.0,16257.0,3796.0,7921.0,2863.0,931.0,475.0,109.0,JOG,139.2,20.0
2026-05-07T15:38:58,07/05/2026 15:35,50.0,16257.0,3796.0,7921.0,2863.0,931.0,475.0,109.0,LPH,55.0,13.0
2026-05-07T15:38:58,07/05/2026 15:35,50.0,16257.0,3796.0,7921.0,2863.0,931.0,475.0,109.0,SUPA,100.0,74.0
2026-05-07T15:38:58,07/05/2026 15:35,50.0,16257.0,3796.0,7921.0,2863.0,931.0,475.0,109.0,SHIMSHA,17.2,0.0
2026-05-07T15:38:58,07/05/2026 15:35,50.0,16257.0,3796.0,7921.0,2863.0,931.0,475.0,109.0,SHIVASAMUDRA,42.0,0.0
2026-05-07T15:38:58,07/05/2026 15:35,50.0,16257.0,3796.0,7921.0,2863.0,931.0,475.0,109.0,MANIDAM,9.0,2.0
2026-05-07T15:38:58,07/05/2026 15:35,50.0,16257.0,3796.0,7921.0,2863.0,931.0,475.0,109.0,MUNRABAD,38.0,0.0
2026-05-07T15:38:58,07/05/2026 15:35,50.0,16257.0,3796.0,7921.0,2863.0,931.0,475.0,109.0,BHADRA,39.2,0.0
2026-05-07T15:38:58,07/05/2026 15:35,50.0,16257.0,3796.0,7921.0,2863.0,931.0,475.0,109.0,GHATAPRABHA,32.0,0.0
2026-05-07T15:38:58,07/05/2026 15:35,50.0,16257.0,3796.0,7921.0,2863.0,931.0,475.0,109.0,ALMATTI,290.0,0.0
2026-05-07T15:38:58,07/05/2026 15:35,50.0,16257.0,3796.0,7921.0,2863.0,931.0,475.0,109.0,JINDAL,1460.0,143.0
2026-05-07T15:38:58,07/05/2026 15:35,50.0,16257.0,3796.0,7921.0,2863.0,931.0,475.0,109.0,UPCL,1200.0,475.0
2026-05-07T15:38:58,07/05/2026 15:35,50.0,16257.0,3796.0,7921.0,2863.0,931.0,475.0,109.0,YCCP,370.0,0.0
2026-05-07T15:40:00,07/05/2026 15:35,50.0,16257.0,3796.0,7921.0,2863.0,931.0,475.0,109.0,RTPS,1720.0,861.0
2026-05-07T15:40:00,07/05/2026 15:35,50.0,16257.0,3796.0,7921.0,2863.0,931.0,475.0,109.0,BTPS,1700.0,1472.0
2026-05-07T15:40:00,07/05/2026 15:35,50.0,16257.0,3796.0,7921.0,2863.0,931.0,475.0,109.0,YTPS,1600.0,530.0
2026-05-07T15:40:00,07/05/2026 15:35,50.0,16257.0,3796.0,7921.0,2863.0,931.0,475.0,109.0,SHARAVATHI,1035.0,384.0
2026-05-07T15:40:00,07/05/2026 15:35,50.0,16257.0,3796.0,7921.0,2863.0,931.0,475.0,109.0,NAGJHARI,900.0,437.0
2026-05-07T15:40:00,07/05/2026 15:35,50.0,16257.0,3796.0,7921.0,2863.0,931.0,475.0,109.0,VARAHI,460.0,110.0
2026-05-07T15:40:00,07/05/2026 15:35,50.0,16257.0,3796.0,7921.0,2863.0,931.0,475.0,109.0,KODSALLI,120.0,0.0
2026-05-07T15:40:00,07/05/2026 15:35,50.0,16257.0,3796.0,7921.0,2863.0,931.0,475.0,109.0,KADRA,150.0,0.0
2026-05-07T15:40:00,07/05/2026 15:35,50.0,16257.0,3796.0,7921.0,2863.0,931.0,475.0,109.0,GERUSOPPA,240.0,0.0
2026-05-07T15:40:00,07/05/2026 15:35,50.0,16257.0,3796.0,7921.0,2863.0,931.0,475.0,109.0,JOG,139.2,20.0
2026-05-07T15:40:00,07/05/2026 15:35,50.0,16257.0,3796.0,7921.0,2863.0,931.0,475.0,109.0,LPH,55.0,13.0
2026-05-07T15:40:00,07/05/2026 15:35,50.0,16257.0,3796.0,7921.0,2863.0,931.0,475.0,109.0,SUPA,100.0,74.0
2026-05-07T15:40:00,07/05/2026 15:35,50.0,16257.0,3796.0,7921.0,2863.0,931.0,475.0,109.0,SHIMSHA,17.2,0.0
2026-05-07T15:40:00,07/05/2026 15:35,50.0,16257.0,3796.0,7921.0,2863.0,931.0,475.0,109.0,SHIVASAMUDRA,42.0,0.0
2026-05-07T15:40:00,07/05/2026 15:35,50.0,16257.0,3796.0,7921.0,2863.0,931.0,475.0,109.0,MANIDAM,9.0,2.0
2026-05-07T15:40:00,07/05/2026 15:35,50.0,16257.0,3796.0,7921.0,2863.0,931.0,475.0,109.0,MUNRABAD,38.0,0.0
2026-05-07T15:40:00,07/05/2026 15:35,50.0,16257.0,3796.0,7921.0,2863.0,931.0,475.0,109.0,BHADRA,39.2,0.0
2026-05-07T15:40:00,07/05/2026 15:35,50.0,16257.0,3796.0,7921.0,2863.0,931.0,475.0,109.0,GHATAPRABHA,32.0,0.0
2026-05-07T15:40:00,07/05/2026 15:35,50.0,16257.0,3796.0,7921.0,2863.0,931.0,475.0,109.0,ALMATTI,290.0,0.0
2026-05-07T15:40:00,07/05/2026 15:35,50.0,16257.0,3796.0,7921.0,2863.0,931.0,475.0,109.0,JINDAL,1460.0,143.0
2026-05-07T15:40:00,07/05/2026 15:35,50.0,16257.0,3796.0,7921.0,2863.0,931.0,475.0,109.0,UPCL,1200.0,475.0
2026-05-07T15:40:00,07/05/2026 15:35,50.0,16257.0,3796.0,7921.0,2863.0,931.0,475.0,109.0,YCCP,370.0,0.0
2026-05-07T15:41:00,07/05/2026 15:35,50.0,16257.0,3796.0,7921.0,2863.0,931.0,475.0,109.0,RTPS,1720.0,861.0
2026-05-07T15:41:00,07/05/2026 15:35,50.0,16257.0,3796.0,7921.0,2863.0,931.0,475.0,109.0,BTPS,1700.0,1472.0
2026-05-07T15:41:00,07/05/2026 15:35,50.0,16257.0,3796.0,7921.0,2863.0,931.0,475.0,109.0,YTPS,1600.0,530.0
2026-05-07T15:41:00,07/05/2026 15:35,50.0,16257.0,3796.0,7921.0,2863.0,931.0,475.0,109.0,SHARAVATHI,1035.0,384.0
2026-05-07T15:41:00,07/05/2026 15:35,50.0,16257.0,3796.0,7921.0,2863.0,931.0,475.0,109.0,NAGJHARI,900.0,437.0
2026-05-07T15:41:00,07/05/2026 15:35,50.0,16257.0,3796.0,7921.0,2863.0,931.0,475.0,109.0,VARAHI,460.0,110.0
2026-05-07T15:41:00,07/05/2026 15:35,50.0,16257.0,3796.0,7921.0,2863.0,931.0,475.0,109.0,KODSALLI,120.0,0.0
2026-05-07T15:41:00,07/05/2026 15:35,50.0,16257.0,3796.0,7921.0,2863.0,931.0,475.0,109.0,KADRA,150.0,0.0
2026-05-07T15:41:00,07/05/2026 15:35,50.0,16257.0,3796.0,7921.0,2863.0,931.0,475.0,109.0,GERUSOPPA,240.0,0.0
2026-05-07T15:41:00,07/05/2026 15:35,50.0,16257.0,3796.0,7921.0,2863.0,931.0,475.0,109.0,JOG,139.2,20.0
2026-05-07T15:41:00,07/05/2026 15:35,50.0,16257.0,3796.0,7921.0,2863.0,931.0,475.0,109.0,LPH,55.0,13.0
2026-05-07T15:41:00,07/05/2026 15:35,50.0,16257.0,3796.0,7921.0,2863.0,931.0,475.0,109.0,SUPA,100.0,74.0
2026-05-07T15:41:00,07/05/2026 15:35,50.0,16257.0,3796.0,7921.0,2863.0,931.0,475.0,109.0,SHIMSHA,17.2,0.0
2026-05-07T15:41:00,07/05/2026 15:35,50.0,16257.0,3796.0,7921.0,2863.0,931.0,475.0,109.0,SHIVASAMUDRA,42.0,0.0
2026-05-07T15:41:00,07/05/2026 15:35,50.0,16257.0,3796.0,7921.0,2863.0,931.0,475.0,109.0,MANIDAM,9.0,2.0
2026-05-07T15:41:00,07/05/2026 15:35,50.0,16257.0,3796.0,7921.0,2863.0,931.0,475.0,109.0,MUNRABAD,38.0,0.0
2026-05-07T15:41:00,07/05/2026 15:35,50.0,16257.0,3796.0,7921.0,2863.0,931.0,475.0,109.0,BHADRA,39.2,0.0
2026-05-07T15:41:00,07/05/2026 15:35,50.0,16257.0,3796.0,7921.0,2863.0,931.0,475.0,109.0,GHATAPRABHA,32.0,0.0
2026-05-07T15:41:00,07/05/2026 15:35,50.0,16257.0,3796.0,7921.0,2863.0,931.0,475.0,109.0,ALMATTI,290.0,0.0
2026-05-07T15:41:00,07/05/2026 15:35,50.0,16257.0,3796.0,7921.0,2863.0,931.0,475.0,109.0,JINDAL,1460.0,143.0
2026-05-07T15:41:00,07/05/2026 15:35,50.0,16257.0,3796.0,7921.0,2863.0,931.0,475.0,109.0,UPCL,1200.0,475.0
2026-05-07T15:41:00,07/05/2026 15:35,50.0,16257.0,3796.0,7921.0,2863.0,931.0,475.0,109.0,YCCP,370.0,0.0
2026-05-07T15:42:11,07/05/2026 15:35,50.0,16257.0,3796.0,7921.0,2863.0,931.0,475.0,109.0,RTPS,1720.0,861.0
2026-05-07T15:42:11,07/05/2026 15:35,50.0,16257.0,3796.0,7921.0,2863.0,931.0,475.0,109.0,BTPS,1700.0,1472.0
2026-05-07T15:42:11,07/05/2026 15:35,50.0,16257.0,3796.0,7921.0,2863.0,931.0,475.0,109.0,YTPS,1600.0,530.0
2026-05-07T15:42:11,07/05/2026 15:35,50.0,16257.0,3796.0,7921.0,2863.0,931.0,475.0,109.0,SHARAVATHI,1035.0,384.0
2026-05-07T15:42:11,07/05/2026 15:35,50.0,16257.0,3796.0,7921.0,2863.0,931.0,475.0,109.0,NAGJHARI,900.0,437.0
2026-05-07T15:42:11,07/05/2026 15:35,50.0,16257.0,3796.0,7921.0,2863.0,931.0,475.0,109.0,VARAHI,460.0,110.0
2026-05-07T15:42:11,07/05/2026 15:35,50.0,16257.0,3796.0,7921.0,2863.0,931.0,475.0,109.0,KODSALLI,120.0,0.0
2026-05-07T15:42:11,07/05/2026 15:35,50.0,16257.0,3796.0,7921.0,2863.0,931.0,475.0,109.0,KADRA,150.0,0.0
2026-05-07T15:42:11,07/05/2026 15:35,50.0,16257.0,3796.0,7921.0,2863.0,931.0,475.0,109.0,GERUSOPPA,240.0,0.0
2026-05-07T15:42:11,07/05/2026 15:35,50.0,16257.0,3796.0,7921.0,2863.0,931.0,475.0,109.0,JOG,139.2,20.0
2026-05-07T15:42:11,07/05/2026 15:35,50.0,16257.0,3796.0,7921.0,2863.0,931.0,475.0,109.0,LPH,55.0,13.0
2026-05-07T15:42:11,07/05/2026 15:35,50.0,16257.0,3796.0,7921.0,2863.0,931.0,475.0,109.0,SUPA,100.0,74.0
2026-05-07T15:42:11,07/05/2026 15:35,50.0,16257.0,3796.0,7921.0,2863.0,931.0,475.0,109.0,SHIMSHA,17.2,0.0
2026-05-07T15:42:11,07/05/2026 15:35,50.0,16257.0,3796.0,7921.0,2863.0,931.0,475.0,109.0,SHIVASAMUDRA,42.0,0.0
2026-05-07T15:42:11,07/05/2026 15:35,50.0,16257.0,3796.0,7921.0,2863.0,931.0,475.0,109.0,MANIDAM,9.0,2.0
2026-05-07T15:42:11,07/05/2026 15:35,50.0,16257.0,3796.0,7921.0,2863.0,931.0,475.0,109.0,MUNRABAD,38.0,0.0
2026-05-07T15:42:11,07/05/2026 15:35,50.0,16257.0,3796.0,7921.0,2863.0,931.0,475.0,109.0,BHADRA,39.2,0.0
2026-05-07T15:42:11,07/05/2026 15:35,50.0,16257.0,3796.0,7921.0,2863.0,931.0,475.0,109.0,GHATAPRABHA,32.0,0.0
2026-05-07T15:42:11,07/05/2026 15:35,50.0,16257.0,3796.0,7921.0,2863.0,931.0,475.0,109.0,ALMATTI,290.0,0.0
2026-05-07T15:42:11,07/05/2026 15:35,50.0,16257.0,3796.0,7921.0,2863.0,931.0,475.0,109.0,JINDAL,1460.0,143.0
2026-05-07T15:42:11,07/05/2026 15:35,50.0,16257.0,3796.0,7921.0,2863.0,931.0,475.0,109.0,UPCL,1200.0,475.0
2026-05-07T15:42:11,07/05/2026 15:35,50.0,16257.0,3796.0,7921.0,2863.0,931.0,475.0,109.0,YCCP,370.0,0.0
2026-05-07T15:43:58,07/05/2026 15:40,49.97,16205.0,3777.0,7783.0,2913.0,935.0,479.0,126.0,RTPS,1720.0,865.0
2026-05-07T15:43:58,07/05/2026 15:40,49.97,16205.0,3777.0,7783.0,2913.0,935.0,479.0,126.0,BTPS,1700.0,1494.0
2026-05-07T15:43:58,07/05/2026 15:40,49.97,16205.0,3777.0,7783.0,2913.0,935.0,479.0,126.0,YTPS,1600.0,554.0
2026-05-07T15:43:58,07/05/2026 15:40,49.97,16205.0,3777.0,7783.0,2913.0,935.0,479.0,126.0,SHARAVATHI,1035.0,382.0
2026-05-07T15:43:58,07/05/2026 15:40,49.97,16205.0,3777.0,7783.0,2913.0,935.0,479.0,126.0,NAGJHARI,900.0,442.0
2026-05-07T15:43:58,07/05/2026 15:40,49.97,16205.0,3777.0,7783.0,2913.0,935.0,479.0,126.0,VARAHI,460.0,111.0
2026-05-07T15:43:58,07/05/2026 15:40,49.97,16205.0,3777.0,7783.0,2913.0,935.0,479.0,126.0,KODSALLI,120.0,0.0
2026-05-07T15:43:58,07/05/2026 15:40,49.97,16205.0,3777.0,7783.0,2913.0,935.0,479.0,126.0,KADRA,150.0,0.0
2026-05-07T15:43:58,07/05/2026 15:40,49.97,16205.0,3777.0,7783.0,2913.0,935.0,479.0,126.0,GERUSOPPA,240.0,0.0
2026-05-07T15:43:58,07/05/2026 15:40,49.97,16205.0,3777.0,7783.0,2913.0,935.0,479.0,126.0,JOG,139.2,38.0
2026-05-07T15:43:58,07/05/2026 15:40,49.97,16205.0,3777.0,7783.0,2913.0,935.0,479.0,126.0,LPH,55.0,12.0
2026-05-07T15:43:58,07/05/2026 15:40,49.97,16205.0,3777.0,7783.0,2913.0,935.0,479.0,126.0,SUPA,100.0,74.0
2026-05-07T15:43:58,07/05/2026 15:40,49.97,16205.0,3777.0,7783.0,2913.0,935.0,479.0,126.0,SHIMSHA,17.2,0.0
2026-05-07T15:43:58,07/05/2026 15:40,49.97,16205.0,3777.0,7783.0,2913.0,935.0,479.0,126.0,SHIVASAMUDRA,42.0,0.0
2026-05-07T15:43:58,07/05/2026 15:40,49.97,16205.0,3777.0,7783.0,2913.0,935.0,479.0,126.0,MANIDAM,9.0,2.0
2026-05-07T15:43:58,07/05/2026 15:40,49.97,16205.0,3777.0,7783.0,2913.0,935.0,479.0,126.0,MUNRABAD,38.0,0.0
2026-05-07T15:43:58,07/05/2026 15:40,49.97,16205.0,3777.0,7783.0,2913.0,935.0,479.0,126.0,BHADRA,39.2,0.0
2026-05-07T15:43:58,07/05/2026 15:40,49.97,16205.0,3777.0,7783.0,2913.0,935.0,479.0,126.0,GHATAPRABHA,32.0,0.0
2026-05-07T15:43:58,07/05/2026 15:40,49.97,16205.0,3777.0,7783.0,2913.0,935.0,479.0,126.0,ALMATTI,290.0,0.0
2026-05-07T15:43:58,07/05/2026 15:40,49.97,16205.0,3777.0,7783.0,2913.0,935.0,479.0,126.0,JINDAL,1460.0,118.0
2026-05-07T15:43:58,07/05/2026 15:40,49.97,16205.0,3777.0,7783.0,2913.0,935.0,479.0,126.0,UPCL,1200.0,479.0
2026-05-07T15:43:58,07/05/2026 15:40,49.97,16205.0,3777.0,7783.0,2913.0,935.0,479.0,126.0,YCCP,370.0,0.0
2026-05-07T15:44:58,07/05/2026 15:40,49.97,16205.0,3777.0,7783.0,2913.0,935.0,479.0,126.0,RTPS,1720.0,865.0
2026-05-07T15:44:58,07/05/2026 15:40,49.97,16205.0,3777.0,7783.0,2913.0,935.0,479.0,126.0,BTPS,1700.0,1494.0
2026-05-07T15:44:58,07/05/2026 15:40,49.97,16205.0,3777.0,7783.0,2913.0,935.0,479.0,126.0,YTPS,1600.0,554.0
2026-05-07T15:44:58,07/05/2026 15:40,49.97,16205.0,3777.0,7783.0,2913.0,935.0,479.0,126.0,SHARAVATHI,1035.0,382.0
2026-05-07T15:44:58,07/05/2026 15:40,49.97,16205.0,3777.0,7783.0,2913.0,935.0,479.0,126.0,NAGJHARI,900.0,442.0
2026-05-07T15:44:58,07/05/2026 15:40,49.97,16205.0,3777.0,7783.0,2913.0,935.0,479.0,126.0,VARAHI,460.0,111.0
2026-05-07T15:44:58,07/05/2026 15:40,49.97,16205.0,3777.0,7783.0,2913.0,935.0,479.0,126.0,KODSALLI,120.0,0.0
2026-05-07T15:44:58,07/05/2026 15:40,49.97,16205.0,3777.0,7783.0,2913.0,935.0,479.0,126.0,KADRA,150.0,0.0
2026-05-07T15:44:58,07/05/2026 15:40,49.97,16205.0,3777.0,7783.0,2913.0,935.0,479.0,126.0,GERUSOPPA,240.0,0.0
2026-05-07T15:44:58,07/05/2026 15:40,49.97,16205.0,3777.0,7783.0,2913.0,935.0,479.0,126.0,JOG,139.2,38.0
2026-05-07T15:44:58,07/05/2026 15:40,49.97,16205.0,3777.0,7783.0,2913.0,935.0,479.0,126.0,LPH,55.0,12.0
2026-05-07T15:44:58,07/05/2026 15:40,49.97,16205.0,3777.0,7783.0,2913.0,935.0,479.0,126.0,SUPA,100.0,74.0
2026-05-07T15:44:58,07/05/2026 15:40,49.97,16205.0,3777.0,7783.0,2913.0,935.0,479.0,126.0,SHIMSHA,17.2,0.0
2026-05-07T15:44:58,07/05/2026 15:40,49.97,16205.0,3777.0,7783.0,2913.0,935.0,479.0,126.0,SHIVASAMUDRA,42.0,0.0
2026-05-07T15:44:58,07/05/2026 15:40,49.97,16205.0,3777.0,7783.0,2913.0,935.0,479.0,126.0,MANIDAM,9.0,2.0
2026-05-07T15:44:58,07/05/2026 15:40,49.97,16205.0,3777.0,7783.0,2913.0,935.0,479.0,126.0,MUNRABAD,38.0,0.0
2026-05-07T15:44:58,07/05/2026 15:40,49.97,16205.0,3777.0,7783.0,2913.0,935.0,479.0,126.0,BHADRA,39.2,0.0
2026-05-07T15:44:58,07/05/2026 15:40,49.97,16205.0,3777.0,7783.0,2913.0,935.0,479.0,126.0,GHATAPRABHA,32.0,0.0
2026-05-07T15:44:58,07/05/2026 15:40,49.97,16205.0,3777.0,7783.0,2913.0,935.0,479.0,126.0,ALMATTI,290.0,0.0
2026-05-07T15:44:58,07/05/2026 15:40,49.97,16205.0,3777.0,7783.0,2913.0,935.0,479.0,126.0,JINDAL,1460.0,118.0
2026-05-07T15:44:58,07/05/2026 15:40,49.97,16205.0,3777.0,7783.0,2913.0,935.0,479.0,126.0,UPCL,1200.0,479.0
2026-05-07T15:44:58,07/05/2026 15:40,49.97,16205.0,3777.0,7783.0,2913.0,935.0,479.0,126.0,YCCP,370.0,0.0
2026-05-07T15:46:01,07/05/2026 15:40,49.97,16205.0,3777.0,7783.0,2913.0,935.0,479.0,126.0,RTPS,1720.0,865.0
2026-05-07T15:46:01,07/05/2026 15:40,49.97,16205.0,3777.0,7783.0,2913.0,935.0,479.0,126.0,BTPS,1700.0,1494.0
2026-05-07T15:46:01,07/05/2026 15:40,49.97,16205.0,3777.0,7783.0,2913.0,935.0,479.0,126.0,YTPS,1600.0,554.0
2026-05-07T15:46:01,07/05/2026 15:40,49.97,16205.0,3777.0,7783.0,2913.0,935.0,479.0,126.0,SHARAVATHI,1035.0,382.0
2026-05-07T15:46:01,07/05/2026 15:40,49.97,16205.0,3777.0,7783.0,2913.0,935.0,479.0,126.0,NAGJHARI,900.0,442.0
2026-05-07T15:46:01,07/05/2026 15:40,49.97,16205.0,3777.0,7783.0,2913.0,935.0,479.0,126.0,VARAHI,460.0,111.0
2026-05-07T15:46:01,07/05/2026 15:40,49.97,16205.0,3777.0,7783.0,2913.0,935.0,479.0,126.0,KODSALLI,120.0,0.0
2026-05-07T15:46:01,07/05/2026 15:40,49.97,16205.0,3777.0,7783.0,2913.0,935.0,479.0,126.0,KADRA,150.0,0.0
2026-05-07T15:46:01,07/05/2026 15:40,49.97,16205.0,3777.0,7783.0,2913.0,935.0,479.0,126.0,GERUSOPPA,240.0,0.0
2026-05-07T15:46:01,07/05/2026 15:40,49.97,16205.0,3777.0,7783.0,2913.0,935.0,479.0,126.0,JOG,139.2,38.0
2026-05-07T15:46:01,07/05/2026 15:40,49.97,16205.0,3777.0,7783.0,2913.0,935.0,479.0,126.0,LPH,55.0,12.0
2026-05-07T15:46:01,07/05/2026 15:40,49.97,16205.0,3777.0,7783.0,2913.0,935.0,479.0,126.0,SUPA,100.0,74.0
2026-05-07T15:46:01,07/05/2026 15:40,49.97,16205.0,3777.0,7783.0,2913.0,935.0,479.0,126.0,SHIMSHA,17.2,0.0
2026-05-07T15:46:01,07/05/2026 15:40,49.97,16205.0,3777.0,7783.0,2913.0,935.0,479.0,126.0,SHIVASAMUDRA,42.0,0.0
2026-05-07T15:46:01,07/05/2026 15:40,49.97,16205.0,3777.0,7783.0,2913.0,935.0,479.0,126.0,MANIDAM,9.0,2.0
2026-05-07T15:46:01,07/05/2026 15:40,49.97,16205.0,3777.0,7783.0,2913.0,935.0,479.0,126.0,MUNRABAD,38.0,0.0
2026-05-07T15:46:01,07/05/2026 15:40,49.97,16205.0,3777.0,7783.0,2913.0,935.0,479.0,126.0,BHADRA,39.2,0.0
2026-05-07T15:46:01,07/05/2026 15:40,49.97,16205.0,3777.0,7783.0,2913.0,935.0,479.0,126.0,GHATAPRABHA,32.0,0.0
2026-05-07T15:46:01,07/05/2026 15:40,49.97,16205.0,3777.0,7783.0,2913.0,935.0,479.0,126.0,ALMATTI,290.0,0.0
2026-05-07T15:46:01,07/05/2026 15:40,49.97,16205.0,3777.0,7783.0,2913.0,935.0,479.0,126.0,JINDAL,1460.0,118.0
2026-05-07T15:46:01,07/05/2026 15:40,49.97,16205.0,3777.0,7783.0,2913.0,935.0,479.0,126.0,UPCL,1200.0,479.0
2026-05-07T15:46:01,07/05/2026 15:40,49.97,16205.0,3777.0,7783.0,2913.0,935.0,479.0,126.0,YCCP,370.0,0.0
2026-05-07T15:47:58,07/05/2026 15:40,49.97,16205.0,3777.0,7783.0,2913.0,935.0,479.0,126.0,RTPS,1720.0,865.0
2026-05-07T15:47:58,07/05/2026 15:40,49.97,16205.0,3777.0,7783.0,2913.0,935.0,479.0,126.0,BTPS,1700.0,1494.0
2026-05-07T15:47:58,07/05/2026 15:40,49.97,16205.0,3777.0,7783.0,2913.0,935.0,479.0,126.0,YTPS,1600.0,554.0
2026-05-07T15:47:58,07/05/2026 15:40,49.97,16205.0,3777.0,7783.0,2913.0,935.0,479.0,126.0,SHARAVATHI,1035.0,382.0
2026-05-07T15:47:58,07/05/2026 15:40,49.97,16205.0,3777.0,7783.0,2913.0,935.0,479.0,126.0,NAGJHARI,900.0,442.0
2026-05-07T15:47:58,07/05/2026 15:40,49.97,16205.0,3777.0,7783.0,2913.0,935.0,479.0,126.0,VARAHI,460.0,111.0
2026-05-07T15:47:58,07/05/2026 15:40,49.97,16205.0,3777.0,7783.0,2913.0,935.0,479.0,126.0,KODSALLI,120.0,0.0
2026-05-07T15:47:58,07/05/2026 15:40,49.97,16205.0,3777.0,7783.0,2913.0,935.0,479.0,126.0,KADRA,150.0,0.0
2026-05-07T15:47:58,07/05/2026 15:40,49.97,16205.0,3777.0,7783.0,2913.0,935.0,479.0,126.0,GERUSOPPA,240.0,0.0
2026-05-07T15:47:58,07/05/2026 15:40,49.97,16205.0,3777.0,7783.0,2913.0,935.0,479.0,126.0,JOG,139.2,38.0
2026-05-07T15:47:58,07/05/2026 15:40,49.97,16205.0,3777.0,7783.0,2913.0,935.0,479.0,126.0,LPH,55.0,12.0
2026-05-07T15:47:58,07/05/2026 15:40,49.97,16205.0,3777.0,7783.0,2913.0,935.0,479.0,126.0,SUPA,100.0,74.0
2026-05-07T15:47:58,07/05/2026 15:40,49.97,16205.0,3777.0,7783.0,2913.0,935.0,479.0,126.0,SHIMSHA,17.2,0.0
2026-05-07T15:47:58,07/05/2026 15:40,49.97,16205.0,3777.0,7783.0,2913.0,935.0,479.0,126.0,SHIVASAMUDRA,42.0,0.0
2026-05-07T15:47:58,07/05/2026 15:40,49.97,16205.0,3777.0,7783.0,2913.0,935.0,479.0,126.0,MANIDAM,9.0,2.0
2026-05-07T15:47:58,07/05/2026 15:40,49.97,16205.0,3777.0,7783.0,2913.0,935.0,479.0,126.0,MUNRABAD,38.0,0.0
2026-05-07T15:47:58,07/05/2026 15:40,49.97,16205.0,3777.0,7783.0,2913.0,935.0,479.0,126.0,BHADRA,39.2,0.0
2026-05-07T15:47:58,07/05/2026 15:40,49.97,16205.0,3777.0,7783.0,2913.0,935.0,479.0,126.0,GHATAPRABHA,32.0,0.0
2026-05-07T15:47:58,07/05/2026 15:40,49.97,16205.0,3777.0,7783.0,2913.0,935.0,479.0,126.0,ALMATTI,290.0,0.0
2026-05-07T15:47:58,07/05/2026 15:40,49.97,16205.0,3777.0,7783.0,2913.0,935.0,479.0,126.0,JINDAL,1460.0,118.0
2026-05-07T15:47:58,07/05/2026 15:40,49.97,16205.0,3777.0,7783.0,2913.0,935.0,479.0,126.0,UPCL,1200.0,479.0
2026-05-07T15:47:58,07/05/2026 15:40,49.97,16205.0,3777.0,7783.0,2913.0,935.0,479.0,126.0,YCCP,370.0,0.0
2026-05-07T15:48:58,07/05/2026 15:40,49.97,16205.0,3777.0,7783.0,2913.0,935.0,479.0,126.0,RTPS,1720.0,865.0
2026-05-07T15:48:58,07/05/2026 15:40,49.97,16205.0,3777.0,7783.0,2913.0,935.0,479.0,126.0,BTPS,1700.0,1494.0
2026-05-07T15:48:58,07/05/2026 15:40,49.97,16205.0,3777.0,7783.0,2913.0,935.0,479.0,126.0,YTPS,1600.0,554.0
2026-05-07T15:48:58,07/05/2026 15:40,49.97,16205.0,3777.0,7783.0,2913.0,935.0,479.0,126.0,SHARAVATHI,1035.0,382.0
2026-05-07T15:48:58,07/05/2026 15:40,49.97,16205.0,3777.0,7783.0,2913.0,935.0,479.0,126.0,NAGJHARI,900.0,442.0
2026-05-07T15:48:58,07/05/2026 15:40,49.97,16205.0,3777.0,7783.0,2913.0,935.0,479.0,126.0,VARAHI,460.0,111.0
2026-05-07T15:48:58,07/05/2026 15:40,49.97,16205.0,3777.0,7783.0,2913.0,935.0,479.0,126.0,KODSALLI,120.0,0.0
2026-05-07T15:48:58,07/05/2026 15:40,49.97,16205.0,3777.0,7783.0,2913.0,935.0,479.0,126.0,KADRA,150.0,0.0
2026-05-07T15:48:58,07/05/2026 15:40,49.97,16205.0,3777.0,7783.0,2913.0,935.0,479.0,126.0,GERUSOPPA,240.0,0.0
2026-05-07T15:48:58,07/05/2026 15:40,49.97,16205.0,3777.0,7783.0,2913.0,935.0,479.0,126.0,JOG,139.2,38.0
2026-05-07T15:48:58,07/05/2026 15:40,49.97,16205.0,3777.0,7783.0,2913.0,935.0,479.0,126.0,LPH,55.0,12.0
2026-05-07T15:48:58,07/05/2026 15:40,49.97,16205.0,3777.0,7783.0,2913.0,935.0,479.0,126.0,SUPA,100.0,74.0
2026-05-07T15:48:58,07/05/2026 15:40,49.97,16205.0,3777.0,7783.0,2913.0,935.0,479.0,126.0,SHIMSHA,17.2,0.0
2026-05-07T15:48:58,07/05/2026 15:40,49.97,16205.0,3777.0,7783.0,2913.0,935.0,479.0,126.0,SHIVASAMUDRA,42.0,0.0
2026-05-07T15:48:58,07/05/2026 15:40,49.97,16205.0,3777.0,7783.0,2913.0,935.0,479.0,126.0,MANIDAM,9.0,2.0
2026-05-07T15:48:58,07/05/2026 15:40,49.97,16205.0,3777.0,7783.0,2913.0,935.0,479.0,126.0,MUNRABAD,38.0,0.0
2026-05-07T15:48:58,07/05/2026 15:40,49.97,16205.0,3777.0,7783.0,2913.0,935.0,479.0,126.0,BHADRA,39.2,0.0
2026-05-07T15:48:58,07/05/2026 15:40,49.97,16205.0,3777.0,7783.0,2913.0,935.0,479.0,126.0,GHATAPRABHA,32.0,0.0
2026-05-07T15:48:58,07/05/2026 15:40,49.97,16205.0,3777.0,7783.0,2913.0,935.0,479.0,126.0,ALMATTI,290.0,0.0
2026-05-07T15:48:58,07/05/2026 15:40,49.97,16205.0,3777.0,7783.0,2913.0,935.0,479.0,126.0,JINDAL,1460.0,118.0
2026-05-07T15:48:58,07/05/2026 15:40,49.97,16205.0,3777.0,7783.0,2913.0,935.0,479.0,126.0,UPCL,1200.0,479.0
2026-05-07T15:48:58,07/05/2026 15:40,49.97,16205.0,3777.0,7783.0,2913.0,935.0,479.0,126.0,YCCP,370.0,0.0
2026-05-07T15:49:59,07/05/2026 15:40,49.97,16205.0,3777.0,7783.0,2913.0,935.0,479.0,126.0,RTPS,1720.0,865.0
2026-05-07T15:49:59,07/05/2026 15:40,49.97,16205.0,3777.0,7783.0,2913.0,935.0,479.0,126.0,BTPS,1700.0,1494.0
2026-05-07T15:49:59,07/05/2026 15:40,49.97,16205.0,3777.0,7783.0,2913.0,935.0,479.0,126.0,YTPS,1600.0,554.0
2026-05-07T15:49:59,07/05/2026 15:40,49.97,16205.0,3777.0,7783.0,2913.0,935.0,479.0,126.0,SHARAVATHI,1035.0,382.0
2026-05-07T15:49:59,07/05/2026 15:40,49.97,16205.0,3777.0,7783.0,2913.0,935.0,479.0,126.0,NAGJHARI,900.0,442.0
2026-05-07T15:49:59,07/05/2026 15:40,49.97,16205.0,3777.0,7783.0,2913.0,935.0,479.0,126.0,VARAHI,460.0,111.0
2026-05-07T15:49:59,07/05/2026 15:40,49.97,16205.0,3777.0,7783.0,2913.0,935.0,479.0,126.0,KODSALLI,120.0,0.0
2026-05-07T15:49:59,07/05/2026 15:40,49.97,16205.0,3777.0,7783.0,2913.0,935.0,479.0,126.0,KADRA,150.0,0.0
2026-05-07T15:49:59,07/05/2026 15:40,49.97,16205.0,3777.0,7783.0,2913.0,935.0,479.0,126.0,GERUSOPPA,240.0,0.0
2026-05-07T15:49:59,07/05/2026 15:40,49.97,16205.0,3777.0,7783.0,2913.0,935.0,479.0,126.0,JOG,139.2,38.0
2026-05-07T15:49:59,07/05/2026 15:40,49.97,16205.0,3777.0,7783.0,2913.0,935.0,479.0,126.0,LPH,55.0,12.0
2026-05-07T15:49:59,07/05/2026 15:40,49.97,16205.0,3777.0,7783.0,2913.0,935.0,479.0,126.0,SUPA,100.0,74.0
2026-05-07T15:49:59,07/05/2026 15:40,49.97,16205.0,3777.0,7783.0,2913.0,935.0,479.0,126.0,SHIMSHA,17.2,0.0
2026-05-07T15:49:59,07/05/2026 15:40,49.97,16205.0,3777.0,7783.0,2913.0,935.0,479.0,126.0,SHIVASAMUDRA,42.0,0.0
2026-05-07T15:49:59,07/05/2026 15:40,49.97,16205.0,3777.0,7783.0,2913.0,935.0,479.0,126.0,MANIDAM,9.0,2.0
2026-05-07T15:49:59,07/05/2026 15:40,49.97,16205.0,3777.0,7783.0,2913.0,935.0,479.0,126.0,MUNRABAD,38.0,0.0
2026-05-07T15:49:59,07/05/2026 15:40,49.97,16205.0,3777.0,7783.0,2913.0,935.0,479.0,126.0,BHADRA,39.2,0.0
2026-05-07T15:49:59,07/05/2026 15:40,49.97,16205.0,3777.0,7783.0,2913.0,935.0,479.0,126.0,GHATAPRABHA,32.0,0.0
2026-05-07T15:49:59,07/05/2026 15:40,49.97,16205.0,3777.0,7783.0,2913.0,935.0,479.0,126.0,ALMATTI,290.0,0.0
2026-05-07T15:49:59,07/05/2026 15:40,49.97,16205.0,3777.0,7783.0,2913.0,935.0,479.0,126.0,JINDAL,1460.0,118.0
2026-05-07T15:49:59,07/05/2026 15:40,49.97,16205.0,3777.0,7783.0,2913.0,935.0,479.0,126.0,UPCL,1200.0,479.0
2026-05-07T15:49:59,07/05/2026 15:40,49.97,16205.0,3777.0,7783.0,2913.0,935.0,479.0,126.0,YCCP,370.0,0.0
2026-05-07T15:50:58,07/05/2026 15:40,49.97,16205.0,3777.0,7783.0,2913.0,935.0,479.0,126.0,RTPS,1720.0,865.0
2026-05-07T15:50:58,07/05/2026 15:40,49.97,16205.0,3777.0,7783.0,2913.0,935.0,479.0,126.0,BTPS,1700.0,1494.0
2026-05-07T15:50:58,07/05/2026 15:40,49.97,16205.0,3777.0,7783.0,2913.0,935.0,479.0,126.0,YTPS,1600.0,554.0
2026-05-07T15:50:58,07/05/2026 15:40,49.97,16205.0,3777.0,7783.0,2913.0,935.0,479.0,126.0,SHARAVATHI,1035.0,382.0
2026-05-07T15:50:58,07/05/2026 15:40,49.97,16205.0,3777.0,7783.0,2913.0,935.0,479.0,126.0,NAGJHARI,900.0,442.0
2026-05-07T15:50:58,07/05/2026 15:40,49.97,16205.0,3777.0,7783.0,2913.0,935.0,479.0,126.0,VARAHI,460.0,111.0
2026-05-07T15:50:58,07/05/2026 15:40,49.97,16205.0,3777.0,7783.0,2913.0,935.0,479.0,126.0,KODSALLI,120.0,0.0
2026-05-07T15:50:58,07/05/2026 15:40,49.97,16205.0,3777.0,7783.0,2913.0,935.0,479.0,126.0,KADRA,150.0,0.0
2026-05-07T15:50:58,07/05/2026 15:40,49.97,16205.0,3777.0,7783.0,2913.0,935.0,479.0,126.0,GERUSOPPA,240.0,0.0
2026-05-07T15:50:58,07/05/2026 15:40,49.97,16205.0,3777.0,7783.0,2913.0,935.0,479.0,126.0,JOG,139.2,38.0
2026-05-07T15:50:58,07/05/2026 15:40,49.97,16205.0,3777.0,7783.0,2913.0,935.0,479.0,126.0,LPH,55.0,12.0
2026-05-07T15:50:58,07/05/2026 15:40,49.97,16205.0,3777.0,7783.0,2913.0,935.0,479.0,126.0,SUPA,100.0,74.0
2026-05-07T15:50:58,07/05/2026 15:40,49.97,16205.0,3777.0,7783.0,2913.0,935.0,479.0,126.0,SHIMSHA,17.2,0.0
2026-05-07T15:50:58,07/05/2026 15:40,49.97,16205.0,3777.0,7783.0,2913.0,935.0,479.0,126.0,SHIVASAMUDRA,42.0,0.0
2026-05-07T15:50:58,07/05/2026 15:40,49.97,16205.0,3777.0,7783.0,2913.0,935.0,479.0,126.0,MANIDAM,9.0,2.0
2026-05-07T15:50:58,07/05/2026 15:40,49.97,16205.0,3777.0,7783.0,2913.0,935.0,479.0,126.0,MUNRABAD,38.0,0.0
2026-05-07T15:50:58,07/05/2026 15:40,49.97,16205.0,3777.0,7783.0,2913.0,935.0,479.0,126.0,BHADRA,39.2,0.0
2026-05-07T15:50:58,07/05/2026 15:40,49.97,16205.0,3777.0,7783.0,2913.0,935.0,479.0,126.0,GHATAPRABHA,32.0,0.0
2026-05-07T15:50:58,07/05/2026 15:40,49.97,16205.0,3777.0,7783.0,2913.0,935.0,479.0,126.0,ALMATTI,290.0,0.0
2026-05-07T15:50:58,07/05/2026 15:40,49.97,16205.0,3777.0,7783.0,2913.0,935.0,479.0,126.0,JINDAL,1460.0,118.0
2026-05-07T15:50:58,07/05/2026 15:40,49.97,16205.0,3777.0,7783.0,2913.0,935.0,479.0,126.0,UPCL,1200.0,479.0
2026-05-07T15:50:58,07/05/2026 15:40,49.97,16205.0,3777.0,7783.0,2913.0,935.0,479.0,126.0,YCCP,370.0,0.0
2026-05-07T15:51:58,07/05/2026 15:40,49.97,16205.0,3777.0,7783.0,2913.0,935.0,479.0,126.0,RTPS,1720.0,865.0
2026-05-07T15:51:58,07/05/2026 15:40,49.97,16205.0,3777.0,7783.0,2913.0,935.0,479.0,126.0,BTPS,1700.0,1494.0
2026-05-07T15:51:58,07/05/2026 15:40,49.97,16205.0,3777.0,7783.0,2913.0,935.0,479.0,126.0,YTPS,1600.0,554.0
2026-05-07T15:51:58,07/05/2026 15:40,49.97,16205.0,3777.0,7783.0,2913.0,935.0,479.0,126.0,SHARAVATHI,1035.0,382.0
2026-05-07T15:51:58,07/05/2026 15:40,49.97,16205.0,3777.0,7783.0,2913.0,935.0,479.0,126.0,NAGJHARI,900.0,442.0
2026-05-07T15:51:58,07/05/2026 15:40,49.97,16205.0,3777.0,7783.0,2913.0,935.0,479.0,126.0,VARAHI,460.0,111.0
2026-05-07T15:51:58,07/05/2026 15:40,49.97,16205.0,3777.0,7783.0,2913.0,935.0,479.0,126.0,KODSALLI,120.0,0.0
2026-05-07T15:51:58,07/05/2026 15:40,49.97,16205.0,3777.0,7783.0,2913.0,935.0,479.0,126.0,KADRA,150.0,0.0
2026-05-07T15:51:58,07/05/2026 15:40,49.97,16205.0,3777.0,7783.0,2913.0,935.0,479.0,126.0,GERUSOPPA,240.0,0.0
2026-05-07T15:51:58,07/05/2026 15:40,49.97,16205.0,3777.0,7783.0,2913.0,935.0,479.0,126.0,JOG,139.2,38.0
2026-05-07T15:51:58,07/05/2026 15:40,49.97,16205.0,3777.0,7783.0,2913.0,935.0,479.0,126.0,LPH,55.0,12.0
2026-05-07T15:51:58,07/05/2026 15:40,49.97,16205.0,3777.0,7783.0,2913.0,935.0,479.0,126.0,SUPA,100.0,74.0
2026-05-07T15:51:58,07/05/2026 15:40,49.97,16205.0,3777.0,7783.0,2913.0,935.0,479.0,126.0,SHIMSHA,17.2,0.0
2026-05-07T15:51:58,07/05/2026 15:40,49.97,16205.0,3777.0,7783.0,2913.0,935.0,479.0,126.0,SHIVASAMUDRA,42.0,0.0
2026-05-07T15:51:58,07/05/2026 15:40,49.97,16205.0,3777.0,7783.0,2913.0,935.0,479.0,126.0,MANIDAM,9.0,2.0
2026-05-07T15:51:58,07/05/2026 15:40,49.97,16205.0,3777.0,7783.0,2913.0,935.0,479.0,126.0,MUNRABAD,38.0,0.0
2026-05-07T15:51:58,07/05/2026 15:40,49.97,16205.0,3777.0,7783.0,2913.0,935.0,479.0,126.0,BHADRA,39.2,0.0
2026-05-07T15:51:58,07/05/2026 15:40,49.97,16205.0,3777.0,7783.0,2913.0,935.0,479.0,126.0,GHATAPRABHA,32.0,0.0
2026-05-07T15:51:58,07/05/2026 15:40,49.97,16205.0,3777.0,7783.0,2913.0,935.0,479.0,126.0,ALMATTI,290.0,0.0
2026-05-07T15:51:58,07/05/2026 15:40,49.97,16205.0,3777.0,7783.0,2913.0,935.0,479.0,126.0,JINDAL,1460.0,118.0
2026-05-07T15:51:58,07/05/2026 15:40,49.97,16205.0,3777.0,7783.0,2913.0,935.0,479.0,126.0,UPCL,1200.0,479.0
2026-05-07T15:51:58,07/05/2026 15:40,49.97,16205.0,3777.0,7783.0,2913.0,935.0,479.0,126.0,YCCP,370.0,0.0
2026-05-07T15:52:59,07/05/2026 15:40,49.97,16205.0,3777.0,7783.0,2913.0,935.0,479.0,126.0,RTPS,1720.0,865.0
2026-05-07T15:52:59,07/05/2026 15:40,49.97,16205.0,3777.0,7783.0,2913.0,935.0,479.0,126.0,BTPS,1700.0,1494.0
2026-05-07T15:52:59,07/05/2026 15:40,49.97,16205.0,3777.0,7783.0,2913.0,935.0,479.0,126.0,YTPS,1600.0,554.0
2026-05-07T15:52:59,07/05/2026 15:40,49.97,16205.0,3777.0,7783.0,2913.0,935.0,479.0,126.0,SHARAVATHI,1035.0,382.0
2026-05-07T15:52:59,07/05/2026 15:40,49.97,16205.0,3777.0,7783.0,2913.0,935.0,479.0,126.0,NAGJHARI,900.0,442.0
2026-05-07T15:52:59,07/05/2026 15:40,49.97,16205.0,3777.0,7783.0,2913.0,935.0,479.0,126.0,VARAHI,460.0,111.0
2026-05-07T15:52:59,07/05/2026 15:40,49.97,16205.0,3777.0,7783.0,2913.0,935.0,479.0,126.0,KODSALLI,120.0,0.0
2026-05-07T15:52:59,07/05/2026 15:40,49.97,16205.0,3777.0,7783.0,2913.0,935.0,479.0,126.0,KADRA,150.0,0.0
2026-05-07T15:52:59,07/05/2026 15:40,49.97,16205.0,3777.0,7783.0,2913.0,935.0,479.0,126.0,GERUSOPPA,240.0,0.0
2026-05-07T15:52:59,07/05/2026 15:40,49.97,16205.0,3777.0,7783.0,2913.0,935.0,479.0,126.0,JOG,139.2,38.0
2026-05-07T15:52:59,07/05/2026 15:40,49.97,16205.0,3777.0,7783.0,2913.0,935.0,479.0,126.0,LPH,55.0,12.0
2026-05-07T15:52:59,07/05/2026 15:40,49.97,16205.0,3777.0,7783.0,2913.0,935.0,479.0,126.0,SUPA,100.0,74.0
2026-05-07T15:52:59,07/05/2026 15:40,49.97,16205.0,3777.0,7783.0,2913.0,935.0,479.0,126.0,SHIMSHA,17.2,0.0
2026-05-07T15:52:59,07/05/2026 15:40,49.97,16205.0,3777.0,7783.0,2913.0,935.0,479.0,126.0,SHIVASAMUDRA,42.0,0.0
2026-05-07T15:52:59,07/05/2026 15:40,49.97,16205.0,3777.0,7783.0,2913.0,935.0,479.0,126.0,MANIDAM,9.0,2.0
2026-05-07T15:52:59,07/05/2026 15:40,49.97,16205.0,3777.0,7783.0,2913.0,935.0,479.0,126.0,MUNRABAD,38.0,0.0
2026-05-07T15:52:59,07/05/2026 15:40,49.97,16205.0,3777.0,7783.0,2913.0,935.0,479.0,126.0,BHADRA,39.2,0.0
2026-05-07T15:52:59,07/05/2026 15:40,49.97,16205.0,3777.0,7783.0,2913.0,935.0,479.0,126.0,GHATAPRABHA,32.0,0.0
2026-05-07T15:52:59,07/05/2026 15:40,49.97,16205.0,3777.0,7783.0,2913.0,935.0,479.0,126.0,ALMATTI,290.0,0.0
2026-05-07T15:52:59,07/05/2026 15:40,49.97,16205.0,3777.0,7783.0,2913.0,935.0,479.0,126.0,JINDAL,1460.0,118.0
2026-05-07T15:52:59,07/05/2026 15:40,49.97,16205.0,3777.0,7783.0,2913.0,935.0,479.0,126.0,UPCL,1200.0,479.0
2026-05-07T15:52:59,07/05/2026 15:40,49.97,16205.0,3777.0,7783.0,2913.0,935.0,479.0,126.0,YCCP,370.0,0.0
2026-05-07T15:54:02,07/05/2026 15:50,49.97,16130.0,3579.0,7891.0,2932.0,934.0,479.0,143.0,RTPS,1720.0,861.0
2026-05-07T15:54:02,07/05/2026 15:50,49.97,16130.0,3579.0,7891.0,2932.0,934.0,479.0,143.0,BTPS,1700.0,1494.0
2026-05-07T15:54:02,07/05/2026 15:50,49.97,16130.0,3579.0,7891.0,2932.0,934.0,479.0,143.0,YTPS,1600.0,577.0
2026-05-07T15:54:02,07/05/2026 15:50,49.97,16130.0,3579.0,7891.0,2932.0,934.0,479.0,143.0,SHARAVATHI,1035.0,384.0
2026-05-07T15:54:02,07/05/2026 15:50,49.97,16130.0,3579.0,7891.0,2932.0,934.0,479.0,143.0,NAGJHARI,900.0,439.0
2026-05-07T15:54:02,07/05/2026 15:50,49.97,16130.0,3579.0,7891.0,2932.0,934.0,479.0,143.0,VARAHI,460.0,111.0
2026-05-07T15:54:02,07/05/2026 15:50,49.97,16130.0,3579.0,7891.0,2932.0,934.0,479.0,143.0,KODSALLI,120.0,0.0
2026-05-07T15:54:02,07/05/2026 15:50,49.97,16130.0,3579.0,7891.0,2932.0,934.0,479.0,143.0,KADRA,150.0,0.0
2026-05-07T15:54:02,07/05/2026 15:50,49.97,16130.0,3579.0,7891.0,2932.0,934.0,479.0,143.0,GERUSOPPA,240.0,0.0
2026-05-07T15:54:02,07/05/2026 15:50,49.97,16130.0,3579.0,7891.0,2932.0,934.0,479.0,143.0,JOG,139.2,55.0
2026-05-07T15:54:02,07/05/2026 15:50,49.97,16130.0,3579.0,7891.0,2932.0,934.0,479.0,143.0,LPH,55.0,12.0
2026-05-07T15:54:02,07/05/2026 15:50,49.97,16130.0,3579.0,7891.0,2932.0,934.0,479.0,143.0,SUPA,100.0,74.0
2026-05-07T15:54:02,07/05/2026 15:50,49.97,16130.0,3579.0,7891.0,2932.0,934.0,479.0,143.0,SHIMSHA,17.2,0.0
2026-05-07T15:54:02,07/05/2026 15:50,49.97,16130.0,3579.0,7891.0,2932.0,934.0,479.0,143.0,SHIVASAMUDRA,42.0,0.0
2026-05-07T15:54:02,07/05/2026 15:50,49.97,16130.0,3579.0,7891.0,2932.0,934.0,479.0,143.0,MANIDAM,9.0,2.0
2026-05-07T15:54:02,07/05/2026 15:50,49.97,16130.0,3579.0,7891.0,2932.0,934.0,479.0,143.0,MUNRABAD,38.0,0.0
2026-05-07T15:54:02,07/05/2026 15:50,49.97,16130.0,3579.0,7891.0,2932.0,934.0,479.0,143.0,BHADRA,39.2,0.0
2026-05-07T15:54:02,07/05/2026 15:50,49.97,16130.0,3579.0,7891.0,2932.0,934.0,479.0,143.0,GHATAPRABHA,32.0,0.0
2026-05-07T15:54:02,07/05/2026 15:50,49.97,16130.0,3579.0,7891.0,2932.0,934.0,479.0,143.0,ALMATTI,290.0,0.0
2026-05-07T15:54:02,07/05/2026 15:50,49.97,16130.0,3579.0,7891.0,2932.0,934.0,479.0,143.0,JINDAL,1460.0,195.0
2026-05-07T15:54:02,07/05/2026 15:50,49.97,16130.0,3579.0,7891.0,2932.0,934.0,479.0,143.0,UPCL,1200.0,479.0
2026-05-07T15:54:02,07/05/2026 15:50,49.97,16130.0,3579.0,7891.0,2932.0,934.0,479.0,143.0,YCCP,370.0,0.0
2026-05-07T15:55:07,07/05/2026 15:50,49.97,16130.0,3579.0,7891.0,2932.0,934.0,479.0,143.0,RTPS,1720.0,861.0
2026-05-07T15:55:07,07/05/2026 15:50,49.97,16130.0,3579.0,7891.0,2932.0,934.0,479.0,143.0,BTPS,1700.0,1494.0
2026-05-07T15:55:07,07/05/2026 15:50,49.97,16130.0,3579.0,7891.0,2932.0,934.0,479.0,143.0,YTPS,1600.0,577.0
2026-05-07T15:55:07,07/05/2026 15:50,49.97,16130.0,3579.0,7891.0,2932.0,934.0,479.0,143.0,SHARAVATHI,1035.0,384.0
2026-05-07T15:55:07,07/05/2026 15:50,49.97,16130.0,3579.0,7891.0,2932.0,934.0,479.0,143.0,NAGJHARI,900.0,439.0
2026-05-07T15:55:07,07/05/2026 15:50,49.97,16130.0,3579.0,7891.0,2932.0,934.0,479.0,143.0,VARAHI,460.0,111.0
2026-05-07T15:55:07,07/05/2026 15:50,49.97,16130.0,3579.0,7891.0,2932.0,934.0,479.0,143.0,KODSALLI,120.0,0.0
2026-05-07T15:55:07,07/05/2026 15:50,49.97,16130.0,3579.0,7891.0,2932.0,934.0,479.0,143.0,KADRA,150.0,0.0
2026-05-07T15:55:07,07/05/2026 15:50,49.97,16130.0,3579.0,7891.0,2932.0,934.0,479.0,143.0,GERUSOPPA,240.0,0.0
2026-05-07T15:55:07,07/05/2026 15:50,49.97,16130.0,3579.0,7891.0,2932.0,934.0,479.0,143.0,JOG,139.2,55.0
2026-05-07T15:55:07,07/05/2026 15:50,49.97,16130.0,3579.0,7891.0,2932.0,934.0,479.0,143.0,LPH,55.0,12.0
2026-05-07T15:55:07,07/05/2026 15:50,49.97,16130.0,3579.0,7891.0,2932.0,934.0,479.0,143.0,SUPA,100.0,74.0
2026-05-07T15:55:07,07/05/2026 15:50,49.97,16130.0,3579.0,7891.0,2932.0,934.0,479.0,143.0,SHIMSHA,17.2,0.0
2026-05-07T15:55:07,07/05/2026 15:50,49.97,16130.0,3579.0,7891.0,2932.0,934.0,479.0,143.0,SHIVASAMUDRA,42.0,0.0
2026-05-07T15:55:07,07/05/2026 15:50,49.97,16130.0,3579.0,7891.0,2932.0,934.0,479.0,143.0,MANIDAM,9.0,2.0
2026-05-07T15:55:07,07/05/2026 15:50,49.97,16130.0,3579.0,7891.0,2932.0,934.0,479.0,143.0,MUNRABAD,38.0,0.0
2026-05-07T15:55:07,07/05/2026 15:50,49.97,16130.0,3579.0,7891.0,2932.0,934.0,479.0,143.0,BHADRA,39.2,0.0
2026-05-07T15:55:07,07/05/2026 15:50,49.97,16130.0,3579.0,7891.0,2932.0,934.0,479.0,143.0,GHATAPRABHA,32.0,0.0
2026-05-07T15:55:07,07/05/2026 15:50,49.97,16130.0,3579.0,7891.0,2932.0,934.0,479.0,143.0,ALMATTI,290.0,0.0
2026-05-07T15:55:07,07/05/2026 15:50,49.97,16130.0,3579.0,7891.0,2932.0,934.0,479.0,143.0,JINDAL,1460.0,195.0
2026-05-07T15:55:07,07/05/2026 15:50,49.97,16130.0,3579.0,7891.0,2932.0,934.0,479.0,143.0,UPCL,1200.0,479.0
2026-05-07T15:55:07,07/05/2026 15:50,49.97,16130.0,3579.0,7891.0,2932.0,934.0,479.0,143.0,YCCP,370.0,0.0
2026-05-07T15:56:00,07/05/2026 15:50,49.97,16130.0,3579.0,7891.0,2932.0,934.0,479.0,143.0,RTPS,1720.0,861.0
2026-05-07T15:56:00,07/05/2026 15:50,49.97,16130.0,3579.0,7891.0,2932.0,934.0,479.0,143.0,BTPS,1700.0,1494.0
2026-05-07T15:56:00,07/05/2026 15:50,49.97,16130.0,3579.0,7891.0,2932.0,934.0,479.0,143.0,YTPS,1600.0,577.0
2026-05-07T15:56:00,07/05/2026 15:50,49.97,16130.0,3579.0,7891.0,2932.0,934.0,479.0,143.0,SHARAVATHI,1035.0,384.0
2026-05-07T15:56:00,07/05/2026 15:50,49.97,16130.0,3579.0,7891.0,2932.0,934.0,479.0,143.0,NAGJHARI,900.0,439.0
2026-05-07T15:56:00,07/05/2026 15:50,49.97,16130.0,3579.0,7891.0,2932.0,934.0,479.0,143.0,VARAHI,460.0,111.0
2026-05-07T15:56:00,07/05/2026 15:50,49.97,16130.0,3579.0,7891.0,2932.0,934.0,479.0,143.0,KODSALLI,120.0,0.0
2026-05-07T15:56:00,07/05/2026 15:50,49.97,16130.0,3579.0,7891.0,2932.0,934.0,479.0,143.0,KADRA,150.0,0.0
2026-05-07T15:56:00,07/05/2026 15:50,49.97,16130.0,3579.0,7891.0,2932.0,934.0,479.0,143.0,GERUSOPPA,240.0,0.0
2026-05-07T15:56:00,07/05/2026 15:50,49.97,16130.0,3579.0,7891.0,2932.0,934.0,479.0,143.0,JOG,139.2,55.0
2026-05-07T15:56:00,07/05/2026 15:50,49.97,16130.0,3579.0,7891.0,2932.0,934.0,479.0,143.0,LPH,55.0,12.0
2026-05-07T15:56:00,07/05/2026 15:50,49.97,16130.0,3579.0,7891.0,2932.0,934.0,479.0,143.0,SUPA,100.0,74.0
2026-05-07T15:56:00,07/05/2026 15:50,49.97,16130.0,3579.0,7891.0,2932.0,934.0,479.0,143.0,SHIMSHA,17.2,0.0
2026-05-07T15:56:00,07/05/2026 15:50,49.97,16130.0,3579.0,7891.0,2932.0,934.0,479.0,143.0,SHIVASAMUDRA,42.0,0.0
2026-05-07T15:56:00,07/05/2026 15:50,49.97,16130.0,3579.0,7891.0,2932.0,934.0,479.0,143.0,MANIDAM,9.0,2.0
2026-05-07T15:56:00,07/05/2026 15:50,49.97,16130.0,3579.0,7891.0,2932.0,934.0,479.0,143.0,MUNRABAD,38.0,0.0
2026-05-07T15:56:00,07/05/2026 15:50,49.97,16130.0,3579.0,7891.0,2932.0,934.0,479.0,143.0,BHADRA,39.2,0.0
2026-05-07T15:56:00,07/05/2026 15:50,49.97,16130.0,3579.0,7891.0,2932.0,934.0,479.0,143.0,GHATAPRABHA,32.0,0.0
2026-05-07T15:56:00,07/05/2026 15:50,49.97,16130.0,3579.0,7891.0,2932.0,934.0,479.0,143.0,ALMATTI,290.0,0.0
2026-05-07T15:56:00,07/05/2026 15:50,49.97,16130.0,3579.0,7891.0,2932.0,934.0,479.0,143.0,JINDAL,1460.0,195.0
2026-05-07T15:56:00,07/05/2026 15:50,49.97,16130.0,3579.0,7891.0,2932.0,934.0,479.0,143.0,UPCL,1200.0,479.0
2026-05-07T15:56:00,07/05/2026 15:50,49.97,16130.0,3579.0,7891.0,2932.0,934.0,479.0,143.0,YCCP,370.0,0.0
2026-05-07T15:56:58,07/05/2026 15:50,49.97,16130.0,3579.0,7891.0,2932.0,934.0,479.0,143.0,RTPS,1720.0,861.0
2026-05-07T15:56:58,07/05/2026 15:50,49.97,16130.0,3579.0,7891.0,2932.0,934.0,479.0,143.0,BTPS,1700.0,1494.0
2026-05-07T15:56:58,07/05/2026 15:50,49.97,16130.0,3579.0,7891.0,2932.0,934.0,479.0,143.0,YTPS,1600.0,577.0
2026-05-07T15:56:58,07/05/2026 15:50,49.97,16130.0,3579.0,7891.0,2932.0,934.0,479.0,143.0,SHARAVATHI,1035.0,384.0
2026-05-07T15:56:58,07/05/2026 15:50,49.97,16130.0,3579.0,7891.0,2932.0,934.0,479.0,143.0,NAGJHARI,900.0,439.0
2026-05-07T15:56:58,07/05/2026 15:50,49.97,16130.0,3579.0,7891.0,2932.0,934.0,479.0,143.0,VARAHI,460.0,111.0
2026-05-07T15:56:58,07/05/2026 15:50,49.97,16130.0,3579.0,7891.0,2932.0,934.0,479.0,143.0,KODSALLI,120.0,0.0
2026-05-07T15:56:58,07/05/2026 15:50,49.97,16130.0,3579.0,7891.0,2932.0,934.0,479.0,143.0,KADRA,150.0,0.0
2026-05-07T15:56:58,07/05/2026 15:50,49.97,16130.0,3579.0,7891.0,2932.0,934.0,479.0,143.0,GERUSOPPA,240.0,0.0
2026-05-07T15:56:58,07/05/2026 15:50,49.97,16130.0,3579.0,7891.0,2932.0,934.0,479.0,143.0,JOG,139.2,55.0
2026-05-07T15:56:58,07/05/2026 15:50,49.97,16130.0,3579.0,7891.0,2932.0,934.0,479.0,143.0,LPH,55.0,12.0
2026-05-07T15:56:58,07/05/2026 15:50,49.97,16130.0,3579.0,7891.0,2932.0,934.0,479.0,143.0,SUPA,100.0,74.0
2026-05-07T15:56:58,07/05/2026 15:50,49.97,16130.0,3579.0,7891.0,2932.0,934.0,479.0,143.0,SHIMSHA,17.2,0.0
2026-05-07T15:56:58,07/05/2026 15:50,49.97,16130.0,3579.0,7891.0,2932.0,934.0,479.0,143.0,SHIVASAMUDRA,42.0,0.0
2026-05-07T15:56:58,07/05/2026 15:50,49.97,16130.0,3579.0,7891.0,2932.0,934.0,479.0,143.0,MANIDAM,9.0,2.0
2026-05-07T15:56:58,07/05/2026 15:50,49.97,16130.0,3579.0,7891.0,2932.0,934.0,479.0,143.0,MUNRABAD,38.0,0.0
2026-05-07T15:56:58,07/05/2026 15:50,49.97,16130.0,3579.0,7891.0,2932.0,934.0,479.0,143.0,BHADRA,39.2,0.0
2026-05-07T15:56:58,07/05/2026 15:50,49.97,16130.0,3579.0,7891.0,2932.0,934.0,479.0,143.0,GHATAPRABHA,32.0,0.0
2026-05-07T15:56:58,07/05/2026 15:50,49.97,16130.0,3579.0,7891.0,2932.0,934.0,479.0,143.0,ALMATTI,290.0,0.0
2026-05-07T15:56:58,07/05/2026 15:50,49.97,16130.0,3579.0,7891.0,2932.0,934.0,479.0,143.0,JINDAL,1460.0,195.0
2026-05-07T15:56:58,07/05/2026 15:50,49.97,16130.0,3579.0,7891.0,2932.0,934.0,479.0,143.0,UPCL,1200.0,479.0
2026-05-07T15:56:58,07/05/2026 15:50,49.97,16130.0,3579.0,7891.0,2932.0,934.0,479.0,143.0,YCCP,370.0,0.0
2026-05-07T15:58:04,07/05/2026 15:55,49.99,16121.0,3516.0,7928.0,2923.0,934.0,475.0,144.0,RTPS,1720.0,861.0
2026-05-07T15:58:04,07/05/2026 15:55,49.99,16121.0,3516.0,7928.0,2923.0,934.0,475.0,144.0,BTPS,1700.0,1484.0
2026-05-07T15:58:04,07/05/2026 15:55,49.99,16121.0,3516.0,7928.0,2923.0,934.0,475.0,144.0,YTPS,1600.0,578.0
2026-05-07T15:58:04,07/05/2026 15:55,49.99,16121.0,3516.0,7928.0,2923.0,934.0,475.0,144.0,SHARAVATHI,1035.0,383.0
2026-05-07T15:58:04,07/05/2026 15:55,49.99,16121.0,3516.0,7928.0,2923.0,934.0,475.0,144.0,NAGJHARI,900.0,440.0
2026-05-07T15:58:04,07/05/2026 15:55,49.99,16121.0,3516.0,7928.0,2923.0,934.0,475.0,144.0,VARAHI,460.0,111.0
2026-05-07T15:58:04,07/05/2026 15:55,49.99,16121.0,3516.0,7928.0,2923.0,934.0,475.0,144.0,KODSALLI,120.0,0.0
2026-05-07T15:58:04,07/05/2026 15:55,49.99,16121.0,3516.0,7928.0,2923.0,934.0,475.0,144.0,KADRA,150.0,0.0
2026-05-07T15:58:04,07/05/2026 15:55,49.99,16121.0,3516.0,7928.0,2923.0,934.0,475.0,144.0,GERUSOPPA,240.0,0.0
2026-05-07T15:58:04,07/05/2026 15:55,49.99,16121.0,3516.0,7928.0,2923.0,934.0,475.0,144.0,JOG,139.2,55.0
2026-05-07T15:58:04,07/05/2026 15:55,49.99,16121.0,3516.0,7928.0,2923.0,934.0,475.0,144.0,LPH,55.0,13.0
2026-05-07T15:58:04,07/05/2026 15:55,49.99,16121.0,3516.0,7928.0,2923.0,934.0,475.0,144.0,SUPA,100.0,74.0
2026-05-07T15:58:04,07/05/2026 15:55,49.99,16121.0,3516.0,7928.0,2923.0,934.0,475.0,144.0,SHIMSHA,17.2,0.0
2026-05-07T15:58:04,07/05/2026 15:55,49.99,16121.0,3516.0,7928.0,2923.0,934.0,475.0,144.0,SHIVASAMUDRA,42.0,0.0
2026-05-07T15:58:04,07/05/2026 15:55,49.99,16121.0,3516.0,7928.0,2923.0,934.0,475.0,144.0,MANIDAM,9.0,2.0
2026-05-07T15:58:04,07/05/2026 15:55,49.99,16121.0,3516.0,7928.0,2923.0,934.0,475.0,144.0,MUNRABAD,38.0,0.0
2026-05-07T15:58:04,07/05/2026 15:55,49.99,16121.0,3516.0,7928.0,2923.0,934.0,475.0,144.0,BHADRA,39.2,0.0
2026-05-07T15:58:04,07/05/2026 15:55,49.99,16121.0,3516.0,7928.0,2923.0,934.0,475.0,144.0,GHATAPRABHA,32.0,0.0
2026-05-07T15:58:04,07/05/2026 15:55,49.99,16121.0,3516.0,7928.0,2923.0,934.0,475.0,144.0,ALMATTI,290.0,0.0
2026-05-07T15:58:04,07/05/2026 15:55,49.99,16121.0,3516.0,7928.0,2923.0,934.0,475.0,144.0,JINDAL,1460.0,175.0
2026-05-07T15:58:04,07/05/2026 15:55,49.99,16121.0,3516.0,7928.0,2923.0,934.0,475.0,144.0,UPCL,1200.0,475.0
2026-05-07T15:58:04,07/05/2026 15:55,49.99,16121.0,3516.0,7928.0,2923.0,934.0,475.0,144.0,YCCP,370.0,0.0
2026-05-07T16:02:31,07/05/2026 15:55,49.99,16121.0,3516.0,7928.0,2923.0,934.0,475.0,144.0,RTPS,1720.0,861.0
2026-05-07T16:02:31,07/05/2026 15:55,49.99,16121.0,3516.0,7928.0,2923.0,934.0,475.0,144.0,BTPS,1700.0,1484.0
2026-05-07T16:02:31,07/05/2026 15:55,49.99,16121.0,3516.0,7928.0,2923.0,934.0,475.0,144.0,YTPS,1600.0,578.0
2026-05-07T16:02:31,07/05/2026 15:55,49.99,16121.0,3516.0,7928.0,2923.0,934.0,475.0,144.0,SHARAVATHI,1035.0,383.0
2026-05-07T16:02:31,07/05/2026 15:55,49.99,16121.0,3516.0,7928.0,2923.0,934.0,475.0,144.0,NAGJHARI,900.0,440.0
2026-05-07T16:02:31,07/05/2026 15:55,49.99,16121.0,3516.0,7928.0,2923.0,934.0,475.0,144.0,VARAHI,460.0,111.0
2026-05-07T16:02:31,07/05/2026 15:55,49.99,16121.0,3516.0,7928.0,2923.0,934.0,475.0,144.0,KODSALLI,120.0,0.0
2026-05-07T16:02:31,07/05/2026 15:55,49.99,16121.0,3516.0,7928.0,2923.0,934.0,475.0,144.0,KADRA,150.0,0.0
2026-05-07T16:02:31,07/05/2026 15:55,49.99,16121.0,3516.0,7928.0,2923.0,934.0,475.0,144.0,GERUSOPPA,240.0,0.0
2026-05-07T16:02:31,07/05/2026 15:55,49.99,16121.0,3516.0,7928.0,2923.0,934.0,475.0,144.0,JOG,139.2,55.0
2026-05-07T16:02:31,07/05/2026 15:55,49.99,16121.0,3516.0,7928.0,2923.0,934.0,475.0,144.0,LPH,55.0,13.0
2026-05-07T16:02:31,07/05/2026 15:55,49.99,16121.0,3516.0,7928.0,2923.0,934.0,475.0,144.0,SUPA,100.0,74.0
2026-05-07T16:02:31,07/05/2026 15:55,49.99,16121.0,3516.0,7928.0,2923.0,934.0,475.0,144.0,SHIMSHA,17.2,0.0
2026-05-07T16:02:31,07/05/2026 15:55,49.99,16121.0,3516.0,7928.0,2923.0,934.0,475.0,144.0,SHIVASAMUDRA,42.0,0.0
2026-05-07T16:02:31,07/05/2026 15:55,49.99,16121.0,3516.0,7928.0,2923.0,934.0,475.0,144.0,MANIDAM,9.0,2.0
2026-05-07T16:02:31,07/05/2026 15:55,49.99,16121.0,3516.0,7928.0,2923.0,934.0,475.0,144.0,MUNRABAD,38.0,0.0
2026-05-07T16:02:31,07/05/2026 15:55,49.99,16121.0,3516.0,7928.0,2923.0,934.0,475.0,144.0,BHADRA,39.2,0.0
2026-05-07T16:02:31,07/05/2026 15:55,49.99,16121.0,3516.0,7928.0,2923.0,934.0,475.0,144.0,GHATAPRABHA,32.0,0.0
2026-05-07T16:02:31,07/05/2026 15:55,49.99,16121.0,3516.0,7928.0,2923.0,934.0,475.0,144.0,ALMATTI,290.0,0.0
2026-05-07T16:02:31,07/05/2026 15:55,49.99,16121.0,3516.0,7928.0,2923.0,934.0,475.0,144.0,JINDAL,1460.0,175.0
2026-05-07T16:02:31,07/05/2026 15:55,49.99,16121.0,3516.0,7928.0,2923.0,934.0,475.0,144.0,UPCL,1200.0,475.0
2026-05-07T16:02:31,07/05/2026 15:55,49.99,16121.0,3516.0,7928.0,2923.0,934.0,475.0,144.0,YCCP,370.0,0.0
2026-05-07T16:03:59,07/05/2026 15:55,49.99,16121.0,3516.0,7928.0,2923.0,934.0,475.0,144.0,RTPS,1720.0,861.0
2026-05-07T16:03:59,07/05/2026 15:55,49.99,16121.0,3516.0,7928.0,2923.0,934.0,475.0,144.0,BTPS,1700.0,1484.0
2026-05-07T16:03:59,07/05/2026 15:55,49.99,16121.0,3516.0,7928.0,2923.0,934.0,475.0,144.0,YTPS,1600.0,578.0
2026-05-07T16:03:59,07/05/2026 15:55,49.99,16121.0,3516.0,7928.0,2923.0,934.0,475.0,144.0,SHARAVATHI,1035.0,383.0
2026-05-07T16:03:59,07/05/2026 15:55,49.99,16121.0,3516.0,7928.0,2923.0,934.0,475.0,144.0,NAGJHARI,900.0,440.0
2026-05-07T16:03:59,07/05/2026 15:55,49.99,16121.0,3516.0,7928.0,2923.0,934.0,475.0,144.0,VARAHI,460.0,111.0
2026-05-07T16:03:59,07/05/2026 15:55,49.99,16121.0,3516.0,7928.0,2923.0,934.0,475.0,144.0,KODSALLI,120.0,0.0
2026-05-07T16:03:59,07/05/2026 15:55,49.99,16121.0,3516.0,7928.0,2923.0,934.0,475.0,144.0,KADRA,150.0,0.0
2026-05-07T16:03:59,07/05/2026 15:55,49.99,16121.0,3516.0,7928.0,2923.0,934.0,475.0,144.0,GERUSOPPA,240.0,0.0
2026-05-07T16:03:59,07/05/2026 15:55,49.99,16121.0,3516.0,7928.0,2923.0,934.0,475.0,144.0,JOG,139.2,55.0
2026-05-07T16:03:59,07/05/2026 15:55,49.99,16121.0,3516.0,7928.0,2923.0,934.0,475.0,144.0,LPH,55.0,13.0
2026-05-07T16:03:59,07/05/2026 15:55,49.99,16121.0,3516.0,7928.0,2923.0,934.0,475.0,144.0,SUPA,100.0,74.0
2026-05-07T16:03:59,07/05/2026 15:55,49.99,16121.0,3516.0,7928.0,2923.0,934.0,475.0,144.0,SHIMSHA,17.2,0.0
2026-05-07T16:03:59,07/05/2026 15:55,49.99,16121.0,3516.0,7928.0,2923.0,934.0,475.0,144.0,SHIVASAMUDRA,42.0,0.0
2026-05-07T16:03:59,07/05/2026 15:55,49.99,16121.0,3516.0,7928.0,2923.0,934.0,475.0,144.0,MANIDAM,9.0,2.0
2026-05-07T16:03:59,07/05/2026 15:55,49.99,16121.0,3516.0,7928.0,2923.0,934.0,475.0,144.0,MUNRABAD,38.0,0.0
2026-05-07T16:03:59,07/05/2026 15:55,49.99,16121.0,3516.0,7928.0,2923.0,934.0,475.0,144.0,BHADRA,39.2,0.0
2026-05-07T16:03:59,07/05/2026 15:55,49.99,16121.0,3516.0,7928.0,2923.0,934.0,475.0,144.0,GHATAPRABHA,32.0,0.0
2026-05-07T16:03:59,07/05/2026 15:55,49.99,16121.0,3516.0,7928.0,2923.0,934.0,475.0,144.0,ALMATTI,290.0,0.0
2026-05-07T16:03:59,07/05/2026 15:55,49.99,16121.0,3516.0,7928.0,2923.0,934.0,475.0,144.0,JINDAL,1460.0,175.0
2026-05-07T16:03:59,07/05/2026 15:55,49.99,16121.0,3516.0,7928.0,2923.0,934.0,475.0,144.0,UPCL,1200.0,475.0
2026-05-07T16:03:59,07/05/2026 15:55,49.99,16121.0,3516.0,7928.0,2923.0,934.0,475.0,144.0,YCCP,370.0,0.0
2026-05-07T16:04:58,07/05/2026 15:55,49.99,16121.0,3516.0,7928.0,2923.0,934.0,475.0,144.0,RTPS,1720.0,861.0
2026-05-07T16:04:58,07/05/2026 15:55,49.99,16121.0,3516.0,7928.0,2923.0,934.0,475.0,144.0,BTPS,1700.0,1484.0
2026-05-07T16:04:58,07/05/2026 15:55,49.99,16121.0,3516.0,7928.0,2923.0,934.0,475.0,144.0,YTPS,1600.0,578.0
2026-05-07T16:04:58,07/05/2026 15:55,49.99,16121.0,3516.0,7928.0,2923.0,934.0,475.0,144.0,SHARAVATHI,1035.0,383.0
2026-05-07T16:04:58,07/05/2026 15:55,49.99,16121.0,3516.0,7928.0,2923.0,934.0,475.0,144.0,NAGJHARI,900.0,440.0
2026-05-07T16:04:58,07/05/2026 15:55,49.99,16121.0,3516.0,7928.0,2923.0,934.0,475.0,144.0,VARAHI,460.0,111.0
2026-05-07T16:04:58,07/05/2026 15:55,49.99,16121.0,3516.0,7928.0,2923.0,934.0,475.0,144.0,KODSALLI,120.0,0.0
2026-05-07T16:04:58,07/05/2026 15:55,49.99,16121.0,3516.0,7928.0,2923.0,934.0,475.0,144.0,KADRA,150.0,0.0
2026-05-07T16:04:58,07/05/2026 15:55,49.99,16121.0,3516.0,7928.0,2923.0,934.0,475.0,144.0,GERUSOPPA,240.0,0.0
2026-05-07T16:04:58,07/05/2026 15:55,49.99,16121.0,3516.0,7928.0,2923.0,934.0,475.0,144.0,JOG,139.2,55.0
2026-05-07T16:04:58,07/05/2026 15:55,49.99,16121.0,3516.0,7928.0,2923.0,934.0,475.0,144.0,LPH,55.0,13.0
2026-05-07T16:04:58,07/05/2026 15:55,49.99,16121.0,3516.0,7928.0,2923.0,934.0,475.0,144.0,SUPA,100.0,74.0
2026-05-07T16:04:58,07/05/2026 15:55,49.99,16121.0,3516.0,7928.0,2923.0,934.0,475.0,144.0,SHIMSHA,17.2,0.0
2026-05-07T16:04:58,07/05/2026 15:55,49.99,16121.0,3516.0,7928.0,2923.0,934.0,475.0,144.0,SHIVASAMUDRA,42.0,0.0
2026-05-07T16:04:58,07/05/2026 15:55,49.99,16121.0,3516.0,7928.0,2923.0,934.0,475.0,144.0,MANIDAM,9.0,2.0
2026-05-07T16:04:58,07/05/2026 15:55,49.99,16121.0,3516.0,7928.0,2923.0,934.0,475.0,144.0,MUNRABAD,38.0,0.0
2026-05-07T16:04:58,07/05/2026 15:55,49.99,16121.0,3516.0,7928.0,2923.0,934.0,475.0,144.0,BHADRA,39.2,0.0
2026-05-07T16:04:58,07/05/2026 15:55,49.99,16121.0,3516.0,7928.0,2923.0,934.0,475.0,144.0,GHATAPRABHA,32.0,0.0
2026-05-07T16:04:58,07/05/2026 15:55,49.99,16121.0,3516.0,7928.0,2923.0,934.0,475.0,144.0,ALMATTI,290.0,0.0
2026-05-07T16:04:58,07/05/2026 15:55,49.99,16121.0,3516.0,7928.0,2923.0,934.0,475.0,144.0,JINDAL,1460.0,175.0
2026-05-07T16:04:58,07/05/2026 15:55,49.99,16121.0,3516.0,7928.0,2923.0,934.0,475.0,144.0,UPCL,1200.0,475.0
2026-05-07T16:04:58,07/05/2026 15:55,49.99,16121.0,3516.0,7928.0,2923.0,934.0,475.0,144.0,YCCP,370.0,0.0
2026-05-07T16:06:01,07/05/2026 15:55,49.99,16121.0,3516.0,7928.0,2923.0,934.0,475.0,144.0,RTPS,1720.0,861.0
2026-05-07T16:06:01,07/05/2026 15:55,49.99,16121.0,3516.0,7928.0,2923.0,934.0,475.0,144.0,BTPS,1700.0,1484.0
2026-05-07T16:06:01,07/05/2026 15:55,49.99,16121.0,3516.0,7928.0,2923.0,934.0,475.0,144.0,YTPS,1600.0,578.0
2026-05-07T16:06:01,07/05/2026 15:55,49.99,16121.0,3516.0,7928.0,2923.0,934.0,475.0,144.0,SHARAVATHI,1035.0,383.0
2026-05-07T16:06:01,07/05/2026 15:55,49.99,16121.0,3516.0,7928.0,2923.0,934.0,475.0,144.0,NAGJHARI,900.0,440.0
2026-05-07T16:06:01,07/05/2026 15:55,49.99,16121.0,3516.0,7928.0,2923.0,934.0,475.0,144.0,VARAHI,460.0,111.0
2026-05-07T16:06:01,07/05/2026 15:55,49.99,16121.0,3516.0,7928.0,2923.0,934.0,475.0,144.0,KODSALLI,120.0,0.0
2026-05-07T16:06:01,07/05/2026 15:55,49.99,16121.0,3516.0,7928.0,2923.0,934.0,475.0,144.0,KADRA,150.0,0.0
2026-05-07T16:06:01,07/05/2026 15:55,49.99,16121.0,3516.0,7928.0,2923.0,934.0,475.0,144.0,GERUSOPPA,240.0,0.0
2026-05-07T16:06:01,07/05/2026 15:55,49.99,16121.0,3516.0,7928.0,2923.0,934.0,475.0,144.0,JOG,139.2,55.0
2026-05-07T16:06:01,07/05/2026 15:55,49.99,16121.0,3516.0,7928.0,2923.0,934.0,475.0,144.0,LPH,55.0,13.0
2026-05-07T16:06:01,07/05/2026 15:55,49.99,16121.0,3516.0,7928.0,2923.0,934.0,475.0,144.0,SUPA,100.0,74.0
2026-05-07T16:06:01,07/05/2026 15:55,49.99,16121.0,3516.0,7928.0,2923.0,934.0,475.0,144.0,SHIMSHA,17.2,0.0
2026-05-07T16:06:01,07/05/2026 15:55,49.99,16121.0,3516.0,7928.0,2923.0,934.0,475.0,144.0,SHIVASAMUDRA,42.0,0.0
2026-05-07T16:06:01,07/05/2026 15:55,49.99,16121.0,3516.0,7928.0,2923.0,934.0,475.0,144.0,MANIDAM,9.0,2.0
2026-05-07T16:06:01,07/05/2026 15:55,49.99,16121.0,3516.0,7928.0,2923.0,934.0,475.0,144.0,MUNRABAD,38.0,0.0
2026-05-07T16:06:01,07/05/2026 15:55,49.99,16121.0,3516.0,7928.0,2923.0,934.0,475.0,144.0,BHADRA,39.2,0.0
2026-05-07T16:06:01,07/05/2026 15:55,49.99,16121.0,3516.0,7928.0,2923.0,934.0,475.0,144.0,GHATAPRABHA,32.0,0.0
2026-05-07T16:06:01,07/05/2026 15:55,49.99,16121.0,3516.0,7928.0,2923.0,934.0,475.0,144.0,ALMATTI,290.0,0.0
2026-05-07T16:06:01,07/05/2026 15:55,49.99,16121.0,3516.0,7928.0,2923.0,934.0,475.0,144.0,JINDAL,1460.0,175.0
2026-05-07T16:06:01,07/05/2026 15:55,49.99,16121.0,3516.0,7928.0,2923.0,934.0,475.0,144.0,UPCL,1200.0,475.0
2026-05-07T16:06:01,07/05/2026 15:55,49.99,16121.0,3516.0,7928.0,2923.0,934.0,475.0,144.0,YCCP,370.0,0.0
2026-05-07T16:06:58,07/05/2026 15:55,49.99,16121.0,3516.0,7928.0,2923.0,934.0,475.0,144.0,RTPS,1720.0,861.0
2026-05-07T16:06:58,07/05/2026 15:55,49.99,16121.0,3516.0,7928.0,2923.0,934.0,475.0,144.0,BTPS,1700.0,1484.0
2026-05-07T16:06:58,07/05/2026 15:55,49.99,16121.0,3516.0,7928.0,2923.0,934.0,475.0,144.0,YTPS,1600.0,578.0
2026-05-07T16:06:58,07/05/2026 15:55,49.99,16121.0,3516.0,7928.0,2923.0,934.0,475.0,144.0,SHARAVATHI,1035.0,383.0
2026-05-07T16:06:58,07/05/2026 15:55,49.99,16121.0,3516.0,7928.0,2923.0,934.0,475.0,144.0,NAGJHARI,900.0,440.0
2026-05-07T16:06:58,07/05/2026 15:55,49.99,16121.0,3516.0,7928.0,2923.0,934.0,475.0,144.0,VARAHI,460.0,111.0
2026-05-07T16:06:58,07/05/2026 15:55,49.99,16121.0,3516.0,7928.0,2923.0,934.0,475.0,144.0,KODSALLI,120.0,0.0
2026-05-07T16:06:58,07/05/2026 15:55,49.99,16121.0,3516.0,7928.0,2923.0,934.0,475.0,144.0,KADRA,150.0,0.0
2026-05-07T16:06:58,07/05/2026 15:55,49.99,16121.0,3516.0,7928.0,2923.0,934.0,475.0,144.0,GERUSOPPA,240.0,0.0
2026-05-07T16:06:58,07/05/2026 15:55,49.99,16121.0,3516.0,7928.0,2923.0,934.0,475.0,144.0,JOG,139.2,55.0
2026-05-07T16:06:58,07/05/2026 15:55,49.99,16121.0,3516.0,7928.0,2923.0,934.0,475.0,144.0,LPH,55.0,13.0
2026-05-07T16:06:58,07/05/2026 15:55,49.99,16121.0,3516.0,7928.0,2923.0,934.0,475.0,144.0,SUPA,100.0,74.0
2026-05-07T16:06:58,07/05/2026 15:55,49.99,16121.0,3516.0,7928.0,2923.0,934.0,475.0,144.0,SHIMSHA,17.2,0.0
2026-05-07T16:06:58,07/05/2026 15:55,49.99,16121.0,3516.0,7928.0,2923.0,934.0,475.0,144.0,SHIVASAMUDRA,42.0,0.0
2026-05-07T16:06:58,07/05/2026 15:55,49.99,16121.0,3516.0,7928.0,2923.0,934.0,475.0,144.0,MANIDAM,9.0,2.0
2026-05-07T16:06:58,07/05/2026 15:55,49.99,16121.0,3516.0,7928.0,2923.0,934.0,475.0,144.0,MUNRABAD,38.0,0.0
2026-05-07T16:06:58,07/05/2026 15:55,49.99,16121.0,3516.0,7928.0,2923.0,934.0,475.0,144.0,BHADRA,39.2,0.0
2026-05-07T16:06:58,07/05/2026 15:55,49.99,16121.0,3516.0,7928.0,2923.0,934.0,475.0,144.0,GHATAPRABHA,32.0,0.0
2026-05-07T16:06:58,07/05/2026 15:55,49.99,16121.0,3516.0,7928.0,2923.0,934.0,475.0,144.0,ALMATTI,290.0,0.0
2026-05-07T16:06:58,07/05/2026 15:55,49.99,16121.0,3516.0,7928.0,2923.0,934.0,475.0,144.0,JINDAL,1460.0,175.0
2026-05-07T16:06:58,07/05/2026 15:55,49.99,16121.0,3516.0,7928.0,2923.0,934.0,475.0,144.0,UPCL,1200.0,475.0
2026-05-07T16:06:58,07/05/2026 15:55,49.99,16121.0,3516.0,7928.0,2923.0,934.0,475.0,144.0,YCCP,370.0,0.0
2026-05-07T16:08:00,07/05/2026 15:55,49.99,16121.0,3516.0,7928.0,2923.0,934.0,475.0,144.0,RTPS,1720.0,861.0
2026-05-07T16:08:00,07/05/2026 15:55,49.99,16121.0,3516.0,7928.0,2923.0,934.0,475.0,144.0,BTPS,1700.0,1484.0
2026-05-07T16:08:00,07/05/2026 15:55,49.99,16121.0,3516.0,7928.0,2923.0,934.0,475.0,144.0,YTPS,1600.0,578.0
2026-05-07T16:08:00,07/05/2026 15:55,49.99,16121.0,3516.0,7928.0,2923.0,934.0,475.0,144.0,SHARAVATHI,1035.0,383.0
2026-05-07T16:08:00,07/05/2026 15:55,49.99,16121.0,3516.0,7928.0,2923.0,934.0,475.0,144.0,NAGJHARI,900.0,440.0
2026-05-07T16:08:00,07/05/2026 15:55,49.99,16121.0,3516.0,7928.0,2923.0,934.0,475.0,144.0,VARAHI,460.0,111.0
2026-05-07T16:08:00,07/05/2026 15:55,49.99,16121.0,3516.0,7928.0,2923.0,934.0,475.0,144.0,KODSALLI,120.0,0.0
2026-05-07T16:08:00,07/05/2026 15:55,49.99,16121.0,3516.0,7928.0,2923.0,934.0,475.0,144.0,KADRA,150.0,0.0
2026-05-07T16:08:00,07/05/2026 15:55,49.99,16121.0,3516.0,7928.0,2923.0,934.0,475.0,144.0,GERUSOPPA,240.0,0.0
2026-05-07T16:08:00,07/05/2026 15:55,49.99,16121.0,3516.0,7928.0,2923.0,934.0,475.0,144.0,JOG,139.2,55.0
2026-05-07T16:08:00,07/05/2026 15:55,49.99,16121.0,3516.0,7928.0,2923.0,934.0,475.0,144.0,LPH,55.0,13.0
2026-05-07T16:08:00,07/05/2026 15:55,49.99,16121.0,3516.0,7928.0,2923.0,934.0,475.0,144.0,SUPA,100.0,74.0
2026-05-07T16:08:00,07/05/2026 15:55,49.99,16121.0,3516.0,7928.0,2923.0,934.0,475.0,144.0,SHIMSHA,17.2,0.0
2026-05-07T16:08:00,07/05/2026 15:55,49.99,16121.0,3516.0,7928.0,2923.0,934.0,475.0,144.0,SHIVASAMUDRA,42.0,0.0
2026-05-07T16:08:00,07/05/2026 15:55,49.99,16121.0,3516.0,7928.0,2923.0,934.0,475.0,144.0,MANIDAM,9.0,2.0
2026-05-07T16:08:00,07/05/2026 15:55,49.99,16121.0,3516.0,7928.0,2923.0,934.0,475.0,144.0,MUNRABAD,38.0,0.0
2026-05-07T16:08:00,07/05/2026 15:55,49.99,16121.0,3516.0,7928.0,2923.0,934.0,475.0,144.0,BHADRA,39.2,0.0
2026-05-07T16:08:00,07/05/2026 15:55,49.99,16121.0,3516.0,7928.0,2923.0,934.0,475.0,144.0,GHATAPRABHA,32.0,0.0
2026-05-07T16:08:00,07/05/2026 15:55,49.99,16121.0,3516.0,7928.0,2923.0,934.0,475.0,144.0,ALMATTI,290.0,0.0
2026-05-07T16:08:00,07/05/2026 15:55,49.99,16121.0,3516.0,7928.0,2923.0,934.0,475.0,144.0,JINDAL,1460.0,175.0
2026-05-07T16:08:00,07/05/2026 15:55,49.99,16121.0,3516.0,7928.0,2923.0,934.0,475.0,144.0,UPCL,1200.0,475.0
2026-05-07T16:08:00,07/05/2026 15:55,49.99,16121.0,3516.0,7928.0,2923.0,934.0,475.0,144.0,YCCP,370.0,0.0
2026-05-07T16:08:59,07/05/2026 15:55,49.99,16121.0,3516.0,7928.0,2923.0,934.0,475.0,144.0,RTPS,1720.0,861.0
2026-05-07T16:08:59,07/05/2026 15:55,49.99,16121.0,3516.0,7928.0,2923.0,934.0,475.0,144.0,BTPS,1700.0,1484.0
2026-05-07T16:08:59,07/05/2026 15:55,49.99,16121.0,3516.0,7928.0,2923.0,934.0,475.0,144.0,YTPS,1600.0,578.0
2026-05-07T16:08:59,07/05/2026 15:55,49.99,16121.0,3516.0,7928.0,2923.0,934.0,475.0,144.0,SHARAVATHI,1035.0,383.0
2026-05-07T16:08:59,07/05/2026 15:55,49.99,16121.0,3516.0,7928.0,2923.0,934.0,475.0,144.0,NAGJHARI,900.0,440.0
2026-05-07T16:08:59,07/05/2026 15:55,49.99,16121.0,3516.0,7928.0,2923.0,934.0,475.0,144.0,VARAHI,460.0,111.0
2026-05-07T16:08:59,07/05/2026 15:55,49.99,16121.0,3516.0,7928.0,2923.0,934.0,475.0,144.0,KODSALLI,120.0,0.0
2026-05-07T16:08:59,07/05/2026 15:55,49.99,16121.0,3516.0,7928.0,2923.0,934.0,475.0,144.0,KADRA,150.0,0.0
2026-05-07T16:08:59,07/05/2026 15:55,49.99,16121.0,3516.0,7928.0,2923.0,934.0,475.0,144.0,GERUSOPPA,240.0,0.0
2026-05-07T16:08:59,07/05/2026 15:55,49.99,16121.0,3516.0,7928.0,2923.0,934.0,475.0,144.0,JOG,139.2,55.0
2026-05-07T16:08:59,07/05/2026 15:55,49.99,16121.0,3516.0,7928.0,2923.0,934.0,475.0,144.0,LPH,55.0,13.0
2026-05-07T16:08:59,07/05/2026 15:55,49.99,16121.0,3516.0,7928.0,2923.0,934.0,475.0,144.0,SUPA,100.0,74.0
2026-05-07T16:08:59,07/05/2026 15:55,49.99,16121.0,3516.0,7928.0,2923.0,934.0,475.0,144.0,SHIMSHA,17.2,0.0
2026-05-07T16:08:59,07/05/2026 15:55,49.99,16121.0,3516.0,7928.0,2923.0,934.0,475.0,144.0,SHIVASAMUDRA,42.0,0.0
2026-05-07T16:08:59,07/05/2026 15:55,49.99,16121.0,3516.0,7928.0,2923.0,934.0,475.0,144.0,MANIDAM,9.0,2.0
2026-05-07T16:08:59,07/05/2026 15:55,49.99,16121.0,3516.0,7928.0,2923.0,934.0,475.0,144.0,MUNRABAD,38.0,0.0
2026-05-07T16:08:59,07/05/2026 15:55,49.99,16121.0,3516.0,7928.0,2923.0,934.0,475.0,144.0,BHADRA,39.2,0.0
2026-05-07T16:08:59,07/05/2026 15:55,49.99,16121.0,3516.0,7928.0,2923.0,934.0,475.0,144.0,GHATAPRABHA,32.0,0.0
2026-05-07T16:08:59,07/05/2026 15:55,49.99,16121.0,3516.0,7928.0,2923.0,934.0,475.0,144.0,ALMATTI,290.0,0.0
2026-05-07T16:08:59,07/05/2026 15:55,49.99,16121.0,3516.0,7928.0,2923.0,934.0,475.0,144.0,JINDAL,1460.0,175.0
2026-05-07T16:08:59,07/05/2026 15:55,49.99,16121.0,3516.0,7928.0,2923.0,934.0,475.0,144.0,UPCL,1200.0,475.0
2026-05-07T16:08:59,07/05/2026 15:55,49.99,16121.0,3516.0,7928.0,2923.0,934.0,475.0,144.0,YCCP,370.0,0.0
2026-05-07T16:09:58,07/05/2026 15:55,49.99,16121.0,3516.0,7928.0,2923.0,934.0,475.0,144.0,RTPS,1720.0,861.0
2026-05-07T16:09:58,07/05/2026 15:55,49.99,16121.0,3516.0,7928.0,2923.0,934.0,475.0,144.0,BTPS,1700.0,1484.0
2026-05-07T16:09:58,07/05/2026 15:55,49.99,16121.0,3516.0,7928.0,2923.0,934.0,475.0,144.0,YTPS,1600.0,578.0
2026-05-07T16:09:58,07/05/2026 15:55,49.99,16121.0,3516.0,7928.0,2923.0,934.0,475.0,144.0,SHARAVATHI,1035.0,383.0
2026-05-07T16:09:58,07/05/2026 15:55,49.99,16121.0,3516.0,7928.0,2923.0,934.0,475.0,144.0,NAGJHARI,900.0,440.0
2026-05-07T16:09:58,07/05/2026 15:55,49.99,16121.0,3516.0,7928.0,2923.0,934.0,475.0,144.0,VARAHI,460.0,111.0
2026-05-07T16:09:58,07/05/2026 15:55,49.99,16121.0,3516.0,7928.0,2923.0,934.0,475.0,144.0,KODSALLI,120.0,0.0
2026-05-07T16:09:58,07/05/2026 15:55,49.99,16121.0,3516.0,7928.0,2923.0,934.0,475.0,144.0,KADRA,150.0,0.0
2026-05-07T16:09:58,07/05/2026 15:55,49.99,16121.0,3516.0,7928.0,2923.0,934.0,475.0,144.0,GERUSOPPA,240.0,0.0
2026-05-07T16:09:58,07/05/2026 15:55,49.99,16121.0,3516.0,7928.0,2923.0,934.0,475.0,144.0,JOG,139.2,55.0
2026-05-07T16:09:58,07/05/2026 15:55,49.99,16121.0,3516.0,7928.0,2923.0,934.0,475.0,144.0,LPH,55.0,13.0
2026-05-07T16:09:58,07/05/2026 15:55,49.99,16121.0,3516.0,7928.0,2923.0,934.0,475.0,144.0,SUPA,100.0,74.0
2026-05-07T16:09:58,07/05/2026 15:55,49.99,16121.0,3516.0,7928.0,2923.0,934.0,475.0,144.0,SHIMSHA,17.2,0.0
2026-05-07T16:09:58,07/05/2026 15:55,49.99,16121.0,3516.0,7928.0,2923.0,934.0,475.0,144.0,SHIVASAMUDRA,42.0,0.0
2026-05-07T16:09:58,07/05/2026 15:55,49.99,16121.0,3516.0,7928.0,2923.0,934.0,475.0,144.0,MANIDAM,9.0,2.0
2026-05-07T16:09:58,07/05/2026 15:55,49.99,16121.0,3516.0,7928.0,2923.0,934.0,475.0,144.0,MUNRABAD,38.0,0.0
2026-05-07T16:09:58,07/05/2026 15:55,49.99,16121.0,3516.0,7928.0,2923.0,934.0,475.0,144.0,BHADRA,39.2,0.0
2026-05-07T16:09:58,07/05/2026 15:55,49.99,16121.0,3516.0,7928.0,2923.0,934.0,475.0,144.0,GHATAPRABHA,32.0,0.0
2026-05-07T16:09:58,07/05/2026 15:55,49.99,16121.0,3516.0,7928.0,2923.0,934.0,475.0,144.0,ALMATTI,290.0,0.0
2026-05-07T16:09:58,07/05/2026 15:55,49.99,16121.0,3516.0,7928.0,2923.0,934.0,475.0,144.0,JINDAL,1460.0,175.0
2026-05-07T16:09:58,07/05/2026 15:55,49.99,16121.0,3516.0,7928.0,2923.0,934.0,475.0,144.0,UPCL,1200.0,475.0
2026-05-07T16:09:58,07/05/2026 15:55,49.99,16121.0,3516.0,7928.0,2923.0,934.0,475.0,144.0,YCCP,370.0,0.0
2026-05-07T16:10:58,07/05/2026 15:55,49.99,16121.0,3516.0,7928.0,2923.0,934.0,475.0,144.0,RTPS,1720.0,861.0
2026-05-07T16:10:58,07/05/2026 15:55,49.99,16121.0,3516.0,7928.0,2923.0,934.0,475.0,144.0,BTPS,1700.0,1484.0
2026-05-07T16:10:58,07/05/2026 15:55,49.99,16121.0,3516.0,7928.0,2923.0,934.0,475.0,144.0,YTPS,1600.0,578.0
2026-05-07T16:10:58,07/05/2026 15:55,49.99,16121.0,3516.0,7928.0,2923.0,934.0,475.0,144.0,SHARAVATHI,1035.0,383.0
2026-05-07T16:10:58,07/05/2026 15:55,49.99,16121.0,3516.0,7928.0,2923.0,934.0,475.0,144.0,NAGJHARI,900.0,440.0
2026-05-07T16:10:58,07/05/2026 15:55,49.99,16121.0,3516.0,7928.0,2923.0,934.0,475.0,144.0,VARAHI,460.0,111.0
2026-05-07T16:10:58,07/05/2026 15:55,49.99,16121.0,3516.0,7928.0,2923.0,934.0,475.0,144.0,KODSALLI,120.0,0.0
2026-05-07T16:10:58,07/05/2026 15:55,49.99,16121.0,3516.0,7928.0,2923.0,934.0,475.0,144.0,KADRA,150.0,0.0
2026-05-07T16:10:58,07/05/2026 15:55,49.99,16121.0,3516.0,7928.0,2923.0,934.0,475.0,144.0,GERUSOPPA,240.0,0.0
2026-05-07T16:10:58,07/05/2026 15:55,49.99,16121.0,3516.0,7928.0,2923.0,934.0,475.0,144.0,JOG,139.2,55.0
2026-05-07T16:10:58,07/05/2026 15:55,49.99,16121.0,3516.0,7928.0,2923.0,934.0,475.0,144.0,LPH,55.0,13.0
2026-05-07T16:10:58,07/05/2026 15:55,49.99,16121.0,3516.0,7928.0,2923.0,934.0,475.0,144.0,SUPA,100.0,74.0
2026-05-07T16:10:58,07/05/2026 15:55,49.99,16121.0,3516.0,7928.0,2923.0,934.0,475.0,144.0,SHIMSHA,17.2,0.0
2026-05-07T16:10:58,07/05/2026 15:55,49.99,16121.0,3516.0,7928.0,2923.0,934.0,475.0,144.0,SHIVASAMUDRA,42.0,0.0
2026-05-07T16:10:58,07/05/2026 15:55,49.99,16121.0,3516.0,7928.0,2923.0,934.0,475.0,144.0,MANIDAM,9.0,2.0
2026-05-07T16:10:58,07/05/2026 15:55,49.99,16121.0,3516.0,7928.0,2923.0,934.0,475.0,144.0,MUNRABAD,38.0,0.0
2026-05-07T16:10:58,07/05/2026 15:55,49.99,16121.0,3516.0,7928.0,2923.0,934.0,475.0,144.0,BHADRA,39.2,0.0
2026-05-07T16:10:58,07/05/2026 15:55,49.99,16121.0,3516.0,7928.0,2923.0,934.0,475.0,144.0,GHATAPRABHA,32.0,0.0
2026-05-07T16:10:58,07/05/2026 15:55,49.99,16121.0,3516.0,7928.0,2923.0,934.0,475.0,144.0,ALMATTI,290.0,0.0
2026-05-07T16:10:58,07/05/2026 15:55,49.99,16121.0,3516.0,7928.0,2923.0,934.0,475.0,144.0,JINDAL,1460.0,175.0
2026-05-07T16:10:58,07/05/2026 15:55,49.99,16121.0,3516.0,7928.0,2923.0,934.0,475.0,144.0,UPCL,1200.0,475.0
2026-05-07T16:10:58,07/05/2026 15:55,49.99,16121.0,3516.0,7928.0,2923.0,934.0,475.0,144.0,YCCP,370.0,0.0
2026-05-07T16:11:58,07/05/2026 15:55,49.99,16121.0,3516.0,7928.0,2923.0,934.0,475.0,144.0,RTPS,1720.0,861.0
2026-05-07T16:11:58,07/05/2026 15:55,49.99,16121.0,3516.0,7928.0,2923.0,934.0,475.0,144.0,BTPS,1700.0,1484.0
2026-05-07T16:11:58,07/05/2026 15:55,49.99,16121.0,3516.0,7928.0,2923.0,934.0,475.0,144.0,YTPS,1600.0,578.0
2026-05-07T16:11:58,07/05/2026 15:55,49.99,16121.0,3516.0,7928.0,2923.0,934.0,475.0,144.0,SHARAVATHI,1035.0,383.0
2026-05-07T16:11:58,07/05/2026 15:55,49.99,16121.0,3516.0,7928.0,2923.0,934.0,475.0,144.0,NAGJHARI,900.0,440.0
2026-05-07T16:11:58,07/05/2026 15:55,49.99,16121.0,3516.0,7928.0,2923.0,934.0,475.0,144.0,VARAHI,460.0,111.0
2026-05-07T16:11:58,07/05/2026 15:55,49.99,16121.0,3516.0,7928.0,2923.0,934.0,475.0,144.0,KODSALLI,120.0,0.0
2026-05-07T16:11:58,07/05/2026 15:55,49.99,16121.0,3516.0,7928.0,2923.0,934.0,475.0,144.0,KADRA,150.0,0.0
2026-05-07T16:11:58,07/05/2026 15:55,49.99,16121.0,3516.0,7928.0,2923.0,934.0,475.0,144.0,GERUSOPPA,240.0,0.0
2026-05-07T16:11:58,07/05/2026 15:55,49.99,16121.0,3516.0,7928.0,2923.0,934.0,475.0,144.0,JOG,139.2,55.0
2026-05-07T16:11:58,07/05/2026 15:55,49.99,16121.0,3516.0,7928.0,2923.0,934.0,475.0,144.0,LPH,55.0,13.0
2026-05-07T16:11:58,07/05/2026 15:55,49.99,16121.0,3516.0,7928.0,2923.0,934.0,475.0,144.0,SUPA,100.0,74.0
2026-05-07T16:11:58,07/05/2026 15:55,49.99,16121.0,3516.0,7928.0,2923.0,934.0,475.0,144.0,SHIMSHA,17.2,0.0
2026-05-07T16:11:58,07/05/2026 15:55,49.99,16121.0,3516.0,7928.0,2923.0,934.0,475.0,144.0,SHIVASAMUDRA,42.0,0.0
2026-05-07T16:11:58,07/05/2026 15:55,49.99,16121.0,3516.0,7928.0,2923.0,934.0,475.0,144.0,MANIDAM,9.0,2.0
2026-05-07T16:11:58,07/05/2026 15:55,49.99,16121.0,3516.0,7928.0,2923.0,934.0,475.0,144.0,MUNRABAD,38.0,0.0
2026-05-07T16:11:58,07/05/2026 15:55,49.99,16121.0,3516.0,7928.0,2923.0,934.0,475.0,144.0,BHADRA,39.2,0.0
2026-05-07T16:11:58,07/05/2026 15:55,49.99,16121.0,3516.0,7928.0,2923.0,934.0,475.0,144.0,GHATAPRABHA,32.0,0.0
2026-05-07T16:11:58,07/05/2026 15:55,49.99,16121.0,3516.0,7928.0,2923.0,934.0,475.0,144.0,ALMATTI,290.0,0.0
2026-05-07T16:11:58,07/05/2026 15:55,49.99,16121.0,3516.0,7928.0,2923.0,934.0,475.0,144.0,JINDAL,1460.0,175.0
2026-05-07T16:11:58,07/05/2026 15:55,49.99,16121.0,3516.0,7928.0,2923.0,934.0,475.0,144.0,UPCL,1200.0,475.0
2026-05-07T16:11:58,07/05/2026 15:55,49.99,16121.0,3516.0,7928.0,2923.0,934.0,475.0,144.0,YCCP,370.0,0.0
2026-05-07T16:12:58,07/05/2026 15:55,49.99,16121.0,3516.0,7928.0,2923.0,934.0,475.0,144.0,RTPS,1720.0,861.0
2026-05-07T16:12:58,07/05/2026 15:55,49.99,16121.0,3516.0,7928.0,2923.0,934.0,475.0,144.0,BTPS,1700.0,1484.0
2026-05-07T16:12:58,07/05/2026 15:55,49.99,16121.0,3516.0,7928.0,2923.0,934.0,475.0,144.0,YTPS,1600.0,578.0
2026-05-07T16:12:58,07/05/2026 15:55,49.99,16121.0,3516.0,7928.0,2923.0,934.0,475.0,144.0,SHARAVATHI,1035.0,383.0
2026-05-07T16:12:58,07/05/2026 15:55,49.99,16121.0,3516.0,7928.0,2923.0,934.0,475.0,144.0,NAGJHARI,900.0,440.0
2026-05-07T16:12:58,07/05/2026 15:55,49.99,16121.0,3516.0,7928.0,2923.0,934.0,475.0,144.0,VARAHI,460.0,111.0
2026-05-07T16:12:58,07/05/2026 15:55,49.99,16121.0,3516.0,7928.0,2923.0,934.0,475.0,144.0,KODSALLI,120.0,0.0
2026-05-07T16:12:58,07/05/2026 15:55,49.99,16121.0,3516.0,7928.0,2923.0,934.0,475.0,144.0,KADRA,150.0,0.0
2026-05-07T16:12:58,07/05/2026 15:55,49.99,16121.0,3516.0,7928.0,2923.0,934.0,475.0,144.0,GERUSOPPA,240.0,0.0
2026-05-07T16:12:58,07/05/2026 15:55,49.99,16121.0,3516.0,7928.0,2923.0,934.0,475.0,144.0,JOG,139.2,55.0
2026-05-07T16:12:58,07/05/2026 15:55,49.99,16121.0,3516.0,7928.0,2923.0,934.0,475.0,144.0,LPH,55.0,13.0
2026-05-07T16:12:58,07/05/2026 15:55,49.99,16121.0,3516.0,7928.0,2923.0,934.0,475.0,144.0,SUPA,100.0,74.0
2026-05-07T16:12:58,07/05/2026 15:55,49.99,16121.0,3516.0,7928.0,2923.0,934.0,475.0,144.0,SHIMSHA,17.2,0.0
2026-05-07T16:12:58,07/05/2026 15:55,49.99,16121.0,3516.0,7928.0,2923.0,934.0,475.0,144.0,SHIVASAMUDRA,42.0,0.0
2026-05-07T16:12:58,07/05/2026 15:55,49.99,16121.0,3516.0,7928.0,2923.0,934.0,475.0,144.0,MANIDAM,9.0,2.0
2026-05-07T16:12:58,07/05/2026 15:55,49.99,16121.0,3516.0,7928.0,2923.0,934.0,475.0,144.0,MUNRABAD,38.0,0.0
2026-05-07T16:12:58,07/05/2026 15:55,49.99,16121.0,3516.0,7928.0,2923.0,934.0,475.0,144.0,BHADRA,39.2,0.0
2026-05-07T16:12:58,07/05/2026 15:55,49.99,16121.0,3516.0,7928.0,2923.0,934.0,475.0,144.0,GHATAPRABHA,32.0,0.0
2026-05-07T16:12:58,07/05/2026 15:55,49.99,16121.0,3516.0,7928.0,2923.0,934.0,475.0,144.0,ALMATTI,290.0,0.0
2026-05-07T16:12:58,07/05/2026 15:55,49.99,16121.0,3516.0,7928.0,2923.0,934.0,475.0,144.0,JINDAL,1460.0,175.0
2026-05-07T16:12:58,07/05/2026 15:55,49.99,16121.0,3516.0,7928.0,2923.0,934.0,475.0,144.0,UPCL,1200.0,475.0
2026-05-07T16:12:58,07/05/2026 15:55,49.99,16121.0,3516.0,7928.0,2923.0,934.0,475.0,144.0,YCCP,370.0,0.0
2026-05-07T16:13:21,07/05/2026 15:55,49.99,16121.0,3516.0,7928.0,2923.0,934.0,475.0,144.0,RTPS,1720.0,861.0
2026-05-07T16:13:21,07/05/2026 15:55,49.99,16121.0,3516.0,7928.0,2923.0,934.0,475.0,144.0,BTPS,1700.0,1484.0
2026-05-07T16:13:21,07/05/2026 15:55,49.99,16121.0,3516.0,7928.0,2923.0,934.0,475.0,144.0,YTPS,1600.0,578.0
2026-05-07T16:13:21,07/05/2026 15:55,49.99,16121.0,3516.0,7928.0,2923.0,934.0,475.0,144.0,SHARAVATHI,1035.0,383.0
2026-05-07T16:13:21,07/05/2026 15:55,49.99,16121.0,3516.0,7928.0,2923.0,934.0,475.0,144.0,NAGJHARI,900.0,440.0
2026-05-07T16:13:21,07/05/2026 15:55,49.99,16121.0,3516.0,7928.0,2923.0,934.0,475.0,144.0,VARAHI,460.0,111.0
2026-05-07T16:13:21,07/05/2026 15:55,49.99,16121.0,3516.0,7928.0,2923.0,934.0,475.0,144.0,KODSALLI,120.0,0.0
2026-05-07T16:13:21,07/05/2026 15:55,49.99,16121.0,3516.0,7928.0,2923.0,934.0,475.0,144.0,KADRA,150.0,0.0
2026-05-07T16:13:21,07/05/2026 15:55,49.99,16121.0,3516.0,7928.0,2923.0,934.0,475.0,144.0,GERUSOPPA,240.0,0.0
2026-05-07T16:13:21,07/05/2026 15:55,49.99,16121.0,3516.0,7928.0,2923.0,934.0,475.0,144.0,JOG,139.2,55.0
2026-05-07T16:13:21,07/05/2026 15:55,49.99,16121.0,3516.0,7928.0,2923.0,934.0,475.0,144.0,LPH,55.0,13.0
2026-05-07T16:13:21,07/05/2026 15:55,49.99,16121.0,3516.0,7928.0,2923.0,934.0,475.0,144.0,SUPA,100.0,74.0
2026-05-07T16:13:21,07/05/2026 15:55,49.99,16121.0,3516.0,7928.0,2923.0,934.0,475.0,144.0,SHIMSHA,17.2,0.0
2026-05-07T16:13:21,07/05/2026 15:55,49.99,16121.0,3516.0,7928.0,2923.0,934.0,475.0,144.0,SHIVASAMUDRA,42.0,0.0
2026-05-07T16:13:21,07/05/2026 15:55,49.99,16121.0,3516.0,7928.0,2923.0,934.0,475.0,144.0,MANIDAM,9.0,2.0
2026-05-07T16:13:21,07/05/2026 15:55,49.99,16121.0,3516.0,7928.0,2923.0,934.0,475.0,144.0,MUNRABAD,38.0,0.0
2026-05-07T16:13:21,07/05/2026 15:55,49.99,16121.0,3516.0,7928.0,2923.0,934.0,475.0,144.0,BHADRA,39.2,0.0
2026-05-07T16:13:21,07/05/2026 15:55,49.99,16121.0,3516.0,7928.0,2923.0,934.0,475.0,144.0,GHATAPRABHA,32.0,0.0
2026-05-07T16:13:21,07/05/2026 15:55,49.99,16121.0,3516.0,7928.0,2923.0,934.0,475.0,144.0,ALMATTI,290.0,0.0
2026-05-07T16:13:21,07/05/2026 15:55,49.99,16121.0,3516.0,7928.0,2923.0,934.0,475.0,144.0,JINDAL,1460.0,175.0
2026-05-07T16:13:21,07/05/2026 15:55,49.99,16121.0,3516.0,7928.0,2923.0,934.0,475.0,144.0,UPCL,1200.0,475.0
2026-05-07T16:13:21,07/05/2026 15:55,49.99,16121.0,3516.0,7928.0,2923.0,934.0,475.0,144.0,YCCP,370.0,0.0
2026-05-07T16:15:03,07/05/2026 16:10,49.96,15601.0,3473.0,7316.0,2922.0,1064.0,477.0,153.0,RTPS,1720.0,869.0
2026-05-07T16:15:03,07/05/2026 16:10,49.96,15601.0,3473.0,7316.0,2922.0,1064.0,477.0,153.0,BTPS,1700.0,1476.0
2026-05-07T16:15:03,07/05/2026 16:10,49.96,15601.0,3473.0,7316.0,2922.0,1064.0,477.0,153.0,YTPS,1600.0,577.0
2026-05-07T16:15:03,07/05/2026 16:10,49.96,15601.0,3473.0,7316.0,2922.0,1064.0,477.0,153.0,SHARAVATHI,1035.0,484.0
2026-05-07T16:15:03,07/05/2026 16:10,49.96,15601.0,3473.0,7316.0,2922.0,1064.0,477.0,153.0,NAGJHARI,900.0,439.0
2026-05-07T16:15:03,07/05/2026 16:10,49.96,15601.0,3473.0,7316.0,2922.0,1064.0,477.0,153.0,VARAHI,460.0,141.0
2026-05-07T16:15:03,07/05/2026 16:10,49.96,15601.0,3473.0,7316.0,2922.0,1064.0,477.0,153.0,KODSALLI,120.0,0.0
2026-05-07T16:15:03,07/05/2026 16:10,49.96,15601.0,3473.0,7316.0,2922.0,1064.0,477.0,153.0,KADRA,150.0,0.0
2026-05-07T16:15:03,07/05/2026 16:10,49.96,15601.0,3473.0,7316.0,2922.0,1064.0,477.0,153.0,GERUSOPPA,240.0,0.0
2026-05-07T16:15:03,07/05/2026 16:10,49.96,15601.0,3473.0,7316.0,2922.0,1064.0,477.0,153.0,JOG,139.2,65.0
2026-05-07T16:15:03,07/05/2026 16:10,49.96,15601.0,3473.0,7316.0,2922.0,1064.0,477.0,153.0,LPH,55.0,12.0
2026-05-07T16:15:03,07/05/2026 16:10,49.96,15601.0,3473.0,7316.0,2922.0,1064.0,477.0,153.0,SUPA,100.0,74.0
2026-05-07T16:15:03,07/05/2026 16:10,49.96,15601.0,3473.0,7316.0,2922.0,1064.0,477.0,153.0,SHIMSHA,17.2,0.0
2026-05-07T16:15:03,07/05/2026 16:10,49.96,15601.0,3473.0,7316.0,2922.0,1064.0,477.0,153.0,SHIVASAMUDRA,42.0,0.0
2026-05-07T16:15:03,07/05/2026 16:10,49.96,15601.0,3473.0,7316.0,2922.0,1064.0,477.0,153.0,MANIDAM,9.0,2.0
2026-05-07T16:15:03,07/05/2026 16:10,49.96,15601.0,3473.0,7316.0,2922.0,1064.0,477.0,153.0,MUNRABAD,38.0,0.0
2026-05-07T16:15:03,07/05/2026 16:10,49.96,15601.0,3473.0,7316.0,2922.0,1064.0,477.0,153.0,BHADRA,39.2,0.0
2026-05-07T16:15:03,07/05/2026 16:10,49.96,15601.0,3473.0,7316.0,2922.0,1064.0,477.0,153.0,GHATAPRABHA,32.0,0.0
2026-05-07T16:15:03,07/05/2026 16:10,49.96,15601.0,3473.0,7316.0,2922.0,1064.0,477.0,153.0,ALMATTI,290.0,0.0
2026-05-07T16:15:03,07/05/2026 16:10,49.96,15601.0,3473.0,7316.0,2922.0,1064.0,477.0,153.0,JINDAL,1460.0,168.0
2026-05-07T16:15:03,07/05/2026 16:10,49.96,15601.0,3473.0,7316.0,2922.0,1064.0,477.0,153.0,UPCL,1200.0,477.0
2026-05-07T16:15:03,07/05/2026 16:10,49.96,15601.0,3473.0,7316.0,2922.0,1064.0,477.0,153.0,YCCP,370.0,0.0
2026-05-07T16:16:59,07/05/2026 16:10,49.96,15601.0,3473.0,7316.0,2922.0,1064.0,477.0,153.0,RTPS,1720.0,869.0
2026-05-07T16:16:59,07/05/2026 16:10,49.96,15601.0,3473.0,7316.0,2922.0,1064.0,477.0,153.0,BTPS,1700.0,1476.0
2026-05-07T16:16:59,07/05/2026 16:10,49.96,15601.0,3473.0,7316.0,2922.0,1064.0,477.0,153.0,YTPS,1600.0,577.0
2026-05-07T16:16:59,07/05/2026 16:10,49.96,15601.0,3473.0,7316.0,2922.0,1064.0,477.0,153.0,SHARAVATHI,1035.0,484.0
2026-05-07T16:16:59,07/05/2026 16:10,49.96,15601.0,3473.0,7316.0,2922.0,1064.0,477.0,153.0,NAGJHARI,900.0,439.0
2026-05-07T16:16:59,07/05/2026 16:10,49.96,15601.0,3473.0,7316.0,2922.0,1064.0,477.0,153.0,VARAHI,460.0,141.0
2026-05-07T16:16:59,07/05/2026 16:10,49.96,15601.0,3473.0,7316.0,2922.0,1064.0,477.0,153.0,KODSALLI,120.0,0.0
2026-05-07T16:16:59,07/05/2026 16:10,49.96,15601.0,3473.0,7316.0,2922.0,1064.0,477.0,153.0,KADRA,150.0,0.0
2026-05-07T16:16:59,07/05/2026 16:10,49.96,15601.0,3473.0,7316.0,2922.0,1064.0,477.0,153.0,GERUSOPPA,240.0,0.0
2026-05-07T16:16:59,07/05/2026 16:10,49.96,15601.0,3473.0,7316.0,2922.0,1064.0,477.0,153.0,JOG,139.2,65.0
2026-05-07T16:16:59,07/05/2026 16:10,49.96,15601.0,3473.0,7316.0,2922.0,1064.0,477.0,153.0,LPH,55.0,12.0
2026-05-07T16:16:59,07/05/2026 16:10,49.96,15601.0,3473.0,7316.0,2922.0,1064.0,477.0,153.0,SUPA,100.0,74.0
2026-05-07T16:16:59,07/05/2026 16:10,49.96,15601.0,3473.0,7316.0,2922.0,1064.0,477.0,153.0,SHIMSHA,17.2,0.0
2026-05-07T16:16:59,07/05/2026 16:10,49.96,15601.0,3473.0,7316.0,2922.0,1064.0,477.0,153.0,SHIVASAMUDRA,42.0,0.0
2026-05-07T16:16:59,07/05/2026 16:10,49.96,15601.0,3473.0,7316.0,2922.0,1064.0,477.0,153.0,MANIDAM,9.0,2.0
2026-05-07T16:16:59,07/05/2026 16:10,49.96,15601.0,3473.0,7316.0,2922.0,1064.0,477.0,153.0,MUNRABAD,38.0,0.0
2026-05-07T16:16:59,07/05/2026 16:10,49.96,15601.0,3473.0,7316.0,2922.0,1064.0,477.0,153.0,BHADRA,39.2,0.0
2026-05-07T16:16:59,07/05/2026 16:10,49.96,15601.0,3473.0,7316.0,2922.0,1064.0,477.0,153.0,GHATAPRABHA,32.0,0.0
2026-05-07T16:16:59,07/05/2026 16:10,49.96,15601.0,3473.0,7316.0,2922.0,1064.0,477.0,153.0,ALMATTI,290.0,0.0
2026-05-07T16:16:59,07/05/2026 16:10,49.96,15601.0,3473.0,7316.0,2922.0,1064.0,477.0,153.0,JINDAL,1460.0,168.0
2026-05-07T16:16:59,07/05/2026 16:10,49.96,15601.0,3473.0,7316.0,2922.0,1064.0,477.0,153.0,UPCL,1200.0,477.0
2026-05-07T16:16:59,07/05/2026 16:10,49.96,15601.0,3473.0,7316.0,2922.0,1064.0,477.0,153.0,YCCP,370.0,0.0
2026-05-07T16:18:01,07/05/2026 16:15,50.02,15677.0,3421.0,7501.0,2899.0,1058.0,477.0,153.0,RTPS,1720.0,864.0
2026-05-07T16:18:01,07/05/2026 16:15,50.02,15677.0,3421.0,7501.0,2899.0,1058.0,477.0,153.0,BTPS,1700.0,1454.0
2026-05-07T16:18:01,07/05/2026 16:15,50.02,15677.0,3421.0,7501.0,2899.0,1058.0,477.0,153.0,YTPS,1600.0,581.0
2026-05-07T16:18:01,07/05/2026 16:15,50.02,15677.0,3421.0,7501.0,2899.0,1058.0,477.0,153.0,SHARAVATHI,1035.0,479.0
2026-05-07T16:18:01,07/05/2026 16:15,50.02,15677.0,3421.0,7501.0,2899.0,1058.0,477.0,153.0,NAGJHARI,900.0,439.0
2026-05-07T16:18:01,07/05/2026 16:15,50.02,15677.0,3421.0,7501.0,2899.0,1058.0,477.0,153.0,VARAHI,460.0,140.0
2026-05-07T16:18:01,07/05/2026 16:15,50.02,15677.0,3421.0,7501.0,2899.0,1058.0,477.0,153.0,KODSALLI,120.0,0.0
2026-05-07T16:18:01,07/05/2026 16:15,50.02,15677.0,3421.0,7501.0,2899.0,1058.0,477.0,153.0,KADRA,150.0,0.0
2026-05-07T16:18:01,07/05/2026 16:15,50.02,15677.0,3421.0,7501.0,2899.0,1058.0,477.0,153.0,GERUSOPPA,240.0,0.0
2026-05-07T16:18:01,07/05/2026 16:15,50.02,15677.0,3421.0,7501.0,2899.0,1058.0,477.0,153.0,JOG,139.2,65.0
2026-05-07T16:18:01,07/05/2026 16:15,50.02,15677.0,3421.0,7501.0,2899.0,1058.0,477.0,153.0,LPH,55.0,12.0
2026-05-07T16:18:01,07/05/2026 16:15,50.02,15677.0,3421.0,7501.0,2899.0,1058.0,477.0,153.0,SUPA,100.0,74.0
2026-05-07T16:18:01,07/05/2026 16:15,50.02,15677.0,3421.0,7501.0,2899.0,1058.0,477.0,153.0,SHIMSHA,17.2,0.0
2026-05-07T16:18:01,07/05/2026 16:15,50.02,15677.0,3421.0,7501.0,2899.0,1058.0,477.0,153.0,SHIVASAMUDRA,42.0,0.0
2026-05-07T16:18:01,07/05/2026 16:15,50.02,15677.0,3421.0,7501.0,2899.0,1058.0,477.0,153.0,MANIDAM,9.0,2.0
2026-05-07T16:18:01,07/05/2026 16:15,50.02,15677.0,3421.0,7501.0,2899.0,1058.0,477.0,153.0,MUNRABAD,38.0,0.0
2026-05-07T16:18:01,07/05/2026 16:15,50.02,15677.0,3421.0,7501.0,2899.0,1058.0,477.0,153.0,BHADRA,39.2,0.0
2026-05-07T16:18:01,07/05/2026 16:15,50.02,15677.0,3421.0,7501.0,2899.0,1058.0,477.0,153.0,GHATAPRABHA,32.0,0.0
2026-05-07T16:18:01,07/05/2026 16:15,50.02,15677.0,3421.0,7501.0,2899.0,1058.0,477.0,153.0,ALMATTI,290.0,0.0
2026-05-07T16:18:01,07/05/2026 16:15,50.02,15677.0,3421.0,7501.0,2899.0,1058.0,477.0,153.0,JINDAL,1460.0,169.0
2026-05-07T16:18:01,07/05/2026 16:15,50.02,15677.0,3421.0,7501.0,2899.0,1058.0,477.0,153.0,UPCL,1200.0,477.0
2026-05-07T16:18:01,07/05/2026 16:15,50.02,15677.0,3421.0,7501.0,2899.0,1058.0,477.0,153.0,YCCP,370.0,0.0
2026-05-07T16:18:59,07/05/2026 16:15,50.02,15677.0,3421.0,7501.0,2899.0,1058.0,477.0,153.0,RTPS,1720.0,864.0
2026-05-07T16:18:59,07/05/2026 16:15,50.02,15677.0,3421.0,7501.0,2899.0,1058.0,477.0,153.0,BTPS,1700.0,1454.0
2026-05-07T16:18:59,07/05/2026 16:15,50.02,15677.0,3421.0,7501.0,2899.0,1058.0,477.0,153.0,YTPS,1600.0,581.0
2026-05-07T16:18:59,07/05/2026 16:15,50.02,15677.0,3421.0,7501.0,2899.0,1058.0,477.0,153.0,SHARAVATHI,1035.0,479.0
2026-05-07T16:18:59,07/05/2026 16:15,50.02,15677.0,3421.0,7501.0,2899.0,1058.0,477.0,153.0,NAGJHARI,900.0,439.0
2026-05-07T16:18:59,07/05/2026 16:15,50.02,15677.0,3421.0,7501.0,2899.0,1058.0,477.0,153.0,VARAHI,460.0,140.0
2026-05-07T16:18:59,07/05/2026 16:15,50.02,15677.0,3421.0,7501.0,2899.0,1058.0,477.0,153.0,KODSALLI,120.0,0.0
2026-05-07T16:18:59,07/05/2026 16:15,50.02,15677.0,3421.0,7501.0,2899.0,1058.0,477.0,153.0,KADRA,150.0,0.0
2026-05-07T16:18:59,07/05/2026 16:15,50.02,15677.0,3421.0,7501.0,2899.0,1058.0,477.0,153.0,GERUSOPPA,240.0,0.0
2026-05-07T16:18:59,07/05/2026 16:15,50.02,15677.0,3421.0,7501.0,2899.0,1058.0,477.0,153.0,JOG,139.2,65.0
2026-05-07T16:18:59,07/05/2026 16:15,50.02,15677.0,3421.0,7501.0,2899.0,1058.0,477.0,153.0,LPH,55.0,12.0
2026-05-07T16:18:59,07/05/2026 16:15,50.02,15677.0,3421.0,7501.0,2899.0,1058.0,477.0,153.0,SUPA,100.0,74.0
2026-05-07T16:18:59,07/05/2026 16:15,50.02,15677.0,3421.0,7501.0,2899.0,1058.0,477.0,153.0,SHIMSHA,17.2,0.0
2026-05-07T16:18:59,07/05/2026 16:15,50.02,15677.0,3421.0,7501.0,2899.0,1058.0,477.0,153.0,SHIVASAMUDRA,42.0,0.0
2026-05-07T16:18:59,07/05/2026 16:15,50.02,15677.0,3421.0,7501.0,2899.0,1058.0,477.0,153.0,MANIDAM,9.0,2.0
2026-05-07T16:18:59,07/05/2026 16:15,50.02,15677.0,3421.0,7501.0,2899.0,1058.0,477.0,153.0,MUNRABAD,38.0,0.0
2026-05-07T16:18:59,07/05/2026 16:15,50.02,15677.0,3421.0,7501.0,2899.0,1058.0,477.0,153.0,BHADRA,39.2,0.0
2026-05-07T16:18:59,07/05/2026 16:15,50.02,15677.0,3421.0,7501.0,2899.0,1058.0,477.0,153.0,GHATAPRABHA,32.0,0.0
2026-05-07T16:18:59,07/05/2026 16:15,50.02,15677.0,3421.0,7501.0,2899.0,1058.0,477.0,153.0,ALMATTI,290.0,0.0
2026-05-07T16:18:59,07/05/2026 16:15,50.02,15677.0,3421.0,7501.0,2899.0,1058.0,477.0,153.0,JINDAL,1460.0,169.0
2026-05-07T16:18:59,07/05/2026 16:15,50.02,15677.0,3421.0,7501.0,2899.0,1058.0,477.0,153.0,UPCL,1200.0,477.0
2026-05-07T16:18:59,07/05/2026 16:15,50.02,15677.0,3421.0,7501.0,2899.0,1058.0,477.0,153.0,YCCP,370.0,0.0
2026-05-07T16:19:58,07/05/2026 16:15,50.02,15677.0,3421.0,7501.0,2899.0,1058.0,477.0,153.0,RTPS,1720.0,864.0
2026-05-07T16:19:58,07/05/2026 16:15,50.02,15677.0,3421.0,7501.0,2899.0,1058.0,477.0,153.0,BTPS,1700.0,1454.0
2026-05-07T16:19:58,07/05/2026 16:15,50.02,15677.0,3421.0,7501.0,2899.0,1058.0,477.0,153.0,YTPS,1600.0,581.0
2026-05-07T16:19:58,07/05/2026 16:15,50.02,15677.0,3421.0,7501.0,2899.0,1058.0,477.0,153.0,SHARAVATHI,1035.0,479.0
2026-05-07T16:19:58,07/05/2026 16:15,50.02,15677.0,3421.0,7501.0,2899.0,1058.0,477.0,153.0,NAGJHARI,900.0,439.0
2026-05-07T16:19:58,07/05/2026 16:15,50.02,15677.0,3421.0,7501.0,2899.0,1058.0,477.0,153.0,VARAHI,460.0,140.0
2026-05-07T16:19:58,07/05/2026 16:15,50.02,15677.0,3421.0,7501.0,2899.0,1058.0,477.0,153.0,KODSALLI,120.0,0.0
2026-05-07T16:19:58,07/05/2026 16:15,50.02,15677.0,3421.0,7501.0,2899.0,1058.0,477.0,153.0,KADRA,150.0,0.0
2026-05-07T16:19:58,07/05/2026 16:15,50.02,15677.0,3421.0,7501.0,2899.0,1058.0,477.0,153.0,GERUSOPPA,240.0,0.0
2026-05-07T16:19:58,07/05/2026 16:15,50.02,15677.0,3421.0,7501.0,2899.0,1058.0,477.0,153.0,JOG,139.2,65.0
2026-05-07T16:19:58,07/05/2026 16:15,50.02,15677.0,3421.0,7501.0,2899.0,1058.0,477.0,153.0,LPH,55.0,12.0
2026-05-07T16:19:58,07/05/2026 16:15,50.02,15677.0,3421.0,7501.0,2899.0,1058.0,477.0,153.0,SUPA,100.0,74.0
2026-05-07T16:19:58,07/05/2026 16:15,50.02,15677.0,3421.0,7501.0,2899.0,1058.0,477.0,153.0,SHIMSHA,17.2,0.0
2026-05-07T16:19:58,07/05/2026 16:15,50.02,15677.0,3421.0,7501.0,2899.0,1058.0,477.0,153.0,SHIVASAMUDRA,42.0,0.0
2026-05-07T16:19:58,07/05/2026 16:15,50.02,15677.0,3421.0,7501.0,2899.0,1058.0,477.0,153.0,MANIDAM,9.0,2.0
2026-05-07T16:19:58,07/05/2026 16:15,50.02,15677.0,3421.0,7501.0,2899.0,1058.0,477.0,153.0,MUNRABAD,38.0,0.0
2026-05-07T16:19:58,07/05/2026 16:15,50.02,15677.0,3421.0,7501.0,2899.0,1058.0,477.0,153.0,BHADRA,39.2,0.0
2026-05-07T16:19:58,07/05/2026 16:15,50.02,15677.0,3421.0,7501.0,2899.0,1058.0,477.0,153.0,GHATAPRABHA,32.0,0.0
2026-05-07T16:19:58,07/05/2026 16:15,50.02,15677.0,3421.0,7501.0,2899.0,1058.0,477.0,153.0,ALMATTI,290.0,0.0
2026-05-07T16:19:58,07/05/2026 16:15,50.02,15677.0,3421.0,7501.0,2899.0,1058.0,477.0,153.0,JINDAL,1460.0,169.0
2026-05-07T16:19:58,07/05/2026 16:15,50.02,15677.0,3421.0,7501.0,2899.0,1058.0,477.0,153.0,UPCL,1200.0,477.0
2026-05-07T16:19:58,07/05/2026 16:15,50.02,15677.0,3421.0,7501.0,2899.0,1058.0,477.0,153.0,YCCP,370.0,0.0
2026-05-07T16:23:18,07/05/2026 16:15,50.02,15677.0,3421.0,7501.0,2899.0,1058.0,477.0,153.0,RTPS,1720.0,864.0
2026-05-07T16:23:18,07/05/2026 16:15,50.02,15677.0,3421.0,7501.0,2899.0,1058.0,477.0,153.0,BTPS,1700.0,1454.0
2026-05-07T16:23:18,07/05/2026 16:15,50.02,15677.0,3421.0,7501.0,2899.0,1058.0,477.0,153.0,YTPS,1600.0,581.0
2026-05-07T16:23:18,07/05/2026 16:15,50.02,15677.0,3421.0,7501.0,2899.0,1058.0,477.0,153.0,SHARAVATHI,1035.0,479.0
2026-05-07T16:23:18,07/05/2026 16:15,50.02,15677.0,3421.0,7501.0,2899.0,1058.0,477.0,153.0,NAGJHARI,900.0,439.0
2026-05-07T16:23:18,07/05/2026 16:15,50.02,15677.0,3421.0,7501.0,2899.0,1058.0,477.0,153.0,VARAHI,460.0,140.0
2026-05-07T16:23:18,07/05/2026 16:15,50.02,15677.0,3421.0,7501.0,2899.0,1058.0,477.0,153.0,KODSALLI,120.0,0.0
2026-05-07T16:23:18,07/05/2026 16:15,50.02,15677.0,3421.0,7501.0,2899.0,1058.0,477.0,153.0,KADRA,150.0,0.0
2026-05-07T16:23:18,07/05/2026 16:15,50.02,15677.0,3421.0,7501.0,2899.0,1058.0,477.0,153.0,GERUSOPPA,240.0,0.0
2026-05-07T16:23:18,07/05/2026 16:15,50.02,15677.0,3421.0,7501.0,2899.0,1058.0,477.0,153.0,JOG,139.2,65.0
2026-05-07T16:23:18,07/05/2026 16:15,50.02,15677.0,3421.0,7501.0,2899.0,1058.0,477.0,153.0,LPH,55.0,12.0
2026-05-07T16:23:18,07/05/2026 16:15,50.02,15677.0,3421.0,7501.0,2899.0,1058.0,477.0,153.0,SUPA,100.0,74.0
2026-05-07T16:23:18,07/05/2026 16:15,50.02,15677.0,3421.0,7501.0,2899.0,1058.0,477.0,153.0,SHIMSHA,17.2,0.0
2026-05-07T16:23:18,07/05/2026 16:15,50.02,15677.0,3421.0,7501.0,2899.0,1058.0,477.0,153.0,SHIVASAMUDRA,42.0,0.0
2026-05-07T16:23:18,07/05/2026 16:15,50.02,15677.0,3421.0,7501.0,2899.0,1058.0,477.0,153.0,MANIDAM,9.0,2.0
2026-05-07T16:23:18,07/05/2026 16:15,50.02,15677.0,3421.0,7501.0,2899.0,1058.0,477.0,153.0,MUNRABAD,38.0,0.0
2026-05-07T16:23:18,07/05/2026 16:15,50.02,15677.0,3421.0,7501.0,2899.0,1058.0,477.0,153.0,BHADRA,39.2,0.0
2026-05-07T16:23:18,07/05/2026 16:15,50.02,15677.0,3421.0,7501.0,2899.0,1058.0,477.0,153.0,GHATAPRABHA,32.0,0.0
2026-05-07T16:23:18,07/05/2026 16:15,50.02,15677.0,3421.0,7501.0,2899.0,1058.0,477.0,153.0,ALMATTI,290.0,0.0
2026-05-07T16:23:18,07/05/2026 16:15,50.02,15677.0,3421.0,7501.0,2899.0,1058.0,477.0,153.0,JINDAL,1460.0,169.0
2026-05-07T16:23:18,07/05/2026 16:15,50.02,15677.0,3421.0,7501.0,2899.0,1058.0,477.0,153.0,UPCL,1200.0,477.0
2026-05-07T16:23:18,07/05/2026 16:15,50.02,15677.0,3421.0,7501.0,2899.0,1058.0,477.0,153.0,YCCP,370.0,0.0
2026-05-07T16:24:59,07/05/2026 16:15,50.02,15677.0,3421.0,7501.0,2899.0,1058.0,477.0,153.0,RTPS,1720.0,864.0
2026-05-07T16:24:59,07/05/2026 16:15,50.02,15677.0,3421.0,7501.0,2899.0,1058.0,477.0,153.0,BTPS,1700.0,1454.0
2026-05-07T16:24:59,07/05/2026 16:15,50.02,15677.0,3421.0,7501.0,2899.0,1058.0,477.0,153.0,YTPS,1600.0,581.0
2026-05-07T16:24:59,07/05/2026 16:15,50.02,15677.0,3421.0,7501.0,2899.0,1058.0,477.0,153.0,SHARAVATHI,1035.0,479.0
2026-05-07T16:24:59,07/05/2026 16:15,50.02,15677.0,3421.0,7501.0,2899.0,1058.0,477.0,153.0,NAGJHARI,900.0,439.0
2026-05-07T16:24:59,07/05/2026 16:15,50.02,15677.0,3421.0,7501.0,2899.0,1058.0,477.0,153.0,VARAHI,460.0,140.0
2026-05-07T16:24:59,07/05/2026 16:15,50.02,15677.0,3421.0,7501.0,2899.0,1058.0,477.0,153.0,KODSALLI,120.0,0.0
2026-05-07T16:24:59,07/05/2026 16:15,50.02,15677.0,3421.0,7501.0,2899.0,1058.0,477.0,153.0,KADRA,150.0,0.0
2026-05-07T16:24:59,07/05/2026 16:15,50.02,15677.0,3421.0,7501.0,2899.0,1058.0,477.0,153.0,GERUSOPPA,240.0,0.0
2026-05-07T16:24:59,07/05/2026 16:15,50.02,15677.0,3421.0,7501.0,2899.0,1058.0,477.0,153.0,JOG,139.2,65.0
2026-05-07T16:24:59,07/05/2026 16:15,50.02,15677.0,3421.0,7501.0,2899.0,1058.0,477.0,153.0,LPH,55.0,12.0
2026-05-07T16:24:59,07/05/2026 16:15,50.02,15677.0,3421.0,7501.0,2899.0,1058.0,477.0,153.0,SUPA,100.0,74.0
2026-05-07T16:24:59,07/05/2026 16:15,50.02,15677.0,3421.0,7501.0,2899.0,1058.0,477.0,153.0,SHIMSHA,17.2,0.0
2026-05-07T16:24:59,07/05/2026 16:15,50.02,15677.0,3421.0,7501.0,2899.0,1058.0,477.0,153.0,SHIVASAMUDRA,42.0,0.0
2026-05-07T16:24:59,07/05/2026 16:15,50.02,15677.0,3421.0,7501.0,2899.0,1058.0,477.0,153.0,MANIDAM,9.0,2.0
2026-05-07T16:24:59,07/05/2026 16:15,50.02,15677.0,3421.0,7501.0,2899.0,1058.0,477.0,153.0,MUNRABAD,38.0,0.0
2026-05-07T16:24:59,07/05/2026 16:15,50.02,15677.0,3421.0,7501.0,2899.0,1058.0,477.0,153.0,BHADRA,39.2,0.0
2026-05-07T16:24:59,07/05/2026 16:15,50.02,15677.0,3421.0,7501.0,2899.0,1058.0,477.0,153.0,GHATAPRABHA,32.0,0.0
2026-05-07T16:24:59,07/05/2026 16:15,50.02,15677.0,3421.0,7501.0,2899.0,1058.0,477.0,153.0,ALMATTI,290.0,0.0
2026-05-07T16:24:59,07/05/2026 16:15,50.02,15677.0,3421.0,7501.0,2899.0,1058.0,477.0,153.0,JINDAL,1460.0,169.0
2026-05-07T16:24:59,07/05/2026 16:15,50.02,15677.0,3421.0,7501.0,2899.0,1058.0,477.0,153.0,UPCL,1200.0,477.0
2026-05-07T16:24:59,07/05/2026 16:15,50.02,15677.0,3421.0,7501.0,2899.0,1058.0,477.0,153.0,YCCP,370.0,0.0
2026-05-07T16:25:58,07/05/2026 16:15,50.02,15677.0,3421.0,7501.0,2899.0,1058.0,477.0,153.0,RTPS,1720.0,864.0
2026-05-07T16:25:58,07/05/2026 16:15,50.02,15677.0,3421.0,7501.0,2899.0,1058.0,477.0,153.0,BTPS,1700.0,1454.0
2026-05-07T16:25:58,07/05/2026 16:15,50.02,15677.0,3421.0,7501.0,2899.0,1058.0,477.0,153.0,YTPS,1600.0,581.0
2026-05-07T16:25:58,07/05/2026 16:15,50.02,15677.0,3421.0,7501.0,2899.0,1058.0,477.0,153.0,SHARAVATHI,1035.0,479.0
2026-05-07T16:25:58,07/05/2026 16:15,50.02,15677.0,3421.0,7501.0,2899.0,1058.0,477.0,153.0,NAGJHARI,900.0,439.0
2026-05-07T16:25:58,07/05/2026 16:15,50.02,15677.0,3421.0,7501.0,2899.0,1058.0,477.0,153.0,VARAHI,460.0,140.0
2026-05-07T16:25:58,07/05/2026 16:15,50.02,15677.0,3421.0,7501.0,2899.0,1058.0,477.0,153.0,KODSALLI,120.0,0.0
2026-05-07T16:25:58,07/05/2026 16:15,50.02,15677.0,3421.0,7501.0,2899.0,1058.0,477.0,153.0,KADRA,150.0,0.0
2026-05-07T16:25:58,07/05/2026 16:15,50.02,15677.0,3421.0,7501.0,2899.0,1058.0,477.0,153.0,GERUSOPPA,240.0,0.0
2026-05-07T16:25:58,07/05/2026 16:15,50.02,15677.0,3421.0,7501.0,2899.0,1058.0,477.0,153.0,JOG,139.2,65.0
2026-05-07T16:25:58,07/05/2026 16:15,50.02,15677.0,3421.0,7501.0,2899.0,1058.0,477.0,153.0,LPH,55.0,12.0
2026-05-07T16:25:58,07/05/2026 16:15,50.02,15677.0,3421.0,7501.0,2899.0,1058.0,477.0,153.0,SUPA,100.0,74.0
2026-05-07T16:25:58,07/05/2026 16:15,50.02,15677.0,3421.0,7501.0,2899.0,1058.0,477.0,153.0,SHIMSHA,17.2,0.0
2026-05-07T16:25:58,07/05/2026 16:15,50.02,15677.0,3421.0,7501.0,2899.0,1058.0,477.0,153.0,SHIVASAMUDRA,42.0,0.0
2026-05-07T16:25:58,07/05/2026 16:15,50.02,15677.0,3421.0,7501.0,2899.0,1058.0,477.0,153.0,MANIDAM,9.0,2.0
2026-05-07T16:25:58,07/05/2026 16:15,50.02,15677.0,3421.0,7501.0,2899.0,1058.0,477.0,153.0,MUNRABAD,38.0,0.0
2026-05-07T16:25:58,07/05/2026 16:15,50.02,15677.0,3421.0,7501.0,2899.0,1058.0,477.0,153.0,BHADRA,39.2,0.0
2026-05-07T16:25:58,07/05/2026 16:15,50.02,15677.0,3421.0,7501.0,2899.0,1058.0,477.0,153.0,GHATAPRABHA,32.0,0.0
2026-05-07T16:25:58,07/05/2026 16:15,50.02,15677.0,3421.0,7501.0,2899.0,1058.0,477.0,153.0,ALMATTI,290.0,0.0
2026-05-07T16:25:58,07/05/2026 16:15,50.02,15677.0,3421.0,7501.0,2899.0,1058.0,477.0,153.0,JINDAL,1460.0,169.0
2026-05-07T16:25:58,07/05/2026 16:15,50.02,15677.0,3421.0,7501.0,2899.0,1058.0,477.0,153.0,UPCL,1200.0,477.0
2026-05-07T16:25:58,07/05/2026 16:15,50.02,15677.0,3421.0,7501.0,2899.0,1058.0,477.0,153.0,YCCP,370.0,0.0
2026-05-07T16:27:03,07/05/2026 16:15,50.02,15677.0,3421.0,7501.0,2899.0,1058.0,477.0,153.0,RTPS,1720.0,864.0
2026-05-07T16:27:03,07/05/2026 16:15,50.02,15677.0,3421.0,7501.0,2899.0,1058.0,477.0,153.0,BTPS,1700.0,1454.0
2026-05-07T16:27:03,07/05/2026 16:15,50.02,15677.0,3421.0,7501.0,2899.0,1058.0,477.0,153.0,YTPS,1600.0,581.0
2026-05-07T16:27:03,07/05/2026 16:15,50.02,15677.0,3421.0,7501.0,2899.0,1058.0,477.0,153.0,SHARAVATHI,1035.0,479.0
2026-05-07T16:27:03,07/05/2026 16:15,50.02,15677.0,3421.0,7501.0,2899.0,1058.0,477.0,153.0,NAGJHARI,900.0,439.0
2026-05-07T16:27:03,07/05/2026 16:15,50.02,15677.0,3421.0,7501.0,2899.0,1058.0,477.0,153.0,VARAHI,460.0,140.0
2026-05-07T16:27:03,07/05/2026 16:15,50.02,15677.0,3421.0,7501.0,2899.0,1058.0,477.0,153.0,KODSALLI,120.0,0.0
2026-05-07T16:27:03,07/05/2026 16:15,50.02,15677.0,3421.0,7501.0,2899.0,1058.0,477.0,153.0,KADRA,150.0,0.0
2026-05-07T16:27:03,07/05/2026 16:15,50.02,15677.0,3421.0,7501.0,2899.0,1058.0,477.0,153.0,GERUSOPPA,240.0,0.0
2026-05-07T16:27:03,07/05/2026 16:15,50.02,15677.0,3421.0,7501.0,2899.0,1058.0,477.0,153.0,JOG,139.2,65.0
2026-05-07T16:27:03,07/05/2026 16:15,50.02,15677.0,3421.0,7501.0,2899.0,1058.0,477.0,153.0,LPH,55.0,12.0
2026-05-07T16:27:03,07/05/2026 16:15,50.02,15677.0,3421.0,7501.0,2899.0,1058.0,477.0,153.0,SUPA,100.0,74.0
2026-05-07T16:27:03,07/05/2026 16:15,50.02,15677.0,3421.0,7501.0,2899.0,1058.0,477.0,153.0,SHIMSHA,17.2,0.0
2026-05-07T16:27:03,07/05/2026 16:15,50.02,15677.0,3421.0,7501.0,2899.0,1058.0,477.0,153.0,SHIVASAMUDRA,42.0,0.0
2026-05-07T16:27:03,07/05/2026 16:15,50.02,15677.0,3421.0,7501.0,2899.0,1058.0,477.0,153.0,MANIDAM,9.0,2.0
2026-05-07T16:27:03,07/05/2026 16:15,50.02,15677.0,3421.0,7501.0,2899.0,1058.0,477.0,153.0,MUNRABAD,38.0,0.0
2026-05-07T16:27:03,07/05/2026 16:15,50.02,15677.0,3421.0,7501.0,2899.0,1058.0,477.0,153.0,BHADRA,39.2,0.0
2026-05-07T16:27:03,07/05/2026 16:15,50.02,15677.0,3421.0,7501.0,2899.0,1058.0,477.0,153.0,GHATAPRABHA,32.0,0.0
2026-05-07T16:27:03,07/05/2026 16:15,50.02,15677.0,3421.0,7501.0,2899.0,1058.0,477.0,153.0,ALMATTI,290.0,0.0
2026-05-07T16:27:03,07/05/2026 16:15,50.02,15677.0,3421.0,7501.0,2899.0,1058.0,477.0,153.0,JINDAL,1460.0,169.0
2026-05-07T16:27:03,07/05/2026 16:15,50.02,15677.0,3421.0,7501.0,2899.0,1058.0,477.0,153.0,UPCL,1200.0,477.0
2026-05-07T16:27:03,07/05/2026 16:15,50.02,15677.0,3421.0,7501.0,2899.0,1058.0,477.0,153.0,YCCP,370.0,0.0
2026-05-07T16:30:01,07/05/2026 16:25,49.95,15778.0,3191.0,7792.0,2923.0,1063.0,475.0,154.0,RTPS,1720.0,866.0
2026-05-07T16:30:01,07/05/2026 16:25,49.95,15778.0,3191.0,7792.0,2923.0,1063.0,475.0,154.0,BTPS,1700.0,1476.0
2026-05-07T16:30:01,07/05/2026 16:25,49.95,15778.0,3191.0,7792.0,2923.0,1063.0,475.0,154.0,YTPS,1600.0,581.0
2026-05-07T16:30:01,07/05/2026 16:25,49.95,15778.0,3191.0,7792.0,2923.0,1063.0,475.0,154.0,SHARAVATHI,1035.0,479.0
2026-05-07T16:30:01,07/05/2026 16:25,49.95,15778.0,3191.0,7792.0,2923.0,1063.0,475.0,154.0,NAGJHARI,900.0,440.0
2026-05-07T16:30:01,07/05/2026 16:25,49.95,15778.0,3191.0,7792.0,2923.0,1063.0,475.0,154.0,VARAHI,460.0,144.0
2026-05-07T16:30:01,07/05/2026 16:25,49.95,15778.0,3191.0,7792.0,2923.0,1063.0,475.0,154.0,KODSALLI,120.0,0.0
2026-05-07T16:30:01,07/05/2026 16:25,49.95,15778.0,3191.0,7792.0,2923.0,1063.0,475.0,154.0,KADRA,150.0,0.0
2026-05-07T16:30:01,07/05/2026 16:25,49.95,15778.0,3191.0,7792.0,2923.0,1063.0,475.0,154.0,GERUSOPPA,240.0,0.0
2026-05-07T16:30:01,07/05/2026 16:25,49.95,15778.0,3191.0,7792.0,2923.0,1063.0,475.0,154.0,JOG,139.2,65.0
2026-05-07T16:30:01,07/05/2026 16:25,49.95,15778.0,3191.0,7792.0,2923.0,1063.0,475.0,154.0,LPH,55.0,13.0
2026-05-07T16:30:01,07/05/2026 16:25,49.95,15778.0,3191.0,7792.0,2923.0,1063.0,475.0,154.0,SUPA,100.0,74.0
2026-05-07T16:30:01,07/05/2026 16:25,49.95,15778.0,3191.0,7792.0,2923.0,1063.0,475.0,154.0,SHIMSHA,17.2,0.0
2026-05-07T16:30:01,07/05/2026 16:25,49.95,15778.0,3191.0,7792.0,2923.0,1063.0,475.0,154.0,SHIVASAMUDRA,42.0,0.0
2026-05-07T16:30:01,07/05/2026 16:25,49.95,15778.0,3191.0,7792.0,2923.0,1063.0,475.0,154.0,MANIDAM,9.0,2.0
2026-05-07T16:30:01,07/05/2026 16:25,49.95,15778.0,3191.0,7792.0,2923.0,1063.0,475.0,154.0,MUNRABAD,38.0,0.0
2026-05-07T16:30:01,07/05/2026 16:25,49.95,15778.0,3191.0,7792.0,2923.0,1063.0,475.0,154.0,BHADRA,39.2,0.0
2026-05-07T16:30:01,07/05/2026 16:25,49.95,15778.0,3191.0,7792.0,2923.0,1063.0,475.0,154.0,GHATAPRABHA,32.0,0.0
2026-05-07T16:30:01,07/05/2026 16:25,49.95,15778.0,3191.0,7792.0,2923.0,1063.0,475.0,154.0,ALMATTI,290.0,0.0
2026-05-07T16:30:01,07/05/2026 16:25,49.95,15778.0,3191.0,7792.0,2923.0,1063.0,475.0,154.0,JINDAL,1460.0,157.0
2026-05-07T16:30:01,07/05/2026 16:25,49.95,15778.0,3191.0,7792.0,2923.0,1063.0,475.0,154.0,UPCL,1200.0,475.0
2026-05-07T16:30:01,07/05/2026 16:25,49.95,15778.0,3191.0,7792.0,2923.0,1063.0,475.0,154.0,YCCP,370.0,0.0
2026-05-07T16:31:58,07/05/2026 16:25,49.95,15778.0,3191.0,7792.0,2923.0,1063.0,475.0,154.0,RTPS,1720.0,866.0
2026-05-07T16:31:58,07/05/2026 16:25,49.95,15778.0,3191.0,7792.0,2923.0,1063.0,475.0,154.0,BTPS,1700.0,1476.0
2026-05-07T16:31:58,07/05/2026 16:25,49.95,15778.0,3191.0,7792.0,2923.0,1063.0,475.0,154.0,YTPS,1600.0,581.0
2026-05-07T16:31:58,07/05/2026 16:25,49.95,15778.0,3191.0,7792.0,2923.0,1063.0,475.0,154.0,SHARAVATHI,1035.0,479.0
2026-05-07T16:31:58,07/05/2026 16:25,49.95,15778.0,3191.0,7792.0,2923.0,1063.0,475.0,154.0,NAGJHARI,900.0,440.0
2026-05-07T16:31:58,07/05/2026 16:25,49.95,15778.0,3191.0,7792.0,2923.0,1063.0,475.0,154.0,VARAHI,460.0,144.0
2026-05-07T16:31:58,07/05/2026 16:25,49.95,15778.0,3191.0,7792.0,2923.0,1063.0,475.0,154.0,KODSALLI,120.0,0.0
2026-05-07T16:31:58,07/05/2026 16:25,49.95,15778.0,3191.0,7792.0,2923.0,1063.0,475.0,154.0,KADRA,150.0,0.0
2026-05-07T16:31:58,07/05/2026 16:25,49.95,15778.0,3191.0,7792.0,2923.0,1063.0,475.0,154.0,GERUSOPPA,240.0,0.0
2026-05-07T16:31:58,07/05/2026 16:25,49.95,15778.0,3191.0,7792.0,2923.0,1063.0,475.0,154.0,JOG,139.2,65.0
2026-05-07T16:31:58,07/05/2026 16:25,49.95,15778.0,3191.0,7792.0,2923.0,1063.0,475.0,154.0,LPH,55.0,13.0
2026-05-07T16:31:58,07/05/2026 16:25,49.95,15778.0,3191.0,7792.0,2923.0,1063.0,475.0,154.0,SUPA,100.0,74.0
2026-05-07T16:31:58,07/05/2026 16:25,49.95,15778.0,3191.0,7792.0,2923.0,1063.0,475.0,154.0,SHIMSHA,17.2,0.0
2026-05-07T16:31:58,07/05/2026 16:25,49.95,15778.0,3191.0,7792.0,2923.0,1063.0,475.0,154.0,SHIVASAMUDRA,42.0,0.0
2026-05-07T16:31:58,07/05/2026 16:25,49.95,15778.0,3191.0,7792.0,2923.0,1063.0,475.0,154.0,MANIDAM,9.0,2.0
2026-05-07T16:31:58,07/05/2026 16:25,49.95,15778.0,3191.0,7792.0,2923.0,1063.0,475.0,154.0,MUNRABAD,38.0,0.0
2026-05-07T16:31:58,07/05/2026 16:25,49.95,15778.0,3191.0,7792.0,2923.0,1063.0,475.0,154.0,BHADRA,39.2,0.0
2026-05-07T16:31:58,07/05/2026 16:25,49.95,15778.0,3191.0,7792.0,2923.0,1063.0,475.0,154.0,GHATAPRABHA,32.0,0.0
2026-05-07T16:31:58,07/05/2026 16:25,49.95,15778.0,3191.0,7792.0,2923.0,1063.0,475.0,154.0,ALMATTI,290.0,0.0
2026-05-07T16:31:58,07/05/2026 16:25,49.95,15778.0,3191.0,7792.0,2923.0,1063.0,475.0,154.0,JINDAL,1460.0,157.0
2026-05-07T16:31:58,07/05/2026 16:25,49.95,15778.0,3191.0,7792.0,2923.0,1063.0,475.0,154.0,UPCL,1200.0,475.0
2026-05-07T16:31:58,07/05/2026 16:25,49.95,15778.0,3191.0,7792.0,2923.0,1063.0,475.0,154.0,YCCP,370.0,0.0
2026-05-07T16:32:58,07/05/2026 16:25,49.95,15778.0,3191.0,7792.0,2923.0,1063.0,475.0,154.0,RTPS,1720.0,866.0
2026-05-07T16:32:58,07/05/2026 16:25,49.95,15778.0,3191.0,7792.0,2923.0,1063.0,475.0,154.0,BTPS,1700.0,1476.0
2026-05-07T16:32:58,07/05/2026 16:25,49.95,15778.0,3191.0,7792.0,2923.0,1063.0,475.0,154.0,YTPS,1600.0,581.0
2026-05-07T16:32:58,07/05/2026 16:25,49.95,15778.0,3191.0,7792.0,2923.0,1063.0,475.0,154.0,SHARAVATHI,1035.0,479.0
2026-05-07T16:32:58,07/05/2026 16:25,49.95,15778.0,3191.0,7792.0,2923.0,1063.0,475.0,154.0,NAGJHARI,900.0,440.0
2026-05-07T16:32:58,07/05/2026 16:25,49.95,15778.0,3191.0,7792.0,2923.0,1063.0,475.0,154.0,VARAHI,460.0,144.0
2026-05-07T16:32:58,07/05/2026 16:25,49.95,15778.0,3191.0,7792.0,2923.0,1063.0,475.0,154.0,KODSALLI,120.0,0.0
2026-05-07T16:32:58,07/05/2026 16:25,49.95,15778.0,3191.0,7792.0,2923.0,1063.0,475.0,154.0,KADRA,150.0,0.0
2026-05-07T16:32:58,07/05/2026 16:25,49.95,15778.0,3191.0,7792.0,2923.0,1063.0,475.0,154.0,GERUSOPPA,240.0,0.0
2026-05-07T16:32:58,07/05/2026 16:25,49.95,15778.0,3191.0,7792.0,2923.0,1063.0,475.0,154.0,JOG,139.2,65.0
2026-05-07T16:32:58,07/05/2026 16:25,49.95,15778.0,3191.0,7792.0,2923.0,1063.0,475.0,154.0,LPH,55.0,13.0
2026-05-07T16:32:58,07/05/2026 16:25,49.95,15778.0,3191.0,7792.0,2923.0,1063.0,475.0,154.0,SUPA,100.0,74.0
2026-05-07T16:32:58,07/05/2026 16:25,49.95,15778.0,3191.0,7792.0,2923.0,1063.0,475.0,154.0,SHIMSHA,17.2,0.0
2026-05-07T16:32:58,07/05/2026 16:25,49.95,15778.0,3191.0,7792.0,2923.0,1063.0,475.0,154.0,SHIVASAMUDRA,42.0,0.0
2026-05-07T16:32:58,07/05/2026 16:25,49.95,15778.0,3191.0,7792.0,2923.0,1063.0,475.0,154.0,MANIDAM,9.0,2.0
2026-05-07T16:32:58,07/05/2026 16:25,49.95,15778.0,3191.0,7792.0,2923.0,1063.0,475.0,154.0,MUNRABAD,38.0,0.0
2026-05-07T16:32:58,07/05/2026 16:25,49.95,15778.0,3191.0,7792.0,2923.0,1063.0,475.0,154.0,BHADRA,39.2,0.0
2026-05-07T16:32:58,07/05/2026 16:25,49.95,15778.0,3191.0,7792.0,2923.0,1063.0,475.0,154.0,GHATAPRABHA,32.0,0.0
2026-05-07T16:32:58,07/05/2026 16:25,49.95,15778.0,3191.0,7792.0,2923.0,1063.0,475.0,154.0,ALMATTI,290.0,0.0
2026-05-07T16:32:58,07/05/2026 16:25,49.95,15778.0,3191.0,7792.0,2923.0,1063.0,475.0,154.0,JINDAL,1460.0,157.0
2026-05-07T16:32:58,07/05/2026 16:25,49.95,15778.0,3191.0,7792.0,2923.0,1063.0,475.0,154.0,UPCL,1200.0,475.0
2026-05-07T16:32:58,07/05/2026 16:25,49.95,15778.0,3191.0,7792.0,2923.0,1063.0,475.0,154.0,YCCP,370.0,0.0
2026-05-07T16:33:58,07/05/2026 16:25,49.95,15778.0,3191.0,7792.0,2923.0,1063.0,475.0,154.0,RTPS,1720.0,866.0
2026-05-07T16:33:58,07/05/2026 16:25,49.95,15778.0,3191.0,7792.0,2923.0,1063.0,475.0,154.0,BTPS,1700.0,1476.0
2026-05-07T16:33:58,07/05/2026 16:25,49.95,15778.0,3191.0,7792.0,2923.0,1063.0,475.0,154.0,YTPS,1600.0,581.0
2026-05-07T16:33:58,07/05/2026 16:25,49.95,15778.0,3191.0,7792.0,2923.0,1063.0,475.0,154.0,SHARAVATHI,1035.0,479.0
2026-05-07T16:33:58,07/05/2026 16:25,49.95,15778.0,3191.0,7792.0,2923.0,1063.0,475.0,154.0,NAGJHARI,900.0,440.0
2026-05-07T16:33:58,07/05/2026 16:25,49.95,15778.0,3191.0,7792.0,2923.0,1063.0,475.0,154.0,VARAHI,460.0,144.0
2026-05-07T16:33:58,07/05/2026 16:25,49.95,15778.0,3191.0,7792.0,2923.0,1063.0,475.0,154.0,KODSALLI,120.0,0.0
2026-05-07T16:33:58,07/05/2026 16:25,49.95,15778.0,3191.0,7792.0,2923.0,1063.0,475.0,154.0,KADRA,150.0,0.0
2026-05-07T16:33:58,07/05/2026 16:25,49.95,15778.0,3191.0,7792.0,2923.0,1063.0,475.0,154.0,GERUSOPPA,240.0,0.0
2026-05-07T16:33:58,07/05/2026 16:25,49.95,15778.0,3191.0,7792.0,2923.0,1063.0,475.0,154.0,JOG,139.2,65.0
2026-05-07T16:33:58,07/05/2026 16:25,49.95,15778.0,3191.0,7792.0,2923.0,1063.0,475.0,154.0,LPH,55.0,13.0
2026-05-07T16:33:58,07/05/2026 16:25,49.95,15778.0,3191.0,7792.0,2923.0,1063.0,475.0,154.0,SUPA,100.0,74.0
2026-05-07T16:33:58,07/05/2026 16:25,49.95,15778.0,3191.0,7792.0,2923.0,1063.0,475.0,154.0,SHIMSHA,17.2,0.0
2026-05-07T16:33:58,07/05/2026 16:25,49.95,15778.0,3191.0,7792.0,2923.0,1063.0,475.0,154.0,SHIVASAMUDRA,42.0,0.0
2026-05-07T16:33:58,07/05/2026 16:25,49.95,15778.0,3191.0,7792.0,2923.0,1063.0,475.0,154.0,MANIDAM,9.0,2.0
2026-05-07T16:33:58,07/05/2026 16:25,49.95,15778.0,3191.0,7792.0,2923.0,1063.0,475.0,154.0,MUNRABAD,38.0,0.0
2026-05-07T16:33:58,07/05/2026 16:25,49.95,15778.0,3191.0,7792.0,2923.0,1063.0,475.0,154.0,BHADRA,39.2,0.0
2026-05-07T16:33:58,07/05/2026 16:25,49.95,15778.0,3191.0,7792.0,2923.0,1063.0,475.0,154.0,GHATAPRABHA,32.0,0.0
2026-05-07T16:33:58,07/05/2026 16:25,49.95,15778.0,3191.0,7792.0,2923.0,1063.0,475.0,154.0,ALMATTI,290.0,0.0
2026-05-07T16:33:58,07/05/2026 16:25,49.95,15778.0,3191.0,7792.0,2923.0,1063.0,475.0,154.0,JINDAL,1460.0,157.0
2026-05-07T16:33:58,07/05/2026 16:25,49.95,15778.0,3191.0,7792.0,2923.0,1063.0,475.0,154.0,UPCL,1200.0,475.0
2026-05-07T16:33:58,07/05/2026 16:25,49.95,15778.0,3191.0,7792.0,2923.0,1063.0,475.0,154.0,YCCP,370.0,0.0
2026-05-07T16:34:58,07/05/2026 16:25,49.95,15778.0,3191.0,7792.0,2923.0,1063.0,475.0,154.0,RTPS,1720.0,866.0
2026-05-07T16:34:58,07/05/2026 16:25,49.95,15778.0,3191.0,7792.0,2923.0,1063.0,475.0,154.0,BTPS,1700.0,1476.0
2026-05-07T16:34:58,07/05/2026 16:25,49.95,15778.0,3191.0,7792.0,2923.0,1063.0,475.0,154.0,YTPS,1600.0,581.0
2026-05-07T16:34:58,07/05/2026 16:25,49.95,15778.0,3191.0,7792.0,2923.0,1063.0,475.0,154.0,SHARAVATHI,1035.0,479.0
2026-05-07T16:34:58,07/05/2026 16:25,49.95,15778.0,3191.0,7792.0,2923.0,1063.0,475.0,154.0,NAGJHARI,900.0,440.0
2026-05-07T16:34:58,07/05/2026 16:25,49.95,15778.0,3191.0,7792.0,2923.0,1063.0,475.0,154.0,VARAHI,460.0,144.0
2026-05-07T16:34:58,07/05/2026 16:25,49.95,15778.0,3191.0,7792.0,2923.0,1063.0,475.0,154.0,KODSALLI,120.0,0.0
2026-05-07T16:34:58,07/05/2026 16:25,49.95,15778.0,3191.0,7792.0,2923.0,1063.0,475.0,154.0,KADRA,150.0,0.0
2026-05-07T16:34:58,07/05/2026 16:25,49.95,15778.0,3191.0,7792.0,2923.0,1063.0,475.0,154.0,GERUSOPPA,240.0,0.0
2026-05-07T16:34:58,07/05/2026 16:25,49.95,15778.0,3191.0,7792.0,2923.0,1063.0,475.0,154.0,JOG,139.2,65.0
2026-05-07T16:34:58,07/05/2026 16:25,49.95,15778.0,3191.0,7792.0,2923.0,1063.0,475.0,154.0,LPH,55.0,13.0
2026-05-07T16:34:58,07/05/2026 16:25,49.95,15778.0,3191.0,7792.0,2923.0,1063.0,475.0,154.0,SUPA,100.0,74.0
2026-05-07T16:34:58,07/05/2026 16:25,49.95,15778.0,3191.0,7792.0,2923.0,1063.0,475.0,154.0,SHIMSHA,17.2,0.0
2026-05-07T16:34:58,07/05/2026 16:25,49.95,15778.0,3191.0,7792.0,2923.0,1063.0,475.0,154.0,SHIVASAMUDRA,42.0,0.0
2026-05-07T16:34:58,07/05/2026 16:25,49.95,15778.0,3191.0,7792.0,2923.0,1063.0,475.0,154.0,MANIDAM,9.0,2.0
2026-05-07T16:34:58,07/05/2026 16:25,49.95,15778.0,3191.0,7792.0,2923.0,1063.0,475.0,154.0,MUNRABAD,38.0,0.0
2026-05-07T16:34:58,07/05/2026 16:25,49.95,15778.0,3191.0,7792.0,2923.0,1063.0,475.0,154.0,BHADRA,39.2,0.0
2026-05-07T16:34:58,07/05/2026 16:25,49.95,15778.0,3191.0,7792.0,2923.0,1063.0,475.0,154.0,GHATAPRABHA,32.0,0.0
2026-05-07T16:34:58,07/05/2026 16:25,49.95,15778.0,3191.0,7792.0,2923.0,1063.0,475.0,154.0,ALMATTI,290.0,0.0
2026-05-07T16:34:58,07/05/2026 16:25,49.95,15778.0,3191.0,7792.0,2923.0,1063.0,475.0,154.0,JINDAL,1460.0,157.0
2026-05-07T16:34:58,07/05/2026 16:25,49.95,15778.0,3191.0,7792.0,2923.0,1063.0,475.0,154.0,UPCL,1200.0,475.0
2026-05-07T16:34:58,07/05/2026 16:25,49.95,15778.0,3191.0,7792.0,2923.0,1063.0,475.0,154.0,YCCP,370.0,0.0
2026-05-07T16:35:57,07/05/2026 16:25,49.95,15778.0,3191.0,7792.0,2923.0,1063.0,475.0,154.0,RTPS,1720.0,866.0
2026-05-07T16:35:57,07/05/2026 16:25,49.95,15778.0,3191.0,7792.0,2923.0,1063.0,475.0,154.0,BTPS,1700.0,1476.0
2026-05-07T16:35:57,07/05/2026 16:25,49.95,15778.0,3191.0,7792.0,2923.0,1063.0,475.0,154.0,YTPS,1600.0,581.0
2026-05-07T16:35:57,07/05/2026 16:25,49.95,15778.0,3191.0,7792.0,2923.0,1063.0,475.0,154.0,SHARAVATHI,1035.0,479.0
2026-05-07T16:35:57,07/05/2026 16:25,49.95,15778.0,3191.0,7792.0,2923.0,1063.0,475.0,154.0,NAGJHARI,900.0,440.0
2026-05-07T16:35:57,07/05/2026 16:25,49.95,15778.0,3191.0,7792.0,2923.0,1063.0,475.0,154.0,VARAHI,460.0,144.0
2026-05-07T16:35:57,07/05/2026 16:25,49.95,15778.0,3191.0,7792.0,2923.0,1063.0,475.0,154.0,KODSALLI,120.0,0.0
2026-05-07T16:35:57,07/05/2026 16:25,49.95,15778.0,3191.0,7792.0,2923.0,1063.0,475.0,154.0,KADRA,150.0,0.0
2026-05-07T16:35:57,07/05/2026 16:25,49.95,15778.0,3191.0,7792.0,2923.0,1063.0,475.0,154.0,GERUSOPPA,240.0,0.0
2026-05-07T16:35:57,07/05/2026 16:25,49.95,15778.0,3191.0,7792.0,2923.0,1063.0,475.0,154.0,JOG,139.2,65.0
2026-05-07T16:35:57,07/05/2026 16:25,49.95,15778.0,3191.0,7792.0,2923.0,1063.0,475.0,154.0,LPH,55.0,13.0
2026-05-07T16:35:57,07/05/2026 16:25,49.95,15778.0,3191.0,7792.0,2923.0,1063.0,475.0,154.0,SUPA,100.0,74.0
2026-05-07T16:35:57,07/05/2026 16:25,49.95,15778.0,3191.0,7792.0,2923.0,1063.0,475.0,154.0,SHIMSHA,17.2,0.0
2026-05-07T16:35:57,07/05/2026 16:25,49.95,15778.0,3191.0,7792.0,2923.0,1063.0,475.0,154.0,SHIVASAMUDRA,42.0,0.0
2026-05-07T16:35:57,07/05/2026 16:25,49.95,15778.0,3191.0,7792.0,2923.0,1063.0,475.0,154.0,MANIDAM,9.0,2.0
2026-05-07T16:35:57,07/05/2026 16:25,49.95,15778.0,3191.0,7792.0,2923.0,1063.0,475.0,154.0,MUNRABAD,38.0,0.0
2026-05-07T16:35:57,07/05/2026 16:25,49.95,15778.0,3191.0,7792.0,2923.0,1063.0,475.0,154.0,BHADRA,39.2,0.0
2026-05-07T16:35:57,07/05/2026 16:25,49.95,15778.0,3191.0,7792.0,2923.0,1063.0,475.0,154.0,GHATAPRABHA,32.0,0.0
2026-05-07T16:35:57,07/05/2026 16:25,49.95,15778.0,3191.0,7792.0,2923.0,1063.0,475.0,154.0,ALMATTI,290.0,0.0
2026-05-07T16:35:57,07/05/2026 16:25,49.95,15778.0,3191.0,7792.0,2923.0,1063.0,475.0,154.0,JINDAL,1460.0,157.0
2026-05-07T16:35:57,07/05/2026 16:25,49.95,15778.0,3191.0,7792.0,2923.0,1063.0,475.0,154.0,UPCL,1200.0,475.0
2026-05-07T16:35:57,07/05/2026 16:25,49.95,15778.0,3191.0,7792.0,2923.0,1063.0,475.0,154.0,YCCP,370.0,0.0
2026-05-07T16:36:58,07/05/2026 16:25,49.95,15778.0,3191.0,7792.0,2923.0,1063.0,475.0,154.0,RTPS,1720.0,866.0
2026-05-07T16:36:58,07/05/2026 16:25,49.95,15778.0,3191.0,7792.0,2923.0,1063.0,475.0,154.0,BTPS,1700.0,1476.0
2026-05-07T16:36:58,07/05/2026 16:25,49.95,15778.0,3191.0,7792.0,2923.0,1063.0,475.0,154.0,YTPS,1600.0,581.0
2026-05-07T16:36:58,07/05/2026 16:25,49.95,15778.0,3191.0,7792.0,2923.0,1063.0,475.0,154.0,SHARAVATHI,1035.0,479.0
2026-05-07T16:36:58,07/05/2026 16:25,49.95,15778.0,3191.0,7792.0,2923.0,1063.0,475.0,154.0,NAGJHARI,900.0,440.0
2026-05-07T16:36:58,07/05/2026 16:25,49.95,15778.0,3191.0,7792.0,2923.0,1063.0,475.0,154.0,VARAHI,460.0,144.0
2026-05-07T16:36:58,07/05/2026 16:25,49.95,15778.0,3191.0,7792.0,2923.0,1063.0,475.0,154.0,KODSALLI,120.0,0.0
2026-05-07T16:36:58,07/05/2026 16:25,49.95,15778.0,3191.0,7792.0,2923.0,1063.0,475.0,154.0,KADRA,150.0,0.0
2026-05-07T16:36:58,07/05/2026 16:25,49.95,15778.0,3191.0,7792.0,2923.0,1063.0,475.0,154.0,GERUSOPPA,240.0,0.0
2026-05-07T16:36:58,07/05/2026 16:25,49.95,15778.0,3191.0,7792.0,2923.0,1063.0,475.0,154.0,JOG,139.2,65.0
2026-05-07T16:36:58,07/05/2026 16:25,49.95,15778.0,3191.0,7792.0,2923.0,1063.0,475.0,154.0,LPH,55.0,13.0
2026-05-07T16:36:58,07/05/2026 16:25,49.95,15778.0,3191.0,7792.0,2923.0,1063.0,475.0,154.0,SUPA,100.0,74.0
2026-05-07T16:36:58,07/05/2026 16:25,49.95,15778.0,3191.0,7792.0,2923.0,1063.0,475.0,154.0,SHIMSHA,17.2,0.0
2026-05-07T16:36:58,07/05/2026 16:25,49.95,15778.0,3191.0,7792.0,2923.0,1063.0,475.0,154.0,SHIVASAMUDRA,42.0,0.0
2026-05-07T16:36:58,07/05/2026 16:25,49.95,15778.0,3191.0,7792.0,2923.0,1063.0,475.0,154.0,MANIDAM,9.0,2.0
2026-05-07T16:36:58,07/05/2026 16:25,49.95,15778.0,3191.0,7792.0,2923.0,1063.0,475.0,154.0,MUNRABAD,38.0,0.0
2026-05-07T16:36:58,07/05/2026 16:25,49.95,15778.0,3191.0,7792.0,2923.0,1063.0,475.0,154.0,BHADRA,39.2,0.0
2026-05-07T16:36:58,07/05/2026 16:25,49.95,15778.0,3191.0,7792.0,2923.0,1063.0,475.0,154.0,GHATAPRABHA,32.0,0.0
2026-05-07T16:36:58,07/05/2026 16:25,49.95,15778.0,3191.0,7792.0,2923.0,1063.0,475.0,154.0,ALMATTI,290.0,0.0
2026-05-07T16:36:58,07/05/2026 16:25,49.95,15778.0,3191.0,7792.0,2923.0,1063.0,475.0,154.0,JINDAL,1460.0,157.0
2026-05-07T16:36:58,07/05/2026 16:25,49.95,15778.0,3191.0,7792.0,2923.0,1063.0,475.0,154.0,UPCL,1200.0,475.0
2026-05-07T16:36:58,07/05/2026 16:25,49.95,15778.0,3191.0,7792.0,2923.0,1063.0,475.0,154.0,YCCP,370.0,0.0
2026-05-07T16:37:58,07/05/2026 16:35,49.97,15498.0,2789.0,7662.0,2943.0,1390.0,476.0,153.0,RTPS,1720.0,874.0
2026-05-07T16:37:58,07/05/2026 16:35,49.97,15498.0,2789.0,7662.0,2943.0,1390.0,476.0,153.0,BTPS,1700.0,1485.0
2026-05-07T16:37:58,07/05/2026 16:35,49.97,15498.0,2789.0,7662.0,2943.0,1390.0,476.0,153.0,YTPS,1600.0,584.0
2026-05-07T16:37:58,07/05/2026 16:35,49.97,15498.0,2789.0,7662.0,2943.0,1390.0,476.0,153.0,SHARAVATHI,1035.0,682.0
2026-05-07T16:37:58,07/05/2026 16:35,49.97,15498.0,2789.0,7662.0,2943.0,1390.0,476.0,153.0,NAGJHARI,900.0,520.0
2026-05-07T16:37:58,07/05/2026 16:35,49.97,15498.0,2789.0,7662.0,2943.0,1390.0,476.0,153.0,VARAHI,460.0,188.0
2026-05-07T16:37:58,07/05/2026 16:35,49.97,15498.0,2789.0,7662.0,2943.0,1390.0,476.0,153.0,KODSALLI,120.0,0.0
2026-05-07T16:37:58,07/05/2026 16:35,49.97,15498.0,2789.0,7662.0,2943.0,1390.0,476.0,153.0,KADRA,150.0,0.0
2026-05-07T16:37:58,07/05/2026 16:35,49.97,15498.0,2789.0,7662.0,2943.0,1390.0,476.0,153.0,GERUSOPPA,240.0,0.0
2026-05-07T16:37:58,07/05/2026 16:35,49.97,15498.0,2789.0,7662.0,2943.0,1390.0,476.0,153.0,JOG,139.2,65.0
2026-05-07T16:37:58,07/05/2026 16:35,49.97,15498.0,2789.0,7662.0,2943.0,1390.0,476.0,153.0,LPH,55.0,12.0
2026-05-07T16:37:58,07/05/2026 16:35,49.97,15498.0,2789.0,7662.0,2943.0,1390.0,476.0,153.0,SUPA,100.0,74.0
2026-05-07T16:37:58,07/05/2026 16:35,49.97,15498.0,2789.0,7662.0,2943.0,1390.0,476.0,153.0,SHIMSHA,17.2,0.0
2026-05-07T16:37:58,07/05/2026 16:35,49.97,15498.0,2789.0,7662.0,2943.0,1390.0,476.0,153.0,SHIVASAMUDRA,42.0,0.0
2026-05-07T16:37:58,07/05/2026 16:35,49.97,15498.0,2789.0,7662.0,2943.0,1390.0,476.0,153.0,MANIDAM,9.0,2.0
2026-05-07T16:37:58,07/05/2026 16:35,49.97,15498.0,2789.0,7662.0,2943.0,1390.0,476.0,153.0,MUNRABAD,38.0,0.0
2026-05-07T16:37:58,07/05/2026 16:35,49.97,15498.0,2789.0,7662.0,2943.0,1390.0,476.0,153.0,BHADRA,39.2,0.0
2026-05-07T16:37:58,07/05/2026 16:35,49.97,15498.0,2789.0,7662.0,2943.0,1390.0,476.0,153.0,GHATAPRABHA,32.0,0.0
2026-05-07T16:37:58,07/05/2026 16:35,49.97,15498.0,2789.0,7662.0,2943.0,1390.0,476.0,153.0,ALMATTI,290.0,0.0
2026-05-07T16:37:58,07/05/2026 16:35,49.97,15498.0,2789.0,7662.0,2943.0,1390.0,476.0,153.0,JINDAL,1460.0,135.0
2026-05-07T16:37:58,07/05/2026 16:35,49.97,15498.0,2789.0,7662.0,2943.0,1390.0,476.0,153.0,UPCL,1200.0,476.0
2026-05-07T16:37:58,07/05/2026 16:35,49.97,15498.0,2789.0,7662.0,2943.0,1390.0,476.0,153.0,YCCP,370.0,0.0
2026-05-07T16:38:58,07/05/2026 16:35,49.97,15498.0,2789.0,7662.0,2943.0,1390.0,476.0,153.0,RTPS,1720.0,874.0
2026-05-07T16:38:58,07/05/2026 16:35,49.97,15498.0,2789.0,7662.0,2943.0,1390.0,476.0,153.0,BTPS,1700.0,1485.0
2026-05-07T16:38:58,07/05/2026 16:35,49.97,15498.0,2789.0,7662.0,2943.0,1390.0,476.0,153.0,YTPS,1600.0,584.0
2026-05-07T16:38:58,07/05/2026 16:35,49.97,15498.0,2789.0,7662.0,2943.0,1390.0,476.0,153.0,SHARAVATHI,1035.0,682.0
2026-05-07T16:38:58,07/05/2026 16:35,49.97,15498.0,2789.0,7662.0,2943.0,1390.0,476.0,153.0,NAGJHARI,900.0,520.0
2026-05-07T16:38:58,07/05/2026 16:35,49.97,15498.0,2789.0,7662.0,2943.0,1390.0,476.0,153.0,VARAHI,460.0,188.0
2026-05-07T16:38:58,07/05/2026 16:35,49.97,15498.0,2789.0,7662.0,2943.0,1390.0,476.0,153.0,KODSALLI,120.0,0.0
2026-05-07T16:38:58,07/05/2026 16:35,49.97,15498.0,2789.0,7662.0,2943.0,1390.0,476.0,153.0,KADRA,150.0,0.0
2026-05-07T16:38:58,07/05/2026 16:35,49.97,15498.0,2789.0,7662.0,2943.0,1390.0,476.0,153.0,GERUSOPPA,240.0,0.0
2026-05-07T16:38:58,07/05/2026 16:35,49.97,15498.0,2789.0,7662.0,2943.0,1390.0,476.0,153.0,JOG,139.2,65.0
2026-05-07T16:38:58,07/05/2026 16:35,49.97,15498.0,2789.0,7662.0,2943.0,1390.0,476.0,153.0,LPH,55.0,12.0
2026-05-07T16:38:58,07/05/2026 16:35,49.97,15498.0,2789.0,7662.0,2943.0,1390.0,476.0,153.0,SUPA,100.0,74.0
2026-05-07T16:38:58,07/05/2026 16:35,49.97,15498.0,2789.0,7662.0,2943.0,1390.0,476.0,153.0,SHIMSHA,17.2,0.0
2026-05-07T16:38:58,07/05/2026 16:35,49.97,15498.0,2789.0,7662.0,2943.0,1390.0,476.0,153.0,SHIVASAMUDRA,42.0,0.0
2026-05-07T16:38:58,07/05/2026 16:35,49.97,15498.0,2789.0,7662.0,2943.0,1390.0,476.0,153.0,MANIDAM,9.0,2.0
2026-05-07T16:38:58,07/05/2026 16:35,49.97,15498.0,2789.0,7662.0,2943.0,1390.0,476.0,153.0,MUNRABAD,38.0,0.0
2026-05-07T16:38:58,07/05/2026 16:35,49.97,15498.0,2789.0,7662.0,2943.0,1390.0,476.0,153.0,BHADRA,39.2,0.0
2026-05-07T16:38:58,07/05/2026 16:35,49.97,15498.0,2789.0,7662.0,2943.0,1390.0,476.0,153.0,GHATAPRABHA,32.0,0.0
2026-05-07T16:38:58,07/05/2026 16:35,49.97,15498.0,2789.0,7662.0,2943.0,1390.0,476.0,153.0,ALMATTI,290.0,0.0
2026-05-07T16:38:58,07/05/2026 16:35,49.97,15498.0,2789.0,7662.0,2943.0,1390.0,476.0,153.0,JINDAL,1460.0,135.0
2026-05-07T16:38:58,07/05/2026 16:35,49.97,15498.0,2789.0,7662.0,2943.0,1390.0,476.0,153.0,UPCL,1200.0,476.0
2026-05-07T16:38:58,07/05/2026 16:35,49.97,15498.0,2789.0,7662.0,2943.0,1390.0,476.0,153.0,YCCP,370.0,0.0
2026-05-07T16:39:57,07/05/2026 16:35,49.97,15498.0,2789.0,7662.0,2943.0,1390.0,476.0,153.0,RTPS,1720.0,874.0
2026-05-07T16:39:57,07/05/2026 16:35,49.97,15498.0,2789.0,7662.0,2943.0,1390.0,476.0,153.0,BTPS,1700.0,1485.0
2026-05-07T16:39:57,07/05/2026 16:35,49.97,15498.0,2789.0,7662.0,2943.0,1390.0,476.0,153.0,YTPS,1600.0,584.0
2026-05-07T16:39:57,07/05/2026 16:35,49.97,15498.0,2789.0,7662.0,2943.0,1390.0,476.0,153.0,SHARAVATHI,1035.0,682.0
2026-05-07T16:39:57,07/05/2026 16:35,49.97,15498.0,2789.0,7662.0,2943.0,1390.0,476.0,153.0,NAGJHARI,900.0,520.0
2026-05-07T16:39:57,07/05/2026 16:35,49.97,15498.0,2789.0,7662.0,2943.0,1390.0,476.0,153.0,VARAHI,460.0,188.0
2026-05-07T16:39:57,07/05/2026 16:35,49.97,15498.0,2789.0,7662.0,2943.0,1390.0,476.0,153.0,KODSALLI,120.0,0.0
2026-05-07T16:39:57,07/05/2026 16:35,49.97,15498.0,2789.0,7662.0,2943.0,1390.0,476.0,153.0,KADRA,150.0,0.0
2026-05-07T16:39:57,07/05/2026 16:35,49.97,15498.0,2789.0,7662.0,2943.0,1390.0,476.0,153.0,GERUSOPPA,240.0,0.0
2026-05-07T16:39:57,07/05/2026 16:35,49.97,15498.0,2789.0,7662.0,2943.0,1390.0,476.0,153.0,JOG,139.2,65.0
2026-05-07T16:39:57,07/05/2026 16:35,49.97,15498.0,2789.0,7662.0,2943.0,1390.0,476.0,153.0,LPH,55.0,12.0
2026-05-07T16:39:57,07/05/2026 16:35,49.97,15498.0,2789.0,7662.0,2943.0,1390.0,476.0,153.0,SUPA,100.0,74.0
2026-05-07T16:39:57,07/05/2026 16:35,49.97,15498.0,2789.0,7662.0,2943.0,1390.0,476.0,153.0,SHIMSHA,17.2,0.0
2026-05-07T16:39:57,07/05/2026 16:35,49.97,15498.0,2789.0,7662.0,2943.0,1390.0,476.0,153.0,SHIVASAMUDRA,42.0,0.0
2026-05-07T16:39:57,07/05/2026 16:35,49.97,15498.0,2789.0,7662.0,2943.0,1390.0,476.0,153.0,MANIDAM,9.0,2.0
2026-05-07T16:39:57,07/05/2026 16:35,49.97,15498.0,2789.0,7662.0,2943.0,1390.0,476.0,153.0,MUNRABAD,38.0,0.0
2026-05-07T16:39:57,07/05/2026 16:35,49.97,15498.0,2789.0,7662.0,2943.0,1390.0,476.0,153.0,BHADRA,39.2,0.0
2026-05-07T16:39:57,07/05/2026 16:35,49.97,15498.0,2789.0,7662.0,2943.0,1390.0,476.0,153.0,GHATAPRABHA,32.0,0.0
2026-05-07T16:39:57,07/05/2026 16:35,49.97,15498.0,2789.0,7662.0,2943.0,1390.0,476.0,153.0,ALMATTI,290.0,0.0
2026-05-07T16:39:57,07/05/2026 16:35,49.97,15498.0,2789.0,7662.0,2943.0,1390.0,476.0,153.0,JINDAL,1460.0,135.0
2026-05-07T16:39:57,07/05/2026 16:35,49.97,15498.0,2789.0,7662.0,2943.0,1390.0,476.0,153.0,UPCL,1200.0,476.0
2026-05-07T16:39:57,07/05/2026 16:35,49.97,15498.0,2789.0,7662.0,2943.0,1390.0,476.0,153.0,YCCP,370.0,0.0
2026-05-07T16:40:58,07/05/2026 16:35,49.97,15498.0,2789.0,7662.0,2943.0,1390.0,476.0,153.0,RTPS,1720.0,874.0
2026-05-07T16:40:58,07/05/2026 16:35,49.97,15498.0,2789.0,7662.0,2943.0,1390.0,476.0,153.0,BTPS,1700.0,1485.0
2026-05-07T16:40:58,07/05/2026 16:35,49.97,15498.0,2789.0,7662.0,2943.0,1390.0,476.0,153.0,YTPS,1600.0,584.0
2026-05-07T16:40:58,07/05/2026 16:35,49.97,15498.0,2789.0,7662.0,2943.0,1390.0,476.0,153.0,SHARAVATHI,1035.0,682.0
2026-05-07T16:40:58,07/05/2026 16:35,49.97,15498.0,2789.0,7662.0,2943.0,1390.0,476.0,153.0,NAGJHARI,900.0,520.0
2026-05-07T16:40:58,07/05/2026 16:35,49.97,15498.0,2789.0,7662.0,2943.0,1390.0,476.0,153.0,VARAHI,460.0,188.0
2026-05-07T16:40:58,07/05/2026 16:35,49.97,15498.0,2789.0,7662.0,2943.0,1390.0,476.0,153.0,KODSALLI,120.0,0.0
2026-05-07T16:40:58,07/05/2026 16:35,49.97,15498.0,2789.0,7662.0,2943.0,1390.0,476.0,153.0,KADRA,150.0,0.0
2026-05-07T16:40:58,07/05/2026 16:35,49.97,15498.0,2789.0,7662.0,2943.0,1390.0,476.0,153.0,GERUSOPPA,240.0,0.0
2026-05-07T16:40:58,07/05/2026 16:35,49.97,15498.0,2789.0,7662.0,2943.0,1390.0,476.0,153.0,JOG,139.2,65.0
2026-05-07T16:40:58,07/05/2026 16:35,49.97,15498.0,2789.0,7662.0,2943.0,1390.0,476.0,153.0,LPH,55.0,12.0
2026-05-07T16:40:58,07/05/2026 16:35,49.97,15498.0,2789.0,7662.0,2943.0,1390.0,476.0,153.0,SUPA,100.0,74.0
2026-05-07T16:40:58,07/05/2026 16:35,49.97,15498.0,2789.0,7662.0,2943.0,1390.0,476.0,153.0,SHIMSHA,17.2,0.0
2026-05-07T16:40:58,07/05/2026 16:35,49.97,15498.0,2789.0,7662.0,2943.0,1390.0,476.0,153.0,SHIVASAMUDRA,42.0,0.0
2026-05-07T16:40:58,07/05/2026 16:35,49.97,15498.0,2789.0,7662.0,2943.0,1390.0,476.0,153.0,MANIDAM,9.0,2.0
2026-05-07T16:40:58,07/05/2026 16:35,49.97,15498.0,2789.0,7662.0,2943.0,1390.0,476.0,153.0,MUNRABAD,38.0,0.0
2026-05-07T16:40:58,07/05/2026 16:35,49.97,15498.0,2789.0,7662.0,2943.0,1390.0,476.0,153.0,BHADRA,39.2,0.0
2026-05-07T16:40:58,07/05/2026 16:35,49.97,15498.0,2789.0,7662.0,2943.0,1390.0,476.0,153.0,GHATAPRABHA,32.0,0.0
2026-05-07T16:40:58,07/05/2026 16:35,49.97,15498.0,2789.0,7662.0,2943.0,1390.0,476.0,153.0,ALMATTI,290.0,0.0
2026-05-07T16:40:58,07/05/2026 16:35,49.97,15498.0,2789.0,7662.0,2943.0,1390.0,476.0,153.0,JINDAL,1460.0,135.0
2026-05-07T16:40:58,07/05/2026 16:35,49.97,15498.0,2789.0,7662.0,2943.0,1390.0,476.0,153.0,UPCL,1200.0,476.0
2026-05-07T16:40:58,07/05/2026 16:35,49.97,15498.0,2789.0,7662.0,2943.0,1390.0,476.0,153.0,YCCP,370.0,0.0
2026-05-07T16:41:58,07/05/2026 16:35,49.97,15498.0,2789.0,7662.0,2943.0,1390.0,476.0,153.0,RTPS,1720.0,874.0
2026-05-07T16:41:58,07/05/2026 16:35,49.97,15498.0,2789.0,7662.0,2943.0,1390.0,476.0,153.0,BTPS,1700.0,1485.0
2026-05-07T16:41:58,07/05/2026 16:35,49.97,15498.0,2789.0,7662.0,2943.0,1390.0,476.0,153.0,YTPS,1600.0,584.0
2026-05-07T16:41:58,07/05/2026 16:35,49.97,15498.0,2789.0,7662.0,2943.0,1390.0,476.0,153.0,SHARAVATHI,1035.0,682.0
2026-05-07T16:41:58,07/05/2026 16:35,49.97,15498.0,2789.0,7662.0,2943.0,1390.0,476.0,153.0,NAGJHARI,900.0,520.0
2026-05-07T16:41:58,07/05/2026 16:35,49.97,15498.0,2789.0,7662.0,2943.0,1390.0,476.0,153.0,VARAHI,460.0,188.0
2026-05-07T16:41:58,07/05/2026 16:35,49.97,15498.0,2789.0,7662.0,2943.0,1390.0,476.0,153.0,KODSALLI,120.0,0.0
2026-05-07T16:41:58,07/05/2026 16:35,49.97,15498.0,2789.0,7662.0,2943.0,1390.0,476.0,153.0,KADRA,150.0,0.0
2026-05-07T16:41:58,07/05/2026 16:35,49.97,15498.0,2789.0,7662.0,2943.0,1390.0,476.0,153.0,GERUSOPPA,240.0,0.0
2026-05-07T16:41:58,07/05/2026 16:35,49.97,15498.0,2789.0,7662.0,2943.0,1390.0,476.0,153.0,JOG,139.2,65.0
2026-05-07T16:41:58,07/05/2026 16:35,49.97,15498.0,2789.0,7662.0,2943.0,1390.0,476.0,153.0,LPH,55.0,12.0
2026-05-07T16:41:58,07/05/2026 16:35,49.97,15498.0,2789.0,7662.0,2943.0,1390.0,476.0,153.0,SUPA,100.0,74.0
2026-05-07T16:41:58,07/05/2026 16:35,49.97,15498.0,2789.0,7662.0,2943.0,1390.0,476.0,153.0,SHIMSHA,17.2,0.0
2026-05-07T16:41:58,07/05/2026 16:35,49.97,15498.0,2789.0,7662.0,2943.0,1390.0,476.0,153.0,SHIVASAMUDRA,42.0,0.0
2026-05-07T16:41:58,07/05/2026 16:35,49.97,15498.0,2789.0,7662.0,2943.0,1390.0,476.0,153.0,MANIDAM,9.0,2.0
2026-05-07T16:41:58,07/05/2026 16:35,49.97,15498.0,2789.0,7662.0,2943.0,1390.0,476.0,153.0,MUNRABAD,38.0,0.0
2026-05-07T16:41:58,07/05/2026 16:35,49.97,15498.0,2789.0,7662.0,2943.0,1390.0,476.0,153.0,BHADRA,39.2,0.0
2026-05-07T16:41:58,07/05/2026 16:35,49.97,15498.0,2789.0,7662.0,2943.0,1390.0,476.0,153.0,GHATAPRABHA,32.0,0.0
2026-05-07T16:41:58,07/05/2026 16:35,49.97,15498.0,2789.0,7662.0,2943.0,1390.0,476.0,153.0,ALMATTI,290.0,0.0
2026-05-07T16:41:58,07/05/2026 16:35,49.97,15498.0,2789.0,7662.0,2943.0,1390.0,476.0,153.0,JINDAL,1460.0,135.0
2026-05-07T16:41:58,07/05/2026 16:35,49.97,15498.0,2789.0,7662.0,2943.0,1390.0,476.0,153.0,UPCL,1200.0,476.0
2026-05-07T16:41:58,07/05/2026 16:35,49.97,15498.0,2789.0,7662.0,2943.0,1390.0,476.0,153.0,YCCP,370.0,0.0
2026-05-07T16:42:58,07/05/2026 16:35,49.97,15498.0,2789.0,7662.0,2943.0,1390.0,476.0,153.0,RTPS,1720.0,874.0
2026-05-07T16:42:58,07/05/2026 16:35,49.97,15498.0,2789.0,7662.0,2943.0,1390.0,476.0,153.0,BTPS,1700.0,1485.0
2026-05-07T16:42:58,07/05/2026 16:35,49.97,15498.0,2789.0,7662.0,2943.0,1390.0,476.0,153.0,YTPS,1600.0,584.0
2026-05-07T16:42:58,07/05/2026 16:35,49.97,15498.0,2789.0,7662.0,2943.0,1390.0,476.0,153.0,SHARAVATHI,1035.0,682.0
2026-05-07T16:42:58,07/05/2026 16:35,49.97,15498.0,2789.0,7662.0,2943.0,1390.0,476.0,153.0,NAGJHARI,900.0,520.0
2026-05-07T16:42:58,07/05/2026 16:35,49.97,15498.0,2789.0,7662.0,2943.0,1390.0,476.0,153.0,VARAHI,460.0,188.0
2026-05-07T16:42:58,07/05/2026 16:35,49.97,15498.0,2789.0,7662.0,2943.0,1390.0,476.0,153.0,KODSALLI,120.0,0.0
2026-05-07T16:42:58,07/05/2026 16:35,49.97,15498.0,2789.0,7662.0,2943.0,1390.0,476.0,153.0,KADRA,150.0,0.0
2026-05-07T16:42:58,07/05/2026 16:35,49.97,15498.0,2789.0,7662.0,2943.0,1390.0,476.0,153.0,GERUSOPPA,240.0,0.0
2026-05-07T16:42:58,07/05/2026 16:35,49.97,15498.0,2789.0,7662.0,2943.0,1390.0,476.0,153.0,JOG,139.2,65.0
2026-05-07T16:42:58,07/05/2026 16:35,49.97,15498.0,2789.0,7662.0,2943.0,1390.0,476.0,153.0,LPH,55.0,12.0
2026-05-07T16:42:58,07/05/2026 16:35,49.97,15498.0,2789.0,7662.0,2943.0,1390.0,476.0,153.0,SUPA,100.0,74.0
2026-05-07T16:42:58,07/05/2026 16:35,49.97,15498.0,2789.0,7662.0,2943.0,1390.0,476.0,153.0,SHIMSHA,17.2,0.0
2026-05-07T16:42:58,07/05/2026 16:35,49.97,15498.0,2789.0,7662.0,2943.0,1390.0,476.0,153.0,SHIVASAMUDRA,42.0,0.0
2026-05-07T16:42:58,07/05/2026 16:35,49.97,15498.0,2789.0,7662.0,2943.0,1390.0,476.0,153.0,MANIDAM,9.0,2.0
2026-05-07T16:42:58,07/05/2026 16:35,49.97,15498.0,2789.0,7662.0,2943.0,1390.0,476.0,153.0,MUNRABAD,38.0,0.0
2026-05-07T16:42:58,07/05/2026 16:35,49.97,15498.0,2789.0,7662.0,2943.0,1390.0,476.0,153.0,BHADRA,39.2,0.0
2026-05-07T16:42:58,07/05/2026 16:35,49.97,15498.0,2789.0,7662.0,2943.0,1390.0,476.0,153.0,GHATAPRABHA,32.0,0.0
2026-05-07T16:42:58,07/05/2026 16:35,49.97,15498.0,2789.0,7662.0,2943.0,1390.0,476.0,153.0,ALMATTI,290.0,0.0
2026-05-07T16:42:58,07/05/2026 16:35,49.97,15498.0,2789.0,7662.0,2943.0,1390.0,476.0,153.0,JINDAL,1460.0,135.0
2026-05-07T16:42:58,07/05/2026 16:35,49.97,15498.0,2789.0,7662.0,2943.0,1390.0,476.0,153.0,UPCL,1200.0,476.0
2026-05-07T16:42:58,07/05/2026 16:35,49.97,15498.0,2789.0,7662.0,2943.0,1390.0,476.0,153.0,YCCP,370.0,0.0
2026-05-07T16:43:58,07/05/2026 16:35,49.97,15498.0,2789.0,7662.0,2943.0,1390.0,476.0,153.0,RTPS,1720.0,874.0
2026-05-07T16:43:58,07/05/2026 16:35,49.97,15498.0,2789.0,7662.0,2943.0,1390.0,476.0,153.0,BTPS,1700.0,1485.0
2026-05-07T16:43:58,07/05/2026 16:35,49.97,15498.0,2789.0,7662.0,2943.0,1390.0,476.0,153.0,YTPS,1600.0,584.0
2026-05-07T16:43:58,07/05/2026 16:35,49.97,15498.0,2789.0,7662.0,2943.0,1390.0,476.0,153.0,SHARAVATHI,1035.0,682.0
2026-05-07T16:43:58,07/05/2026 16:35,49.97,15498.0,2789.0,7662.0,2943.0,1390.0,476.0,153.0,NAGJHARI,900.0,520.0
2026-05-07T16:43:58,07/05/2026 16:35,49.97,15498.0,2789.0,7662.0,2943.0,1390.0,476.0,153.0,VARAHI,460.0,188.0
2026-05-07T16:43:58,07/05/2026 16:35,49.97,15498.0,2789.0,7662.0,2943.0,1390.0,476.0,153.0,KODSALLI,120.0,0.0
2026-05-07T16:43:58,07/05/2026 16:35,49.97,15498.0,2789.0,7662.0,2943.0,1390.0,476.0,153.0,KADRA,150.0,0.0
2026-05-07T16:43:58,07/05/2026 16:35,49.97,15498.0,2789.0,7662.0,2943.0,1390.0,476.0,153.0,GERUSOPPA,240.0,0.0
2026-05-07T16:43:58,07/05/2026 16:35,49.97,15498.0,2789.0,7662.0,2943.0,1390.0,476.0,153.0,JOG,139.2,65.0
2026-05-07T16:43:58,07/05/2026 16:35,49.97,15498.0,2789.0,7662.0,2943.0,1390.0,476.0,153.0,LPH,55.0,12.0
2026-05-07T16:43:58,07/05/2026 16:35,49.97,15498.0,2789.0,7662.0,2943.0,1390.0,476.0,153.0,SUPA,100.0,74.0
2026-05-07T16:43:58,07/05/2026 16:35,49.97,15498.0,2789.0,7662.0,2943.0,1390.0,476.0,153.0,SHIMSHA,17.2,0.0
2026-05-07T16:43:58,07/05/2026 16:35,49.97,15498.0,2789.0,7662.0,2943.0,1390.0,476.0,153.0,SHIVASAMUDRA,42.0,0.0
2026-05-07T16:43:58,07/05/2026 16:35,49.97,15498.0,2789.0,7662.0,2943.0,1390.0,476.0,153.0,MANIDAM,9.0,2.0
2026-05-07T16:43:58,07/05/2026 16:35,49.97,15498.0,2789.0,7662.0,2943.0,1390.0,476.0,153.0,MUNRABAD,38.0,0.0
2026-05-07T16:43:58,07/05/2026 16:35,49.97,15498.0,2789.0,7662.0,2943.0,1390.0,476.0,153.0,BHADRA,39.2,0.0
2026-05-07T16:43:58,07/05/2026 16:35,49.97,15498.0,2789.0,7662.0,2943.0,1390.0,476.0,153.0,GHATAPRABHA,32.0,0.0
2026-05-07T16:43:58,07/05/2026 16:35,49.97,15498.0,2789.0,7662.0,2943.0,1390.0,476.0,153.0,ALMATTI,290.0,0.0
2026-05-07T16:43:58,07/05/2026 16:35,49.97,15498.0,2789.0,7662.0,2943.0,1390.0,476.0,153.0,JINDAL,1460.0,135.0
2026-05-07T16:43:58,07/05/2026 16:35,49.97,15498.0,2789.0,7662.0,2943.0,1390.0,476.0,153.0,UPCL,1200.0,476.0
2026-05-07T16:43:58,07/05/2026 16:35,49.97,15498.0,2789.0,7662.0,2943.0,1390.0,476.0,153.0,YCCP,370.0,0.0
2026-05-07T16:44:58,07/05/2026 16:35,49.97,15498.0,2789.0,7662.0,2943.0,1390.0,476.0,153.0,RTPS,1720.0,874.0
2026-05-07T16:44:58,07/05/2026 16:35,49.97,15498.0,2789.0,7662.0,2943.0,1390.0,476.0,153.0,BTPS,1700.0,1485.0
2026-05-07T16:44:58,07/05/2026 16:35,49.97,15498.0,2789.0,7662.0,2943.0,1390.0,476.0,153.0,YTPS,1600.0,584.0
2026-05-07T16:44:58,07/05/2026 16:35,49.97,15498.0,2789.0,7662.0,2943.0,1390.0,476.0,153.0,SHARAVATHI,1035.0,682.0
2026-05-07T16:44:58,07/05/2026 16:35,49.97,15498.0,2789.0,7662.0,2943.0,1390.0,476.0,153.0,NAGJHARI,900.0,520.0
2026-05-07T16:44:58,07/05/2026 16:35,49.97,15498.0,2789.0,7662.0,2943.0,1390.0,476.0,153.0,VARAHI,460.0,188.0
2026-05-07T16:44:58,07/05/2026 16:35,49.97,15498.0,2789.0,7662.0,2943.0,1390.0,476.0,153.0,KODSALLI,120.0,0.0
2026-05-07T16:44:58,07/05/2026 16:35,49.97,15498.0,2789.0,7662.0,2943.0,1390.0,476.0,153.0,KADRA,150.0,0.0
2026-05-07T16:44:58,07/05/2026 16:35,49.97,15498.0,2789.0,7662.0,2943.0,1390.0,476.0,153.0,GERUSOPPA,240.0,0.0
2026-05-07T16:44:58,07/05/2026 16:35,49.97,15498.0,2789.0,7662.0,2943.0,1390.0,476.0,153.0,JOG,139.2,65.0
2026-05-07T16:44:58,07/05/2026 16:35,49.97,15498.0,2789.0,7662.0,2943.0,1390.0,476.0,153.0,LPH,55.0,12.0
2026-05-07T16:44:58,07/05/2026 16:35,49.97,15498.0,2789.0,7662.0,2943.0,1390.0,476.0,153.0,SUPA,100.0,74.0
2026-05-07T16:44:58,07/05/2026 16:35,49.97,15498.0,2789.0,7662.0,2943.0,1390.0,476.0,153.0,SHIMSHA,17.2,0.0
2026-05-07T16:44:58,07/05/2026 16:35,49.97,15498.0,2789.0,7662.0,2943.0,1390.0,476.0,153.0,SHIVASAMUDRA,42.0,0.0
2026-05-07T16:44:58,07/05/2026 16:35,49.97,15498.0,2789.0,7662.0,2943.0,1390.0,476.0,153.0,MANIDAM,9.0,2.0
2026-05-07T16:44:58,07/05/2026 16:35,49.97,15498.0,2789.0,7662.0,2943.0,1390.0,476.0,153.0,MUNRABAD,38.0,0.0
2026-05-07T16:44:58,07/05/2026 16:35,49.97,15498.0,2789.0,7662.0,2943.0,1390.0,476.0,153.0,BHADRA,39.2,0.0
2026-05-07T16:44:58,07/05/2026 16:35,49.97,15498.0,2789.0,7662.0,2943.0,1390.0,476.0,153.0,GHATAPRABHA,32.0,0.0
2026-05-07T16:44:58,07/05/2026 16:35,49.97,15498.0,2789.0,7662.0,2943.0,1390.0,476.0,153.0,ALMATTI,290.0,0.0
2026-05-07T16:44:58,07/05/2026 16:35,49.97,15498.0,2789.0,7662.0,2943.0,1390.0,476.0,153.0,JINDAL,1460.0,135.0
2026-05-07T16:44:58,07/05/2026 16:35,49.97,15498.0,2789.0,7662.0,2943.0,1390.0,476.0,153.0,UPCL,1200.0,476.0
2026-05-07T16:44:58,07/05/2026 16:35,49.97,15498.0,2789.0,7662.0,2943.0,1390.0,476.0,153.0,YCCP,370.0,0.0
2026-05-07T16:45:58,07/05/2026 16:35,49.97,15498.0,2789.0,7662.0,2943.0,1390.0,476.0,153.0,RTPS,1720.0,874.0
2026-05-07T16:45:58,07/05/2026 16:35,49.97,15498.0,2789.0,7662.0,2943.0,1390.0,476.0,153.0,BTPS,1700.0,1485.0
2026-05-07T16:45:58,07/05/2026 16:35,49.97,15498.0,2789.0,7662.0,2943.0,1390.0,476.0,153.0,YTPS,1600.0,584.0
2026-05-07T16:45:58,07/05/2026 16:35,49.97,15498.0,2789.0,7662.0,2943.0,1390.0,476.0,153.0,SHARAVATHI,1035.0,682.0
2026-05-07T16:45:58,07/05/2026 16:35,49.97,15498.0,2789.0,7662.0,2943.0,1390.0,476.0,153.0,NAGJHARI,900.0,520.0
2026-05-07T16:45:58,07/05/2026 16:35,49.97,15498.0,2789.0,7662.0,2943.0,1390.0,476.0,153.0,VARAHI,460.0,188.0
2026-05-07T16:45:58,07/05/2026 16:35,49.97,15498.0,2789.0,7662.0,2943.0,1390.0,476.0,153.0,KODSALLI,120.0,0.0
2026-05-07T16:45:58,07/05/2026 16:35,49.97,15498.0,2789.0,7662.0,2943.0,1390.0,476.0,153.0,KADRA,150.0,0.0
2026-05-07T16:45:58,07/05/2026 16:35,49.97,15498.0,2789.0,7662.0,2943.0,1390.0,476.0,153.0,GERUSOPPA,240.0,0.0
2026-05-07T16:45:58,07/05/2026 16:35,49.97,15498.0,2789.0,7662.0,2943.0,1390.0,476.0,153.0,JOG,139.2,65.0
2026-05-07T16:45:58,07/05/2026 16:35,49.97,15498.0,2789.0,7662.0,2943.0,1390.0,476.0,153.0,LPH,55.0,12.0
2026-05-07T16:45:58,07/05/2026 16:35,49.97,15498.0,2789.0,7662.0,2943.0,1390.0,476.0,153.0,SUPA,100.0,74.0
2026-05-07T16:45:58,07/05/2026 16:35,49.97,15498.0,2789.0,7662.0,2943.0,1390.0,476.0,153.0,SHIMSHA,17.2,0.0
2026-05-07T16:45:58,07/05/2026 16:35,49.97,15498.0,2789.0,7662.0,2943.0,1390.0,476.0,153.0,SHIVASAMUDRA,42.0,0.0
2026-05-07T16:45:58,07/05/2026 16:35,49.97,15498.0,2789.0,7662.0,2943.0,1390.0,476.0,153.0,MANIDAM,9.0,2.0
2026-05-07T16:45:58,07/05/2026 16:35,49.97,15498.0,2789.0,7662.0,2943.0,1390.0,476.0,153.0,MUNRABAD,38.0,0.0
2026-05-07T16:45:58,07/05/2026 16:35,49.97,15498.0,2789.0,7662.0,2943.0,1390.0,476.0,153.0,BHADRA,39.2,0.0
2026-05-07T16:45:58,07/05/2026 16:35,49.97,15498.0,2789.0,7662.0,2943.0,1390.0,476.0,153.0,GHATAPRABHA,32.0,0.0
2026-05-07T16:45:58,07/05/2026 16:35,49.97,15498.0,2789.0,7662.0,2943.0,1390.0,476.0,153.0,ALMATTI,290.0,0.0
2026-05-07T16:45:58,07/05/2026 16:35,49.97,15498.0,2789.0,7662.0,2943.0,1390.0,476.0,153.0,JINDAL,1460.0,135.0
2026-05-07T16:45:58,07/05/2026 16:35,49.97,15498.0,2789.0,7662.0,2943.0,1390.0,476.0,153.0,UPCL,1200.0,476.0
2026-05-07T16:45:58,07/05/2026 16:35,49.97,15498.0,2789.0,7662.0,2943.0,1390.0,476.0,153.0,YCCP,370.0,0.0
2026-05-07T16:46:58,07/05/2026 16:35,49.97,15498.0,2789.0,7662.0,2943.0,1390.0,476.0,153.0,RTPS,1720.0,874.0
2026-05-07T16:46:58,07/05/2026 16:35,49.97,15498.0,2789.0,7662.0,2943.0,1390.0,476.0,153.0,BTPS,1700.0,1485.0
2026-05-07T16:46:58,07/05/2026 16:35,49.97,15498.0,2789.0,7662.0,2943.0,1390.0,476.0,153.0,YTPS,1600.0,584.0
2026-05-07T16:46:58,07/05/2026 16:35,49.97,15498.0,2789.0,7662.0,2943.0,1390.0,476.0,153.0,SHARAVATHI,1035.0,682.0
2026-05-07T16:46:58,07/05/2026 16:35,49.97,15498.0,2789.0,7662.0,2943.0,1390.0,476.0,153.0,NAGJHARI,900.0,520.0
2026-05-07T16:46:58,07/05/2026 16:35,49.97,15498.0,2789.0,7662.0,2943.0,1390.0,476.0,153.0,VARAHI,460.0,188.0
2026-05-07T16:46:58,07/05/2026 16:35,49.97,15498.0,2789.0,7662.0,2943.0,1390.0,476.0,153.0,KODSALLI,120.0,0.0
2026-05-07T16:46:58,07/05/2026 16:35,49.97,15498.0,2789.0,7662.0,2943.0,1390.0,476.0,153.0,KADRA,150.0,0.0
2026-05-07T16:46:58,07/05/2026 16:35,49.97,15498.0,2789.0,7662.0,2943.0,1390.0,476.0,153.0,GERUSOPPA,240.0,0.0
2026-05-07T16:46:58,07/05/2026 16:35,49.97,15498.0,2789.0,7662.0,2943.0,1390.0,476.0,153.0,JOG,139.2,65.0
2026-05-07T16:46:58,07/05/2026 16:35,49.97,15498.0,2789.0,7662.0,2943.0,1390.0,476.0,153.0,LPH,55.0,12.0
2026-05-07T16:46:58,07/05/2026 16:35,49.97,15498.0,2789.0,7662.0,2943.0,1390.0,476.0,153.0,SUPA,100.0,74.0
2026-05-07T16:46:58,07/05/2026 16:35,49.97,15498.0,2789.0,7662.0,2943.0,1390.0,476.0,153.0,SHIMSHA,17.2,0.0
2026-05-07T16:46:58,07/05/2026 16:35,49.97,15498.0,2789.0,7662.0,2943.0,1390.0,476.0,153.0,SHIVASAMUDRA,42.0,0.0
2026-05-07T16:46:58,07/05/2026 16:35,49.97,15498.0,2789.0,7662.0,2943.0,1390.0,476.0,153.0,MANIDAM,9.0,2.0
2026-05-07T16:46:58,07/05/2026 16:35,49.97,15498.0,2789.0,7662.0,2943.0,1390.0,476.0,153.0,MUNRABAD,38.0,0.0
2026-05-07T16:46:58,07/05/2026 16:35,49.97,15498.0,2789.0,7662.0,2943.0,1390.0,476.0,153.0,BHADRA,39.2,0.0
2026-05-07T16:46:58,07/05/2026 16:35,49.97,15498.0,2789.0,7662.0,2943.0,1390.0,476.0,153.0,GHATAPRABHA,32.0,0.0
2026-05-07T16:46:58,07/05/2026 16:35,49.97,15498.0,2789.0,7662.0,2943.0,1390.0,476.0,153.0,ALMATTI,290.0,0.0
2026-05-07T16:46:58,07/05/2026 16:35,49.97,15498.0,2789.0,7662.0,2943.0,1390.0,476.0,153.0,JINDAL,1460.0,135.0
2026-05-07T16:46:58,07/05/2026 16:35,49.97,15498.0,2789.0,7662.0,2943.0,1390.0,476.0,153.0,UPCL,1200.0,476.0
2026-05-07T16:46:58,07/05/2026 16:35,49.97,15498.0,2789.0,7662.0,2943.0,1390.0,476.0,153.0,YCCP,370.0,0.0
2026-05-07T16:47:57,07/05/2026 16:45,49.99,15556.0,2456.0,7788.0,2941.0,1424.0,478.0,326.0,RTPS,1720.0,882.0
2026-05-07T16:47:57,07/05/2026 16:45,49.99,15556.0,2456.0,7788.0,2941.0,1424.0,478.0,326.0,BTPS,1700.0,1476.0
2026-05-07T16:47:57,07/05/2026 16:45,49.99,15556.0,2456.0,7788.0,2941.0,1424.0,478.0,326.0,YTPS,1600.0,583.0
2026-05-07T16:47:57,07/05/2026 16:45,49.99,15556.0,2456.0,7788.0,2941.0,1424.0,478.0,326.0,SHARAVATHI,1035.0,678.0
2026-05-07T16:47:57,07/05/2026 16:45,49.99,15556.0,2456.0,7788.0,2941.0,1424.0,478.0,326.0,NAGJHARI,900.0,558.0
2026-05-07T16:47:57,07/05/2026 16:45,49.99,15556.0,2456.0,7788.0,2941.0,1424.0,478.0,326.0,VARAHI,460.0,188.0
2026-05-07T16:47:57,07/05/2026 16:45,49.99,15556.0,2456.0,7788.0,2941.0,1424.0,478.0,326.0,KODSALLI,120.0,38.0
2026-05-07T16:47:57,07/05/2026 16:45,49.99,15556.0,2456.0,7788.0,2941.0,1424.0,478.0,326.0,KADRA,150.0,49.0
2026-05-07T16:47:57,07/05/2026 16:45,49.99,15556.0,2456.0,7788.0,2941.0,1424.0,478.0,326.0,GERUSOPPA,240.0,86.0
2026-05-07T16:47:57,07/05/2026 16:45,49.99,15556.0,2456.0,7788.0,2941.0,1424.0,478.0,326.0,JOG,139.2,65.0
2026-05-07T16:47:57,07/05/2026 16:45,49.99,15556.0,2456.0,7788.0,2941.0,1424.0,478.0,326.0,LPH,55.0,12.0
2026-05-07T16:47:57,07/05/2026 16:45,49.99,15556.0,2456.0,7788.0,2941.0,1424.0,478.0,326.0,SUPA,100.0,74.0
2026-05-07T16:47:57,07/05/2026 16:45,49.99,15556.0,2456.0,7788.0,2941.0,1424.0,478.0,326.0,SHIMSHA,17.2,0.0
2026-05-07T16:47:57,07/05/2026 16:45,49.99,15556.0,2456.0,7788.0,2941.0,1424.0,478.0,326.0,SHIVASAMUDRA,42.0,0.0
2026-05-07T16:47:57,07/05/2026 16:45,49.99,15556.0,2456.0,7788.0,2941.0,1424.0,478.0,326.0,MANIDAM,9.0,2.0
2026-05-07T16:47:57,07/05/2026 16:45,49.99,15556.0,2456.0,7788.0,2941.0,1424.0,478.0,326.0,MUNRABAD,38.0,0.0
2026-05-07T16:47:57,07/05/2026 16:45,49.99,15556.0,2456.0,7788.0,2941.0,1424.0,478.0,326.0,BHADRA,39.2,0.0
2026-05-07T16:47:57,07/05/2026 16:45,49.99,15556.0,2456.0,7788.0,2941.0,1424.0,478.0,326.0,GHATAPRABHA,32.0,0.0
2026-05-07T16:47:57,07/05/2026 16:45,49.99,15556.0,2456.0,7788.0,2941.0,1424.0,478.0,326.0,ALMATTI,290.0,0.0
2026-05-07T16:47:57,07/05/2026 16:45,49.99,15556.0,2456.0,7788.0,2941.0,1424.0,478.0,326.0,JINDAL,1460.0,121.0
2026-05-07T16:47:57,07/05/2026 16:45,49.99,15556.0,2456.0,7788.0,2941.0,1424.0,478.0,326.0,UPCL,1200.0,478.0
2026-05-07T16:47:57,07/05/2026 16:45,49.99,15556.0,2456.0,7788.0,2941.0,1424.0,478.0,326.0,YCCP,370.0,0.0
2026-05-07T16:48:58,07/05/2026 16:45,49.99,15556.0,2456.0,7788.0,2941.0,1424.0,478.0,326.0,RTPS,1720.0,882.0
2026-05-07T16:48:58,07/05/2026 16:45,49.99,15556.0,2456.0,7788.0,2941.0,1424.0,478.0,326.0,BTPS,1700.0,1476.0
2026-05-07T16:48:58,07/05/2026 16:45,49.99,15556.0,2456.0,7788.0,2941.0,1424.0,478.0,326.0,YTPS,1600.0,583.0
2026-05-07T16:48:58,07/05/2026 16:45,49.99,15556.0,2456.0,7788.0,2941.0,1424.0,478.0,326.0,SHARAVATHI,1035.0,678.0
2026-05-07T16:48:58,07/05/2026 16:45,49.99,15556.0,2456.0,7788.0,2941.0,1424.0,478.0,326.0,NAGJHARI,900.0,558.0
2026-05-07T16:48:58,07/05/2026 16:45,49.99,15556.0,2456.0,7788.0,2941.0,1424.0,478.0,326.0,VARAHI,460.0,188.0
2026-05-07T16:48:58,07/05/2026 16:45,49.99,15556.0,2456.0,7788.0,2941.0,1424.0,478.0,326.0,KODSALLI,120.0,38.0
2026-05-07T16:48:58,07/05/2026 16:45,49.99,15556.0,2456.0,7788.0,2941.0,1424.0,478.0,326.0,KADRA,150.0,49.0
2026-05-07T16:48:58,07/05/2026 16:45,49.99,15556.0,2456.0,7788.0,2941.0,1424.0,478.0,326.0,GERUSOPPA,240.0,86.0
2026-05-07T16:48:58,07/05/2026 16:45,49.99,15556.0,2456.0,7788.0,2941.0,1424.0,478.0,326.0,JOG,139.2,65.0
2026-05-07T16:48:58,07/05/2026 16:45,49.99,15556.0,2456.0,7788.0,2941.0,1424.0,478.0,326.0,LPH,55.0,12.0
2026-05-07T16:48:58,07/05/2026 16:45,49.99,15556.0,2456.0,7788.0,2941.0,1424.0,478.0,326.0,SUPA,100.0,74.0
2026-05-07T16:48:58,07/05/2026 16:45,49.99,15556.0,2456.0,7788.0,2941.0,1424.0,478.0,326.0,SHIMSHA,17.2,0.0
2026-05-07T16:48:58,07/05/2026 16:45,49.99,15556.0,2456.0,7788.0,2941.0,1424.0,478.0,326.0,SHIVASAMUDRA,42.0,0.0
2026-05-07T16:48:58,07/05/2026 16:45,49.99,15556.0,2456.0,7788.0,2941.0,1424.0,478.0,326.0,MANIDAM,9.0,2.0
2026-05-07T16:48:58,07/05/2026 16:45,49.99,15556.0,2456.0,7788.0,2941.0,1424.0,478.0,326.0,MUNRABAD,38.0,0.0
2026-05-07T16:48:58,07/05/2026 16:45,49.99,15556.0,2456.0,7788.0,2941.0,1424.0,478.0,326.0,BHADRA,39.2,0.0
2026-05-07T16:48:58,07/05/2026 16:45,49.99,15556.0,2456.0,7788.0,2941.0,1424.0,478.0,326.0,GHATAPRABHA,32.0,0.0
2026-05-07T16:48:58,07/05/2026 16:45,49.99,15556.0,2456.0,7788.0,2941.0,1424.0,478.0,326.0,ALMATTI,290.0,0.0
2026-05-07T16:48:58,07/05/2026 16:45,49.99,15556.0,2456.0,7788.0,2941.0,1424.0,478.0,326.0,JINDAL,1460.0,121.0
2026-05-07T16:48:58,07/05/2026 16:45,49.99,15556.0,2456.0,7788.0,2941.0,1424.0,478.0,326.0,UPCL,1200.0,478.0
2026-05-07T16:48:58,07/05/2026 16:45,49.99,15556.0,2456.0,7788.0,2941.0,1424.0,478.0,326.0,YCCP,370.0,0.0
2026-05-07T16:49:58,07/05/2026 16:45,49.99,15556.0,2456.0,7788.0,2941.0,1424.0,478.0,326.0,RTPS,1720.0,882.0
2026-05-07T16:49:58,07/05/2026 16:45,49.99,15556.0,2456.0,7788.0,2941.0,1424.0,478.0,326.0,BTPS,1700.0,1476.0
2026-05-07T16:49:58,07/05/2026 16:45,49.99,15556.0,2456.0,7788.0,2941.0,1424.0,478.0,326.0,YTPS,1600.0,583.0
2026-05-07T16:49:58,07/05/2026 16:45,49.99,15556.0,2456.0,7788.0,2941.0,1424.0,478.0,326.0,SHARAVATHI,1035.0,678.0
2026-05-07T16:49:58,07/05/2026 16:45,49.99,15556.0,2456.0,7788.0,2941.0,1424.0,478.0,326.0,NAGJHARI,900.0,558.0
2026-05-07T16:49:58,07/05/2026 16:45,49.99,15556.0,2456.0,7788.0,2941.0,1424.0,478.0,326.0,VARAHI,460.0,188.0
2026-05-07T16:49:58,07/05/2026 16:45,49.99,15556.0,2456.0,7788.0,2941.0,1424.0,478.0,326.0,KODSALLI,120.0,38.0
2026-05-07T16:49:58,07/05/2026 16:45,49.99,15556.0,2456.0,7788.0,2941.0,1424.0,478.0,326.0,KADRA,150.0,49.0
2026-05-07T16:49:58,07/05/2026 16:45,49.99,15556.0,2456.0,7788.0,2941.0,1424.0,478.0,326.0,GERUSOPPA,240.0,86.0
2026-05-07T16:49:58,07/05/2026 16:45,49.99,15556.0,2456.0,7788.0,2941.0,1424.0,478.0,326.0,JOG,139.2,65.0
2026-05-07T16:49:58,07/05/2026 16:45,49.99,15556.0,2456.0,7788.0,2941.0,1424.0,478.0,326.0,LPH,55.0,12.0
2026-05-07T16:49:58,07/05/2026 16:45,49.99,15556.0,2456.0,7788.0,2941.0,1424.0,478.0,326.0,SUPA,100.0,74.0
2026-05-07T16:49:58,07/05/2026 16:45,49.99,15556.0,2456.0,7788.0,2941.0,1424.0,478.0,326.0,SHIMSHA,17.2,0.0
2026-05-07T16:49:58,07/05/2026 16:45,49.99,15556.0,2456.0,7788.0,2941.0,1424.0,478.0,326.0,SHIVASAMUDRA,42.0,0.0
2026-05-07T16:49:58,07/05/2026 16:45,49.99,15556.0,2456.0,7788.0,2941.0,1424.0,478.0,326.0,MANIDAM,9.0,2.0
2026-05-07T16:49:58,07/05/2026 16:45,49.99,15556.0,2456.0,7788.0,2941.0,1424.0,478.0,326.0,MUNRABAD,38.0,0.0
2026-05-07T16:49:58,07/05/2026 16:45,49.99,15556.0,2456.0,7788.0,2941.0,1424.0,478.0,326.0,BHADRA,39.2,0.0
2026-05-07T16:49:58,07/05/2026 16:45,49.99,15556.0,2456.0,7788.0,2941.0,1424.0,478.0,326.0,GHATAPRABHA,32.0,0.0
2026-05-07T16:49:58,07/05/2026 16:45,49.99,15556.0,2456.0,7788.0,2941.0,1424.0,478.0,326.0,ALMATTI,290.0,0.0
2026-05-07T16:49:58,07/05/2026 16:45,49.99,15556.0,2456.0,7788.0,2941.0,1424.0,478.0,326.0,JINDAL,1460.0,121.0
2026-05-07T16:49:58,07/05/2026 16:45,49.99,15556.0,2456.0,7788.0,2941.0,1424.0,478.0,326.0,UPCL,1200.0,478.0
2026-05-07T16:49:58,07/05/2026 16:45,49.99,15556.0,2456.0,7788.0,2941.0,1424.0,478.0,326.0,YCCP,370.0,0.0
2026-05-07T16:50:58,07/05/2026 16:45,49.99,15556.0,2456.0,7788.0,2941.0,1424.0,478.0,326.0,RTPS,1720.0,882.0
2026-05-07T16:50:58,07/05/2026 16:45,49.99,15556.0,2456.0,7788.0,2941.0,1424.0,478.0,326.0,BTPS,1700.0,1476.0
2026-05-07T16:50:58,07/05/2026 16:45,49.99,15556.0,2456.0,7788.0,2941.0,1424.0,478.0,326.0,YTPS,1600.0,583.0
2026-05-07T16:50:58,07/05/2026 16:45,49.99,15556.0,2456.0,7788.0,2941.0,1424.0,478.0,326.0,SHARAVATHI,1035.0,678.0
2026-05-07T16:50:58,07/05/2026 16:45,49.99,15556.0,2456.0,7788.0,2941.0,1424.0,478.0,326.0,NAGJHARI,900.0,558.0
2026-05-07T16:50:58,07/05/2026 16:45,49.99,15556.0,2456.0,7788.0,2941.0,1424.0,478.0,326.0,VARAHI,460.0,188.0
2026-05-07T16:50:58,07/05/2026 16:45,49.99,15556.0,2456.0,7788.0,2941.0,1424.0,478.0,326.0,KODSALLI,120.0,38.0
2026-05-07T16:50:58,07/05/2026 16:45,49.99,15556.0,2456.0,7788.0,2941.0,1424.0,478.0,326.0,KADRA,150.0,49.0
2026-05-07T16:50:58,07/05/2026 16:45,49.99,15556.0,2456.0,7788.0,2941.0,1424.0,478.0,326.0,GERUSOPPA,240.0,86.0
2026-05-07T16:50:58,07/05/2026 16:45,49.99,15556.0,2456.0,7788.0,2941.0,1424.0,478.0,326.0,JOG,139.2,65.0
2026-05-07T16:50:58,07/05/2026 16:45,49.99,15556.0,2456.0,7788.0,2941.0,1424.0,478.0,326.0,LPH,55.0,12.0
2026-05-07T16:50:58,07/05/2026 16:45,49.99,15556.0,2456.0,7788.0,2941.0,1424.0,478.0,326.0,SUPA,100.0,74.0
2026-05-07T16:50:58,07/05/2026 16:45,49.99,15556.0,2456.0,7788.0,2941.0,1424.0,478.0,326.0,SHIMSHA,17.2,0.0
2026-05-07T16:50:58,07/05/2026 16:45,49.99,15556.0,2456.0,7788.0,2941.0,1424.0,478.0,326.0,SHIVASAMUDRA,42.0,0.0
2026-05-07T16:50:58,07/05/2026 16:45,49.99,15556.0,2456.0,7788.0,2941.0,1424.0,478.0,326.0,MANIDAM,9.0,2.0
2026-05-07T16:50:58,07/05/2026 16:45,49.99,15556.0,2456.0,7788.0,2941.0,1424.0,478.0,326.0,MUNRABAD,38.0,0.0
2026-05-07T16:50:58,07/05/2026 16:45,49.99,15556.0,2456.0,7788.0,2941.0,1424.0,478.0,326.0,BHADRA,39.2,0.0
2026-05-07T16:50:58,07/05/2026 16:45,49.99,15556.0,2456.0,7788.0,2941.0,1424.0,478.0,326.0,GHATAPRABHA,32.0,0.0
2026-05-07T16:50:58,07/05/2026 16:45,49.99,15556.0,2456.0,7788.0,2941.0,1424.0,478.0,326.0,ALMATTI,290.0,0.0
2026-05-07T16:50:58,07/05/2026 16:45,49.99,15556.0,2456.0,7788.0,2941.0,1424.0,478.0,326.0,JINDAL,1460.0,121.0
2026-05-07T16:50:58,07/05/2026 16:45,49.99,15556.0,2456.0,7788.0,2941.0,1424.0,478.0,326.0,UPCL,1200.0,478.0
2026-05-07T16:50:58,07/05/2026 16:45,49.99,15556.0,2456.0,7788.0,2941.0,1424.0,478.0,326.0,YCCP,370.0,0.0
2026-05-07T16:51:58,07/05/2026 16:45,49.99,15556.0,2456.0,7788.0,2941.0,1424.0,478.0,326.0,RTPS,1720.0,882.0
2026-05-07T16:51:58,07/05/2026 16:45,49.99,15556.0,2456.0,7788.0,2941.0,1424.0,478.0,326.0,BTPS,1700.0,1476.0
2026-05-07T16:51:58,07/05/2026 16:45,49.99,15556.0,2456.0,7788.0,2941.0,1424.0,478.0,326.0,YTPS,1600.0,583.0
2026-05-07T16:51:58,07/05/2026 16:45,49.99,15556.0,2456.0,7788.0,2941.0,1424.0,478.0,326.0,SHARAVATHI,1035.0,678.0
2026-05-07T16:51:58,07/05/2026 16:45,49.99,15556.0,2456.0,7788.0,2941.0,1424.0,478.0,326.0,NAGJHARI,900.0,558.0
2026-05-07T16:51:58,07/05/2026 16:45,49.99,15556.0,2456.0,7788.0,2941.0,1424.0,478.0,326.0,VARAHI,460.0,188.0
2026-05-07T16:51:58,07/05/2026 16:45,49.99,15556.0,2456.0,7788.0,2941.0,1424.0,478.0,326.0,KODSALLI,120.0,38.0
2026-05-07T16:51:58,07/05/2026 16:45,49.99,15556.0,2456.0,7788.0,2941.0,1424.0,478.0,326.0,KADRA,150.0,49.0
2026-05-07T16:51:58,07/05/2026 16:45,49.99,15556.0,2456.0,7788.0,2941.0,1424.0,478.0,326.0,GERUSOPPA,240.0,86.0
2026-05-07T16:51:58,07/05/2026 16:45,49.99,15556.0,2456.0,7788.0,2941.0,1424.0,478.0,326.0,JOG,139.2,65.0
2026-05-07T16:51:58,07/05/2026 16:45,49.99,15556.0,2456.0,7788.0,2941.0,1424.0,478.0,326.0,LPH,55.0,12.0
2026-05-07T16:51:58,07/05/2026 16:45,49.99,15556.0,2456.0,7788.0,2941.0,1424.0,478.0,326.0,SUPA,100.0,74.0
2026-05-07T16:51:58,07/05/2026 16:45,49.99,15556.0,2456.0,7788.0,2941.0,1424.0,478.0,326.0,SHIMSHA,17.2,0.0
2026-05-07T16:51:58,07/05/2026 16:45,49.99,15556.0,2456.0,7788.0,2941.0,1424.0,478.0,326.0,SHIVASAMUDRA,42.0,0.0
2026-05-07T16:51:58,07/05/2026 16:45,49.99,15556.0,2456.0,7788.0,2941.0,1424.0,478.0,326.0,MANIDAM,9.0,2.0
2026-05-07T16:51:58,07/05/2026 16:45,49.99,15556.0,2456.0,7788.0,2941.0,1424.0,478.0,326.0,MUNRABAD,38.0,0.0
2026-05-07T16:51:58,07/05/2026 16:45,49.99,15556.0,2456.0,7788.0,2941.0,1424.0,478.0,326.0,BHADRA,39.2,0.0
2026-05-07T16:51:58,07/05/2026 16:45,49.99,15556.0,2456.0,7788.0,2941.0,1424.0,478.0,326.0,GHATAPRABHA,32.0,0.0
2026-05-07T16:51:58,07/05/2026 16:45,49.99,15556.0,2456.0,7788.0,2941.0,1424.0,478.0,326.0,ALMATTI,290.0,0.0
2026-05-07T16:51:58,07/05/2026 16:45,49.99,15556.0,2456.0,7788.0,2941.0,1424.0,478.0,326.0,JINDAL,1460.0,121.0
2026-05-07T16:51:58,07/05/2026 16:45,49.99,15556.0,2456.0,7788.0,2941.0,1424.0,478.0,326.0,UPCL,1200.0,478.0
2026-05-07T16:51:58,07/05/2026 16:45,49.99,15556.0,2456.0,7788.0,2941.0,1424.0,478.0,326.0,YCCP,370.0,0.0
2026-05-07T16:52:58,07/05/2026 16:45,49.99,15556.0,2456.0,7788.0,2941.0,1424.0,478.0,326.0,RTPS,1720.0,882.0
2026-05-07T16:52:58,07/05/2026 16:45,49.99,15556.0,2456.0,7788.0,2941.0,1424.0,478.0,326.0,BTPS,1700.0,1476.0
2026-05-07T16:52:58,07/05/2026 16:45,49.99,15556.0,2456.0,7788.0,2941.0,1424.0,478.0,326.0,YTPS,1600.0,583.0
2026-05-07T16:52:58,07/05/2026 16:45,49.99,15556.0,2456.0,7788.0,2941.0,1424.0,478.0,326.0,SHARAVATHI,1035.0,678.0
2026-05-07T16:52:58,07/05/2026 16:45,49.99,15556.0,2456.0,7788.0,2941.0,1424.0,478.0,326.0,NAGJHARI,900.0,558.0
2026-05-07T16:52:58,07/05/2026 16:45,49.99,15556.0,2456.0,7788.0,2941.0,1424.0,478.0,326.0,VARAHI,460.0,188.0
2026-05-07T16:52:58,07/05/2026 16:45,49.99,15556.0,2456.0,7788.0,2941.0,1424.0,478.0,326.0,KODSALLI,120.0,38.0
2026-05-07T16:52:58,07/05/2026 16:45,49.99,15556.0,2456.0,7788.0,2941.0,1424.0,478.0,326.0,KADRA,150.0,49.0
2026-05-07T16:52:58,07/05/2026 16:45,49.99,15556.0,2456.0,7788.0,2941.0,1424.0,478.0,326.0,GERUSOPPA,240.0,86.0
2026-05-07T16:52:58,07/05/2026 16:45,49.99,15556.0,2456.0,7788.0,2941.0,1424.0,478.0,326.0,JOG,139.2,65.0
2026-05-07T16:52:58,07/05/2026 16:45,49.99,15556.0,2456.0,7788.0,2941.0,1424.0,478.0,326.0,LPH,55.0,12.0
2026-05-07T16:52:58,07/05/2026 16:45,49.99,15556.0,2456.0,7788.0,2941.0,1424.0,478.0,326.0,SUPA,100.0,74.0
2026-05-07T16:52:58,07/05/2026 16:45,49.99,15556.0,2456.0,7788.0,2941.0,1424.0,478.0,326.0,SHIMSHA,17.2,0.0
2026-05-07T16:52:58,07/05/2026 16:45,49.99,15556.0,2456.0,7788.0,2941.0,1424.0,478.0,326.0,SHIVASAMUDRA,42.0,0.0
2026-05-07T16:52:58,07/05/2026 16:45,49.99,15556.0,2456.0,7788.0,2941.0,1424.0,478.0,326.0,MANIDAM,9.0,2.0
2026-05-07T16:52:58,07/05/2026 16:45,49.99,15556.0,2456.0,7788.0,2941.0,1424.0,478.0,326.0,MUNRABAD,38.0,0.0
2026-05-07T16:52:58,07/05/2026 16:45,49.99,15556.0,2456.0,7788.0,2941.0,1424.0,478.0,326.0,BHADRA,39.2,0.0
2026-05-07T16:52:58,07/05/2026 16:45,49.99,15556.0,2456.0,7788.0,2941.0,1424.0,478.0,326.0,GHATAPRABHA,32.0,0.0
2026-05-07T16:52:58,07/05/2026 16:45,49.99,15556.0,2456.0,7788.0,2941.0,1424.0,478.0,326.0,ALMATTI,290.0,0.0
2026-05-07T16:52:58,07/05/2026 16:45,49.99,15556.0,2456.0,7788.0,2941.0,1424.0,478.0,326.0,JINDAL,1460.0,121.0
2026-05-07T16:52:58,07/05/2026 16:45,49.99,15556.0,2456.0,7788.0,2941.0,1424.0,478.0,326.0,UPCL,1200.0,478.0
2026-05-07T16:52:58,07/05/2026 16:45,49.99,15556.0,2456.0,7788.0,2941.0,1424.0,478.0,326.0,YCCP,370.0,0.0
2026-05-07T16:53:58,07/05/2026 16:45,49.99,15556.0,2456.0,7788.0,2941.0,1424.0,478.0,326.0,RTPS,1720.0,882.0
2026-05-07T16:53:58,07/05/2026 16:45,49.99,15556.0,2456.0,7788.0,2941.0,1424.0,478.0,326.0,BTPS,1700.0,1476.0
2026-05-07T16:53:58,07/05/2026 16:45,49.99,15556.0,2456.0,7788.0,2941.0,1424.0,478.0,326.0,YTPS,1600.0,583.0
2026-05-07T16:53:58,07/05/2026 16:45,49.99,15556.0,2456.0,7788.0,2941.0,1424.0,478.0,326.0,SHARAVATHI,1035.0,678.0
2026-05-07T16:53:58,07/05/2026 16:45,49.99,15556.0,2456.0,7788.0,2941.0,1424.0,478.0,326.0,NAGJHARI,900.0,558.0
2026-05-07T16:53:58,07/05/2026 16:45,49.99,15556.0,2456.0,7788.0,2941.0,1424.0,478.0,326.0,VARAHI,460.0,188.0
2026-05-07T16:53:58,07/05/2026 16:45,49.99,15556.0,2456.0,7788.0,2941.0,1424.0,478.0,326.0,KODSALLI,120.0,38.0
2026-05-07T16:53:58,07/05/2026 16:45,49.99,15556.0,2456.0,7788.0,2941.0,1424.0,478.0,326.0,KADRA,150.0,49.0
2026-05-07T16:53:58,07/05/2026 16:45,49.99,15556.0,2456.0,7788.0,2941.0,1424.0,478.0,326.0,GERUSOPPA,240.0,86.0
2026-05-07T16:53:58,07/05/2026 16:45,49.99,15556.0,2456.0,7788.0,2941.0,1424.0,478.0,326.0,JOG,139.2,65.0
2026-05-07T16:53:58,07/05/2026 16:45,49.99,15556.0,2456.0,7788.0,2941.0,1424.0,478.0,326.0,LPH,55.0,12.0
2026-05-07T16:53:58,07/05/2026 16:45,49.99,15556.0,2456.0,7788.0,2941.0,1424.0,478.0,326.0,SUPA,100.0,74.0
2026-05-07T16:53:58,07/05/2026 16:45,49.99,15556.0,2456.0,7788.0,2941.0,1424.0,478.0,326.0,SHIMSHA,17.2,0.0
2026-05-07T16:53:58,07/05/2026 16:45,49.99,15556.0,2456.0,7788.0,2941.0,1424.0,478.0,326.0,SHIVASAMUDRA,42.0,0.0
2026-05-07T16:53:58,07/05/2026 16:45,49.99,15556.0,2456.0,7788.0,2941.0,1424.0,478.0,326.0,MANIDAM,9.0,2.0
2026-05-07T16:53:58,07/05/2026 16:45,49.99,15556.0,2456.0,7788.0,2941.0,1424.0,478.0,326.0,MUNRABAD,38.0,0.0
2026-05-07T16:53:58,07/05/2026 16:45,49.99,15556.0,2456.0,7788.0,2941.0,1424.0,478.0,326.0,BHADRA,39.2,0.0
2026-05-07T16:53:58,07/05/2026 16:45,49.99,15556.0,2456.0,7788.0,2941.0,1424.0,478.0,326.0,GHATAPRABHA,32.0,0.0
2026-05-07T16:53:58,07/05/2026 16:45,49.99,15556.0,2456.0,7788.0,2941.0,1424.0,478.0,326.0,ALMATTI,290.0,0.0
2026-05-07T16:53:58,07/05/2026 16:45,49.99,15556.0,2456.0,7788.0,2941.0,1424.0,478.0,326.0,JINDAL,1460.0,121.0
2026-05-07T16:53:58,07/05/2026 16:45,49.99,15556.0,2456.0,7788.0,2941.0,1424.0,478.0,326.0,UPCL,1200.0,478.0
2026-05-07T16:53:58,07/05/2026 16:45,49.99,15556.0,2456.0,7788.0,2941.0,1424.0,478.0,326.0,YCCP,370.0,0.0
2026-05-07T16:54:58,07/05/2026 16:45,49.99,15556.0,2456.0,7788.0,2941.0,1424.0,478.0,326.0,RTPS,1720.0,882.0
2026-05-07T16:54:58,07/05/2026 16:45,49.99,15556.0,2456.0,7788.0,2941.0,1424.0,478.0,326.0,BTPS,1700.0,1476.0
2026-05-07T16:54:58,07/05/2026 16:45,49.99,15556.0,2456.0,7788.0,2941.0,1424.0,478.0,326.0,YTPS,1600.0,583.0
2026-05-07T16:54:58,07/05/2026 16:45,49.99,15556.0,2456.0,7788.0,2941.0,1424.0,478.0,326.0,SHARAVATHI,1035.0,678.0
2026-05-07T16:54:58,07/05/2026 16:45,49.99,15556.0,2456.0,7788.0,2941.0,1424.0,478.0,326.0,NAGJHARI,900.0,558.0
2026-05-07T16:54:58,07/05/2026 16:45,49.99,15556.0,2456.0,7788.0,2941.0,1424.0,478.0,326.0,VARAHI,460.0,188.0
2026-05-07T16:54:58,07/05/2026 16:45,49.99,15556.0,2456.0,7788.0,2941.0,1424.0,478.0,326.0,KODSALLI,120.0,38.0
2026-05-07T16:54:58,07/05/2026 16:45,49.99,15556.0,2456.0,7788.0,2941.0,1424.0,478.0,326.0,KADRA,150.0,49.0
2026-05-07T16:54:58,07/05/2026 16:45,49.99,15556.0,2456.0,7788.0,2941.0,1424.0,478.0,326.0,GERUSOPPA,240.0,86.0
2026-05-07T16:54:58,07/05/2026 16:45,49.99,15556.0,2456.0,7788.0,2941.0,1424.0,478.0,326.0,JOG,139.2,65.0
2026-05-07T16:54:58,07/05/2026 16:45,49.99,15556.0,2456.0,7788.0,2941.0,1424.0,478.0,326.0,LPH,55.0,12.0
2026-05-07T16:54:58,07/05/2026 16:45,49.99,15556.0,2456.0,7788.0,2941.0,1424.0,478.0,326.0,SUPA,100.0,74.0
2026-05-07T16:54:58,07/05/2026 16:45,49.99,15556.0,2456.0,7788.0,2941.0,1424.0,478.0,326.0,SHIMSHA,17.2,0.0
2026-05-07T16:54:58,07/05/2026 16:45,49.99,15556.0,2456.0,7788.0,2941.0,1424.0,478.0,326.0,SHIVASAMUDRA,42.0,0.0
2026-05-07T16:54:58,07/05/2026 16:45,49.99,15556.0,2456.0,7788.0,2941.0,1424.0,478.0,326.0,MANIDAM,9.0,2.0
2026-05-07T16:54:58,07/05/2026 16:45,49.99,15556.0,2456.0,7788.0,2941.0,1424.0,478.0,326.0,MUNRABAD,38.0,0.0
2026-05-07T16:54:58,07/05/2026 16:45,49.99,15556.0,2456.0,7788.0,2941.0,1424.0,478.0,326.0,BHADRA,39.2,0.0
2026-05-07T16:54:58,07/05/2026 16:45,49.99,15556.0,2456.0,7788.0,2941.0,1424.0,478.0,326.0,GHATAPRABHA,32.0,0.0
2026-05-07T16:54:58,07/05/2026 16:45,49.99,15556.0,2456.0,7788.0,2941.0,1424.0,478.0,326.0,ALMATTI,290.0,0.0
2026-05-07T16:54:58,07/05/2026 16:45,49.99,15556.0,2456.0,7788.0,2941.0,1424.0,478.0,326.0,JINDAL,1460.0,121.0
2026-05-07T16:54:58,07/05/2026 16:45,49.99,15556.0,2456.0,7788.0,2941.0,1424.0,478.0,326.0,UPCL,1200.0,478.0
2026-05-07T16:54:58,07/05/2026 16:45,49.99,15556.0,2456.0,7788.0,2941.0,1424.0,478.0,326.0,YCCP,370.0,0.0
2026-05-07T16:55:58,07/05/2026 16:45,49.99,15556.0,2456.0,7788.0,2941.0,1424.0,478.0,326.0,RTPS,1720.0,882.0
2026-05-07T16:55:58,07/05/2026 16:45,49.99,15556.0,2456.0,7788.0,2941.0,1424.0,478.0,326.0,BTPS,1700.0,1476.0
2026-05-07T16:55:58,07/05/2026 16:45,49.99,15556.0,2456.0,7788.0,2941.0,1424.0,478.0,326.0,YTPS,1600.0,583.0
2026-05-07T16:55:58,07/05/2026 16:45,49.99,15556.0,2456.0,7788.0,2941.0,1424.0,478.0,326.0,SHARAVATHI,1035.0,678.0
2026-05-07T16:55:58,07/05/2026 16:45,49.99,15556.0,2456.0,7788.0,2941.0,1424.0,478.0,326.0,NAGJHARI,900.0,558.0
2026-05-07T16:55:58,07/05/2026 16:45,49.99,15556.0,2456.0,7788.0,2941.0,1424.0,478.0,326.0,VARAHI,460.0,188.0
2026-05-07T16:55:58,07/05/2026 16:45,49.99,15556.0,2456.0,7788.0,2941.0,1424.0,478.0,326.0,KODSALLI,120.0,38.0
2026-05-07T16:55:58,07/05/2026 16:45,49.99,15556.0,2456.0,7788.0,2941.0,1424.0,478.0,326.0,KADRA,150.0,49.0
2026-05-07T16:55:58,07/05/2026 16:45,49.99,15556.0,2456.0,7788.0,2941.0,1424.0,478.0,326.0,GERUSOPPA,240.0,86.0
2026-05-07T16:55:58,07/05/2026 16:45,49.99,15556.0,2456.0,7788.0,2941.0,1424.0,478.0,326.0,JOG,139.2,65.0
2026-05-07T16:55:58,07/05/2026 16:45,49.99,15556.0,2456.0,7788.0,2941.0,1424.0,478.0,326.0,LPH,55.0,12.0
2026-05-07T16:55:58,07/05/2026 16:45,49.99,15556.0,2456.0,7788.0,2941.0,1424.0,478.0,326.0,SUPA,100.0,74.0
2026-05-07T16:55:58,07/05/2026 16:45,49.99,15556.0,2456.0,7788.0,2941.0,1424.0,478.0,326.0,SHIMSHA,17.2,0.0
2026-05-07T16:55:58,07/05/2026 16:45,49.99,15556.0,2456.0,7788.0,2941.0,1424.0,478.0,326.0,SHIVASAMUDRA,42.0,0.0
2026-05-07T16:55:58,07/05/2026 16:45,49.99,15556.0,2456.0,7788.0,2941.0,1424.0,478.0,326.0,MANIDAM,9.0,2.0
2026-05-07T16:55:58,07/05/2026 16:45,49.99,15556.0,2456.0,7788.0,2941.0,1424.0,478.0,326.0,MUNRABAD,38.0,0.0
2026-05-07T16:55:58,07/05/2026 16:45,49.99,15556.0,2456.0,7788.0,2941.0,1424.0,478.0,326.0,BHADRA,39.2,0.0
2026-05-07T16:55:58,07/05/2026 16:45,49.99,15556.0,2456.0,7788.0,2941.0,1424.0,478.0,326.0,GHATAPRABHA,32.0,0.0
2026-05-07T16:55:58,07/05/2026 16:45,49.99,15556.0,2456.0,7788.0,2941.0,1424.0,478.0,326.0,ALMATTI,290.0,0.0
2026-05-07T16:55:58,07/05/2026 16:45,49.99,15556.0,2456.0,7788.0,2941.0,1424.0,478.0,326.0,JINDAL,1460.0,121.0
2026-05-07T16:55:58,07/05/2026 16:45,49.99,15556.0,2456.0,7788.0,2941.0,1424.0,478.0,326.0,UPCL,1200.0,478.0
2026-05-07T16:55:58,07/05/2026 16:45,49.99,15556.0,2456.0,7788.0,2941.0,1424.0,478.0,326.0,YCCP,370.0,0.0
2026-05-07T16:56:58,07/05/2026 16:45,49.99,15556.0,2456.0,7788.0,2941.0,1424.0,478.0,326.0,RTPS,1720.0,882.0
2026-05-07T16:56:58,07/05/2026 16:45,49.99,15556.0,2456.0,7788.0,2941.0,1424.0,478.0,326.0,BTPS,1700.0,1476.0
2026-05-07T16:56:58,07/05/2026 16:45,49.99,15556.0,2456.0,7788.0,2941.0,1424.0,478.0,326.0,YTPS,1600.0,583.0
2026-05-07T16:56:58,07/05/2026 16:45,49.99,15556.0,2456.0,7788.0,2941.0,1424.0,478.0,326.0,SHARAVATHI,1035.0,678.0
2026-05-07T16:56:58,07/05/2026 16:45,49.99,15556.0,2456.0,7788.0,2941.0,1424.0,478.0,326.0,NAGJHARI,900.0,558.0
2026-05-07T16:56:58,07/05/2026 16:45,49.99,15556.0,2456.0,7788.0,2941.0,1424.0,478.0,326.0,VARAHI,460.0,188.0
2026-05-07T16:56:58,07/05/2026 16:45,49.99,15556.0,2456.0,7788.0,2941.0,1424.0,478.0,326.0,KODSALLI,120.0,38.0
2026-05-07T16:56:58,07/05/2026 16:45,49.99,15556.0,2456.0,7788.0,2941.0,1424.0,478.0,326.0,KADRA,150.0,49.0
2026-05-07T16:56:58,07/05/2026 16:45,49.99,15556.0,2456.0,7788.0,2941.0,1424.0,478.0,326.0,GERUSOPPA,240.0,86.0
2026-05-07T16:56:58,07/05/2026 16:45,49.99,15556.0,2456.0,7788.0,2941.0,1424.0,478.0,326.0,JOG,139.2,65.0
2026-05-07T16:56:58,07/05/2026 16:45,49.99,15556.0,2456.0,7788.0,2941.0,1424.0,478.0,326.0,LPH,55.0,12.0
2026-05-07T16:56:58,07/05/2026 16:45,49.99,15556.0,2456.0,7788.0,2941.0,1424.0,478.0,326.0,SUPA,100.0,74.0
2026-05-07T16:56:58,07/05/2026 16:45,49.99,15556.0,2456.0,7788.0,2941.0,1424.0,478.0,326.0,SHIMSHA,17.2,0.0
2026-05-07T16:56:58,07/05/2026 16:45,49.99,15556.0,2456.0,7788.0,2941.0,1424.0,478.0,326.0,SHIVASAMUDRA,42.0,0.0
2026-05-07T16:56:58,07/05/2026 16:45,49.99,15556.0,2456.0,7788.0,2941.0,1424.0,478.0,326.0,MANIDAM,9.0,2.0
2026-05-07T16:56:58,07/05/2026 16:45,49.99,15556.0,2456.0,7788.0,2941.0,1424.0,478.0,326.0,MUNRABAD,38.0,0.0
2026-05-07T16:56:58,07/05/2026 16:45,49.99,15556.0,2456.0,7788.0,2941.0,1424.0,478.0,326.0,BHADRA,39.2,0.0
2026-05-07T16:56:58,07/05/2026 16:45,49.99,15556.0,2456.0,7788.0,2941.0,1424.0,478.0,326.0,GHATAPRABHA,32.0,0.0
2026-05-07T16:56:58,07/05/2026 16:45,49.99,15556.0,2456.0,7788.0,2941.0,1424.0,478.0,326.0,ALMATTI,290.0,0.0
2026-05-07T16:56:58,07/05/2026 16:45,49.99,15556.0,2456.0,7788.0,2941.0,1424.0,478.0,326.0,JINDAL,1460.0,121.0
2026-05-07T16:56:58,07/05/2026 16:45,49.99,15556.0,2456.0,7788.0,2941.0,1424.0,478.0,326.0,UPCL,1200.0,478.0
2026-05-07T16:56:58,07/05/2026 16:45,49.99,15556.0,2456.0,7788.0,2941.0,1424.0,478.0,326.0,YCCP,370.0,0.0
2026-05-07T16:57:58,07/05/2026 16:55,49.96,15384.0,2216.0,7693.0,2945.0,1424.0,475.0,525.0,RTPS,1720.0,862.0
2026-05-07T16:57:58,07/05/2026 16:55,49.96,15384.0,2216.0,7693.0,2945.0,1424.0,475.0,525.0,BTPS,1700.0,1502.0
2026-05-07T16:57:58,07/05/2026 16:55,49.96,15384.0,2216.0,7693.0,2945.0,1424.0,475.0,525.0,YTPS,1600.0,581.0
2026-05-07T16:57:58,07/05/2026 16:55,49.96,15384.0,2216.0,7693.0,2945.0,1424.0,475.0,525.0,SHARAVATHI,1035.0,681.0
2026-05-07T16:57:58,07/05/2026 16:55,49.96,15384.0,2216.0,7693.0,2945.0,1424.0,475.0,525.0,NAGJHARI,900.0,555.0
2026-05-07T16:57:58,07/05/2026 16:55,49.96,15384.0,2216.0,7693.0,2945.0,1424.0,475.0,525.0,VARAHI,460.0,188.0
2026-05-07T16:57:58,07/05/2026 16:55,49.96,15384.0,2216.0,7693.0,2945.0,1424.0,475.0,525.0,KODSALLI,120.0,115.0
2026-05-07T16:57:58,07/05/2026 16:55,49.96,15384.0,2216.0,7693.0,2945.0,1424.0,475.0,525.0,KADRA,150.0,49.0
2026-05-07T16:57:58,07/05/2026 16:55,49.96,15384.0,2216.0,7693.0,2945.0,1424.0,475.0,525.0,GERUSOPPA,240.0,225.0
2026-05-07T16:57:58,07/05/2026 16:55,49.96,15384.0,2216.0,7693.0,2945.0,1424.0,475.0,525.0,JOG,139.2,49.0
2026-05-07T16:57:58,07/05/2026 16:55,49.96,15384.0,2216.0,7693.0,2945.0,1424.0,475.0,525.0,LPH,55.0,12.0
2026-05-07T16:57:58,07/05/2026 16:55,49.96,15384.0,2216.0,7693.0,2945.0,1424.0,475.0,525.0,SUPA,100.0,74.0
2026-05-07T16:57:58,07/05/2026 16:55,49.96,15384.0,2216.0,7693.0,2945.0,1424.0,475.0,525.0,SHIMSHA,17.2,0.0
2026-05-07T16:57:58,07/05/2026 16:55,49.96,15384.0,2216.0,7693.0,2945.0,1424.0,475.0,525.0,SHIVASAMUDRA,42.0,0.0
2026-05-07T16:57:58,07/05/2026 16:55,49.96,15384.0,2216.0,7693.0,2945.0,1424.0,475.0,525.0,MANIDAM,9.0,1.0
2026-05-07T16:57:58,07/05/2026 16:55,49.96,15384.0,2216.0,7693.0,2945.0,1424.0,475.0,525.0,MUNRABAD,38.0,0.0
2026-05-07T16:57:58,07/05/2026 16:55,49.96,15384.0,2216.0,7693.0,2945.0,1424.0,475.0,525.0,BHADRA,39.2,0.0
2026-05-07T16:57:58,07/05/2026 16:55,49.96,15384.0,2216.0,7693.0,2945.0,1424.0,475.0,525.0,GHATAPRABHA,32.0,0.0
2026-05-07T16:57:58,07/05/2026 16:55,49.96,15384.0,2216.0,7693.0,2945.0,1424.0,475.0,525.0,ALMATTI,290.0,0.0
2026-05-07T16:57:58,07/05/2026 16:55,49.96,15384.0,2216.0,7693.0,2945.0,1424.0,475.0,525.0,JINDAL,1460.0,105.0
2026-05-07T16:57:58,07/05/2026 16:55,49.96,15384.0,2216.0,7693.0,2945.0,1424.0,475.0,525.0,UPCL,1200.0,475.0
2026-05-07T16:57:58,07/05/2026 16:55,49.96,15384.0,2216.0,7693.0,2945.0,1424.0,475.0,525.0,YCCP,370.0,0.0
2026-05-07T16:58:59,07/05/2026 16:55,49.96,15384.0,2216.0,7693.0,2945.0,1424.0,475.0,525.0,RTPS,1720.0,862.0
2026-05-07T16:58:59,07/05/2026 16:55,49.96,15384.0,2216.0,7693.0,2945.0,1424.0,475.0,525.0,BTPS,1700.0,1502.0
2026-05-07T16:58:59,07/05/2026 16:55,49.96,15384.0,2216.0,7693.0,2945.0,1424.0,475.0,525.0,YTPS,1600.0,581.0
2026-05-07T16:58:59,07/05/2026 16:55,49.96,15384.0,2216.0,7693.0,2945.0,1424.0,475.0,525.0,SHARAVATHI,1035.0,681.0
2026-05-07T16:58:59,07/05/2026 16:55,49.96,15384.0,2216.0,7693.0,2945.0,1424.0,475.0,525.0,NAGJHARI,900.0,555.0
2026-05-07T16:58:59,07/05/2026 16:55,49.96,15384.0,2216.0,7693.0,2945.0,1424.0,475.0,525.0,VARAHI,460.0,188.0
2026-05-07T16:58:59,07/05/2026 16:55,49.96,15384.0,2216.0,7693.0,2945.0,1424.0,475.0,525.0,KODSALLI,120.0,115.0
2026-05-07T16:58:59,07/05/2026 16:55,49.96,15384.0,2216.0,7693.0,2945.0,1424.0,475.0,525.0,KADRA,150.0,49.0
2026-05-07T16:58:59,07/05/2026 16:55,49.96,15384.0,2216.0,7693.0,2945.0,1424.0,475.0,525.0,GERUSOPPA,240.0,225.0
2026-05-07T16:58:59,07/05/2026 16:55,49.96,15384.0,2216.0,7693.0,2945.0,1424.0,475.0,525.0,JOG,139.2,49.0
2026-05-07T16:58:59,07/05/2026 16:55,49.96,15384.0,2216.0,7693.0,2945.0,1424.0,475.0,525.0,LPH,55.0,12.0
2026-05-07T16:58:59,07/05/2026 16:55,49.96,15384.0,2216.0,7693.0,2945.0,1424.0,475.0,525.0,SUPA,100.0,74.0
2026-05-07T16:58:59,07/05/2026 16:55,49.96,15384.0,2216.0,7693.0,2945.0,1424.0,475.0,525.0,SHIMSHA,17.2,0.0
2026-05-07T16:58:59,07/05/2026 16:55,49.96,15384.0,2216.0,7693.0,2945.0,1424.0,475.0,525.0,SHIVASAMUDRA,42.0,0.0
2026-05-07T16:58:59,07/05/2026 16:55,49.96,15384.0,2216.0,7693.0,2945.0,1424.0,475.0,525.0,MANIDAM,9.0,1.0
2026-05-07T16:58:59,07/05/2026 16:55,49.96,15384.0,2216.0,7693.0,2945.0,1424.0,475.0,525.0,MUNRABAD,38.0,0.0
2026-05-07T16:58:59,07/05/2026 16:55,49.96,15384.0,2216.0,7693.0,2945.0,1424.0,475.0,525.0,BHADRA,39.2,0.0
2026-05-07T16:58:59,07/05/2026 16:55,49.96,15384.0,2216.0,7693.0,2945.0,1424.0,475.0,525.0,GHATAPRABHA,32.0,0.0
2026-05-07T16:58:59,07/05/2026 16:55,49.96,15384.0,2216.0,7693.0,2945.0,1424.0,475.0,525.0,ALMATTI,290.0,0.0
2026-05-07T16:58:59,07/05/2026 16:55,49.96,15384.0,2216.0,7693.0,2945.0,1424.0,475.0,525.0,JINDAL,1460.0,105.0
2026-05-07T16:58:59,07/05/2026 16:55,49.96,15384.0,2216.0,7693.0,2945.0,1424.0,475.0,525.0,UPCL,1200.0,475.0
2026-05-07T16:58:59,07/05/2026 16:55,49.96,15384.0,2216.0,7693.0,2945.0,1424.0,475.0,525.0,YCCP,370.0,0.0
2026-05-07T16:59:58,07/05/2026 16:55,49.96,15384.0,2216.0,7693.0,2945.0,1424.0,475.0,525.0,RTPS,1720.0,862.0
2026-05-07T16:59:58,07/05/2026 16:55,49.96,15384.0,2216.0,7693.0,2945.0,1424.0,475.0,525.0,BTPS,1700.0,1502.0
2026-05-07T16:59:58,07/05/2026 16:55,49.96,15384.0,2216.0,7693.0,2945.0,1424.0,475.0,525.0,YTPS,1600.0,581.0
2026-05-07T16:59:58,07/05/2026 16:55,49.96,15384.0,2216.0,7693.0,2945.0,1424.0,475.0,525.0,SHARAVATHI,1035.0,681.0
2026-05-07T16:59:58,07/05/2026 16:55,49.96,15384.0,2216.0,7693.0,2945.0,1424.0,475.0,525.0,NAGJHARI,900.0,555.0
2026-05-07T16:59:58,07/05/2026 16:55,49.96,15384.0,2216.0,7693.0,2945.0,1424.0,475.0,525.0,VARAHI,460.0,188.0
2026-05-07T16:59:58,07/05/2026 16:55,49.96,15384.0,2216.0,7693.0,2945.0,1424.0,475.0,525.0,KODSALLI,120.0,115.0
2026-05-07T16:59:58,07/05/2026 16:55,49.96,15384.0,2216.0,7693.0,2945.0,1424.0,475.0,525.0,KADRA,150.0,49.0
2026-05-07T16:59:58,07/05/2026 16:55,49.96,15384.0,2216.0,7693.0,2945.0,1424.0,475.0,525.0,GERUSOPPA,240.0,225.0
2026-05-07T16:59:58,07/05/2026 16:55,49.96,15384.0,2216.0,7693.0,2945.0,1424.0,475.0,525.0,JOG,139.2,49.0
2026-05-07T16:59:58,07/05/2026 16:55,49.96,15384.0,2216.0,7693.0,2945.0,1424.0,475.0,525.0,LPH,55.0,12.0
2026-05-07T16:59:58,07/05/2026 16:55,49.96,15384.0,2216.0,7693.0,2945.0,1424.0,475.0,525.0,SUPA,100.0,74.0
2026-05-07T16:59:58,07/05/2026 16:55,49.96,15384.0,2216.0,7693.0,2945.0,1424.0,475.0,525.0,SHIMSHA,17.2,0.0
2026-05-07T16:59:58,07/05/2026 16:55,49.96,15384.0,2216.0,7693.0,2945.0,1424.0,475.0,525.0,SHIVASAMUDRA,42.0,0.0
2026-05-07T16:59:58,07/05/2026 16:55,49.96,15384.0,2216.0,7693.0,2945.0,1424.0,475.0,525.0,MANIDAM,9.0,1.0
2026-05-07T16:59:58,07/05/2026 16:55,49.96,15384.0,2216.0,7693.0,2945.0,1424.0,475.0,525.0,MUNRABAD,38.0,0.0
2026-05-07T16:59:58,07/05/2026 16:55,49.96,15384.0,2216.0,7693.0,2945.0,1424.0,475.0,525.0,BHADRA,39.2,0.0
2026-05-07T16:59:58,07/05/2026 16:55,49.96,15384.0,2216.0,7693.0,2945.0,1424.0,475.0,525.0,GHATAPRABHA,32.0,0.0
2026-05-07T16:59:58,07/05/2026 16:55,49.96,15384.0,2216.0,7693.0,2945.0,1424.0,475.0,525.0,ALMATTI,290.0,0.0
2026-05-07T16:59:58,07/05/2026 16:55,49.96,15384.0,2216.0,7693.0,2945.0,1424.0,475.0,525.0,JINDAL,1460.0,105.0
2026-05-07T16:59:58,07/05/2026 16:55,49.96,15384.0,2216.0,7693.0,2945.0,1424.0,475.0,525.0,UPCL,1200.0,475.0
2026-05-07T16:59:58,07/05/2026 16:55,49.96,15384.0,2216.0,7693.0,2945.0,1424.0,475.0,525.0,YCCP,370.0,0.0
2026-05-07T17:00:58,07/05/2026 16:55,49.96,15384.0,2216.0,7693.0,2945.0,1424.0,475.0,525.0,RTPS,1720.0,862.0
2026-05-07T17:00:58,07/05/2026 16:55,49.96,15384.0,2216.0,7693.0,2945.0,1424.0,475.0,525.0,BTPS,1700.0,1502.0
2026-05-07T17:00:58,07/05/2026 16:55,49.96,15384.0,2216.0,7693.0,2945.0,1424.0,475.0,525.0,YTPS,1600.0,581.0
2026-05-07T17:00:58,07/05/2026 16:55,49.96,15384.0,2216.0,7693.0,2945.0,1424.0,475.0,525.0,SHARAVATHI,1035.0,681.0
2026-05-07T17:00:58,07/05/2026 16:55,49.96,15384.0,2216.0,7693.0,2945.0,1424.0,475.0,525.0,NAGJHARI,900.0,555.0
2026-05-07T17:00:58,07/05/2026 16:55,49.96,15384.0,2216.0,7693.0,2945.0,1424.0,475.0,525.0,VARAHI,460.0,188.0
2026-05-07T17:00:58,07/05/2026 16:55,49.96,15384.0,2216.0,7693.0,2945.0,1424.0,475.0,525.0,KODSALLI,120.0,115.0
2026-05-07T17:00:58,07/05/2026 16:55,49.96,15384.0,2216.0,7693.0,2945.0,1424.0,475.0,525.0,KADRA,150.0,49.0
2026-05-07T17:00:58,07/05/2026 16:55,49.96,15384.0,2216.0,7693.0,2945.0,1424.0,475.0,525.0,GERUSOPPA,240.0,225.0
2026-05-07T17:00:58,07/05/2026 16:55,49.96,15384.0,2216.0,7693.0,2945.0,1424.0,475.0,525.0,JOG,139.2,49.0
2026-05-07T17:00:58,07/05/2026 16:55,49.96,15384.0,2216.0,7693.0,2945.0,1424.0,475.0,525.0,LPH,55.0,12.0
2026-05-07T17:00:58,07/05/2026 16:55,49.96,15384.0,2216.0,7693.0,2945.0,1424.0,475.0,525.0,SUPA,100.0,74.0
2026-05-07T17:00:58,07/05/2026 16:55,49.96,15384.0,2216.0,7693.0,2945.0,1424.0,475.0,525.0,SHIMSHA,17.2,0.0
2026-05-07T17:00:58,07/05/2026 16:55,49.96,15384.0,2216.0,7693.0,2945.0,1424.0,475.0,525.0,SHIVASAMUDRA,42.0,0.0
2026-05-07T17:00:58,07/05/2026 16:55,49.96,15384.0,2216.0,7693.0,2945.0,1424.0,475.0,525.0,MANIDAM,9.0,1.0
2026-05-07T17:00:58,07/05/2026 16:55,49.96,15384.0,2216.0,7693.0,2945.0,1424.0,475.0,525.0,MUNRABAD,38.0,0.0
2026-05-07T17:00:58,07/05/2026 16:55,49.96,15384.0,2216.0,7693.0,2945.0,1424.0,475.0,525.0,BHADRA,39.2,0.0
2026-05-07T17:00:58,07/05/2026 16:55,49.96,15384.0,2216.0,7693.0,2945.0,1424.0,475.0,525.0,GHATAPRABHA,32.0,0.0
2026-05-07T17:00:58,07/05/2026 16:55,49.96,15384.0,2216.0,7693.0,2945.0,1424.0,475.0,525.0,ALMATTI,290.0,0.0
2026-05-07T17:00:58,07/05/2026 16:55,49.96,15384.0,2216.0,7693.0,2945.0,1424.0,475.0,525.0,JINDAL,1460.0,105.0
2026-05-07T17:00:58,07/05/2026 16:55,49.96,15384.0,2216.0,7693.0,2945.0,1424.0,475.0,525.0,UPCL,1200.0,475.0
2026-05-07T17:00:58,07/05/2026 16:55,49.96,15384.0,2216.0,7693.0,2945.0,1424.0,475.0,525.0,YCCP,370.0,0.0
2026-05-07T17:01:58,07/05/2026 16:55,49.96,15384.0,2216.0,7693.0,2945.0,1424.0,475.0,525.0,RTPS,1720.0,862.0
2026-05-07T17:01:58,07/05/2026 16:55,49.96,15384.0,2216.0,7693.0,2945.0,1424.0,475.0,525.0,BTPS,1700.0,1502.0
2026-05-07T17:01:58,07/05/2026 16:55,49.96,15384.0,2216.0,7693.0,2945.0,1424.0,475.0,525.0,YTPS,1600.0,581.0
2026-05-07T17:01:58,07/05/2026 16:55,49.96,15384.0,2216.0,7693.0,2945.0,1424.0,475.0,525.0,SHARAVATHI,1035.0,681.0
2026-05-07T17:01:58,07/05/2026 16:55,49.96,15384.0,2216.0,7693.0,2945.0,1424.0,475.0,525.0,NAGJHARI,900.0,555.0
2026-05-07T17:01:58,07/05/2026 16:55,49.96,15384.0,2216.0,7693.0,2945.0,1424.0,475.0,525.0,VARAHI,460.0,188.0
2026-05-07T17:01:58,07/05/2026 16:55,49.96,15384.0,2216.0,7693.0,2945.0,1424.0,475.0,525.0,KODSALLI,120.0,115.0
2026-05-07T17:01:58,07/05/2026 16:55,49.96,15384.0,2216.0,7693.0,2945.0,1424.0,475.0,525.0,KADRA,150.0,49.0
2026-05-07T17:01:58,07/05/2026 16:55,49.96,15384.0,2216.0,7693.0,2945.0,1424.0,475.0,525.0,GERUSOPPA,240.0,225.0
2026-05-07T17:01:58,07/05/2026 16:55,49.96,15384.0,2216.0,7693.0,2945.0,1424.0,475.0,525.0,JOG,139.2,49.0
2026-05-07T17:01:58,07/05/2026 16:55,49.96,15384.0,2216.0,7693.0,2945.0,1424.0,475.0,525.0,LPH,55.0,12.0
2026-05-07T17:01:58,07/05/2026 16:55,49.96,15384.0,2216.0,7693.0,2945.0,1424.0,475.0,525.0,SUPA,100.0,74.0
2026-05-07T17:01:58,07/05/2026 16:55,49.96,15384.0,2216.0,7693.0,2945.0,1424.0,475.0,525.0,SHIMSHA,17.2,0.0
2026-05-07T17:01:58,07/05/2026 16:55,49.96,15384.0,2216.0,7693.0,2945.0,1424.0,475.0,525.0,SHIVASAMUDRA,42.0,0.0
2026-05-07T17:01:58,07/05/2026 16:55,49.96,15384.0,2216.0,7693.0,2945.0,1424.0,475.0,525.0,MANIDAM,9.0,1.0
2026-05-07T17:01:58,07/05/2026 16:55,49.96,15384.0,2216.0,7693.0,2945.0,1424.0,475.0,525.0,MUNRABAD,38.0,0.0
2026-05-07T17:01:58,07/05/2026 16:55,49.96,15384.0,2216.0,7693.0,2945.0,1424.0,475.0,525.0,BHADRA,39.2,0.0
2026-05-07T17:01:58,07/05/2026 16:55,49.96,15384.0,2216.0,7693.0,2945.0,1424.0,475.0,525.0,GHATAPRABHA,32.0,0.0
2026-05-07T17:01:58,07/05/2026 16:55,49.96,15384.0,2216.0,7693.0,2945.0,1424.0,475.0,525.0,ALMATTI,290.0,0.0
2026-05-07T17:01:58,07/05/2026 16:55,49.96,15384.0,2216.0,7693.0,2945.0,1424.0,475.0,525.0,JINDAL,1460.0,105.0
2026-05-07T17:01:58,07/05/2026 16:55,49.96,15384.0,2216.0,7693.0,2945.0,1424.0,475.0,525.0,UPCL,1200.0,475.0
2026-05-07T17:01:58,07/05/2026 16:55,49.96,15384.0,2216.0,7693.0,2945.0,1424.0,475.0,525.0,YCCP,370.0,0.0
2026-05-07T17:02:58,07/05/2026 16:55,49.96,15384.0,2216.0,7693.0,2945.0,1424.0,475.0,525.0,RTPS,1720.0,862.0
2026-05-07T17:02:58,07/05/2026 16:55,49.96,15384.0,2216.0,7693.0,2945.0,1424.0,475.0,525.0,BTPS,1700.0,1502.0
2026-05-07T17:02:58,07/05/2026 16:55,49.96,15384.0,2216.0,7693.0,2945.0,1424.0,475.0,525.0,YTPS,1600.0,581.0
2026-05-07T17:02:58,07/05/2026 16:55,49.96,15384.0,2216.0,7693.0,2945.0,1424.0,475.0,525.0,SHARAVATHI,1035.0,681.0
2026-05-07T17:02:58,07/05/2026 16:55,49.96,15384.0,2216.0,7693.0,2945.0,1424.0,475.0,525.0,NAGJHARI,900.0,555.0
2026-05-07T17:02:58,07/05/2026 16:55,49.96,15384.0,2216.0,7693.0,2945.0,1424.0,475.0,525.0,VARAHI,460.0,188.0
2026-05-07T17:02:58,07/05/2026 16:55,49.96,15384.0,2216.0,7693.0,2945.0,1424.0,475.0,525.0,KODSALLI,120.0,115.0
2026-05-07T17:02:58,07/05/2026 16:55,49.96,15384.0,2216.0,7693.0,2945.0,1424.0,475.0,525.0,KADRA,150.0,49.0
2026-05-07T17:02:58,07/05/2026 16:55,49.96,15384.0,2216.0,7693.0,2945.0,1424.0,475.0,525.0,GERUSOPPA,240.0,225.0
2026-05-07T17:02:58,07/05/2026 16:55,49.96,15384.0,2216.0,7693.0,2945.0,1424.0,475.0,525.0,JOG,139.2,49.0
2026-05-07T17:02:58,07/05/2026 16:55,49.96,15384.0,2216.0,7693.0,2945.0,1424.0,475.0,525.0,LPH,55.0,12.0
2026-05-07T17:02:58,07/05/2026 16:55,49.96,15384.0,2216.0,7693.0,2945.0,1424.0,475.0,525.0,SUPA,100.0,74.0
2026-05-07T17:02:58,07/05/2026 16:55,49.96,15384.0,2216.0,7693.0,2945.0,1424.0,475.0,525.0,SHIMSHA,17.2,0.0
2026-05-07T17:02:58,07/05/2026 16:55,49.96,15384.0,2216.0,7693.0,2945.0,1424.0,475.0,525.0,SHIVASAMUDRA,42.0,0.0
2026-05-07T17:02:58,07/05/2026 16:55,49.96,15384.0,2216.0,7693.0,2945.0,1424.0,475.0,525.0,MANIDAM,9.0,1.0
2026-05-07T17:02:58,07/05/2026 16:55,49.96,15384.0,2216.0,7693.0,2945.0,1424.0,475.0,525.0,MUNRABAD,38.0,0.0
2026-05-07T17:02:58,07/05/2026 16:55,49.96,15384.0,2216.0,7693.0,2945.0,1424.0,475.0,525.0,BHADRA,39.2,0.0
2026-05-07T17:02:58,07/05/2026 16:55,49.96,15384.0,2216.0,7693.0,2945.0,1424.0,475.0,525.0,GHATAPRABHA,32.0,0.0
2026-05-07T17:02:58,07/05/2026 16:55,49.96,15384.0,2216.0,7693.0,2945.0,1424.0,475.0,525.0,ALMATTI,290.0,0.0
2026-05-07T17:02:58,07/05/2026 16:55,49.96,15384.0,2216.0,7693.0,2945.0,1424.0,475.0,525.0,JINDAL,1460.0,105.0
2026-05-07T17:02:58,07/05/2026 16:55,49.96,15384.0,2216.0,7693.0,2945.0,1424.0,475.0,525.0,UPCL,1200.0,475.0
2026-05-07T17:02:58,07/05/2026 16:55,49.96,15384.0,2216.0,7693.0,2945.0,1424.0,475.0,525.0,YCCP,370.0,0.0
2026-05-07T17:03:58,07/05/2026 16:55,49.96,15384.0,2216.0,7693.0,2945.0,1424.0,475.0,525.0,RTPS,1720.0,862.0
2026-05-07T17:03:58,07/05/2026 16:55,49.96,15384.0,2216.0,7693.0,2945.0,1424.0,475.0,525.0,BTPS,1700.0,1502.0
2026-05-07T17:03:58,07/05/2026 16:55,49.96,15384.0,2216.0,7693.0,2945.0,1424.0,475.0,525.0,YTPS,1600.0,581.0
2026-05-07T17:03:58,07/05/2026 16:55,49.96,15384.0,2216.0,7693.0,2945.0,1424.0,475.0,525.0,SHARAVATHI,1035.0,681.0
2026-05-07T17:03:58,07/05/2026 16:55,49.96,15384.0,2216.0,7693.0,2945.0,1424.0,475.0,525.0,NAGJHARI,900.0,555.0
2026-05-07T17:03:58,07/05/2026 16:55,49.96,15384.0,2216.0,7693.0,2945.0,1424.0,475.0,525.0,VARAHI,460.0,188.0
2026-05-07T17:03:58,07/05/2026 16:55,49.96,15384.0,2216.0,7693.0,2945.0,1424.0,475.0,525.0,KODSALLI,120.0,115.0
2026-05-07T17:03:58,07/05/2026 16:55,49.96,15384.0,2216.0,7693.0,2945.0,1424.0,475.0,525.0,KADRA,150.0,49.0
2026-05-07T17:03:58,07/05/2026 16:55,49.96,15384.0,2216.0,7693.0,2945.0,1424.0,475.0,525.0,GERUSOPPA,240.0,225.0
2026-05-07T17:03:58,07/05/2026 16:55,49.96,15384.0,2216.0,7693.0,2945.0,1424.0,475.0,525.0,JOG,139.2,49.0
2026-05-07T17:03:58,07/05/2026 16:55,49.96,15384.0,2216.0,7693.0,2945.0,1424.0,475.0,525.0,LPH,55.0,12.0
2026-05-07T17:03:58,07/05/2026 16:55,49.96,15384.0,2216.0,7693.0,2945.0,1424.0,475.0,525.0,SUPA,100.0,74.0
2026-05-07T17:03:58,07/05/2026 16:55,49.96,15384.0,2216.0,7693.0,2945.0,1424.0,475.0,525.0,SHIMSHA,17.2,0.0
2026-05-07T17:03:58,07/05/2026 16:55,49.96,15384.0,2216.0,7693.0,2945.0,1424.0,475.0,525.0,SHIVASAMUDRA,42.0,0.0
2026-05-07T17:03:58,07/05/2026 16:55,49.96,15384.0,2216.0,7693.0,2945.0,1424.0,475.0,525.0,MANIDAM,9.0,1.0
2026-05-07T17:03:58,07/05/2026 16:55,49.96,15384.0,2216.0,7693.0,2945.0,1424.0,475.0,525.0,MUNRABAD,38.0,0.0
2026-05-07T17:03:58,07/05/2026 16:55,49.96,15384.0,2216.0,7693.0,2945.0,1424.0,475.0,525.0,BHADRA,39.2,0.0
2026-05-07T17:03:58,07/05/2026 16:55,49.96,15384.0,2216.0,7693.0,2945.0,1424.0,475.0,525.0,GHATAPRABHA,32.0,0.0
2026-05-07T17:03:58,07/05/2026 16:55,49.96,15384.0,2216.0,7693.0,2945.0,1424.0,475.0,525.0,ALMATTI,290.0,0.0
2026-05-07T17:03:58,07/05/2026 16:55,49.96,15384.0,2216.0,7693.0,2945.0,1424.0,475.0,525.0,JINDAL,1460.0,105.0
2026-05-07T17:03:58,07/05/2026 16:55,49.96,15384.0,2216.0,7693.0,2945.0,1424.0,475.0,525.0,UPCL,1200.0,475.0
2026-05-07T17:03:58,07/05/2026 16:55,49.96,15384.0,2216.0,7693.0,2945.0,1424.0,475.0,525.0,YCCP,370.0,0.0
2026-05-07T17:04:58,07/05/2026 16:55,49.96,15384.0,2216.0,7693.0,2945.0,1424.0,475.0,525.0,RTPS,1720.0,862.0
2026-05-07T17:04:58,07/05/2026 16:55,49.96,15384.0,2216.0,7693.0,2945.0,1424.0,475.0,525.0,BTPS,1700.0,1502.0
2026-05-07T17:04:58,07/05/2026 16:55,49.96,15384.0,2216.0,7693.0,2945.0,1424.0,475.0,525.0,YTPS,1600.0,581.0
2026-05-07T17:04:58,07/05/2026 16:55,49.96,15384.0,2216.0,7693.0,2945.0,1424.0,475.0,525.0,SHARAVATHI,1035.0,681.0
2026-05-07T17:04:58,07/05/2026 16:55,49.96,15384.0,2216.0,7693.0,2945.0,1424.0,475.0,525.0,NAGJHARI,900.0,555.0
2026-05-07T17:04:58,07/05/2026 16:55,49.96,15384.0,2216.0,7693.0,2945.0,1424.0,475.0,525.0,VARAHI,460.0,188.0
2026-05-07T17:04:58,07/05/2026 16:55,49.96,15384.0,2216.0,7693.0,2945.0,1424.0,475.0,525.0,KODSALLI,120.0,115.0
2026-05-07T17:04:58,07/05/2026 16:55,49.96,15384.0,2216.0,7693.0,2945.0,1424.0,475.0,525.0,KADRA,150.0,49.0
2026-05-07T17:04:58,07/05/2026 16:55,49.96,15384.0,2216.0,7693.0,2945.0,1424.0,475.0,525.0,GERUSOPPA,240.0,225.0
2026-05-07T17:04:58,07/05/2026 16:55,49.96,15384.0,2216.0,7693.0,2945.0,1424.0,475.0,525.0,JOG,139.2,49.0
2026-05-07T17:04:58,07/05/2026 16:55,49.96,15384.0,2216.0,7693.0,2945.0,1424.0,475.0,525.0,LPH,55.0,12.0
2026-05-07T17:04:58,07/05/2026 16:55,49.96,15384.0,2216.0,7693.0,2945.0,1424.0,475.0,525.0,SUPA,100.0,74.0
2026-05-07T17:04:58,07/05/2026 16:55,49.96,15384.0,2216.0,7693.0,2945.0,1424.0,475.0,525.0,SHIMSHA,17.2,0.0
2026-05-07T17:04:58,07/05/2026 16:55,49.96,15384.0,2216.0,7693.0,2945.0,1424.0,475.0,525.0,SHIVASAMUDRA,42.0,0.0
2026-05-07T17:04:58,07/05/2026 16:55,49.96,15384.0,2216.0,7693.0,2945.0,1424.0,475.0,525.0,MANIDAM,9.0,1.0
2026-05-07T17:04:58,07/05/2026 16:55,49.96,15384.0,2216.0,7693.0,2945.0,1424.0,475.0,525.0,MUNRABAD,38.0,0.0
2026-05-07T17:04:58,07/05/2026 16:55,49.96,15384.0,2216.0,7693.0,2945.0,1424.0,475.0,525.0,BHADRA,39.2,0.0
2026-05-07T17:04:58,07/05/2026 16:55,49.96,15384.0,2216.0,7693.0,2945.0,1424.0,475.0,525.0,GHATAPRABHA,32.0,0.0
2026-05-07T17:04:58,07/05/2026 16:55,49.96,15384.0,2216.0,7693.0,2945.0,1424.0,475.0,525.0,ALMATTI,290.0,0.0
2026-05-07T17:04:58,07/05/2026 16:55,49.96,15384.0,2216.0,7693.0,2945.0,1424.0,475.0,525.0,JINDAL,1460.0,105.0
2026-05-07T17:04:58,07/05/2026 16:55,49.96,15384.0,2216.0,7693.0,2945.0,1424.0,475.0,525.0,UPCL,1200.0,475.0
2026-05-07T17:04:58,07/05/2026 16:55,49.96,15384.0,2216.0,7693.0,2945.0,1424.0,475.0,525.0,YCCP,370.0,0.0
2026-05-07T17:05:58,07/05/2026 16:55,49.96,15384.0,2216.0,7693.0,2945.0,1424.0,475.0,525.0,RTPS,1720.0,862.0
2026-05-07T17:05:58,07/05/2026 16:55,49.96,15384.0,2216.0,7693.0,2945.0,1424.0,475.0,525.0,BTPS,1700.0,1502.0
2026-05-07T17:05:58,07/05/2026 16:55,49.96,15384.0,2216.0,7693.0,2945.0,1424.0,475.0,525.0,YTPS,1600.0,581.0
2026-05-07T17:05:58,07/05/2026 16:55,49.96,15384.0,2216.0,7693.0,2945.0,1424.0,475.0,525.0,SHARAVATHI,1035.0,681.0
2026-05-07T17:05:58,07/05/2026 16:55,49.96,15384.0,2216.0,7693.0,2945.0,1424.0,475.0,525.0,NAGJHARI,900.0,555.0
2026-05-07T17:05:58,07/05/2026 16:55,49.96,15384.0,2216.0,7693.0,2945.0,1424.0,475.0,525.0,VARAHI,460.0,188.0
2026-05-07T17:05:58,07/05/2026 16:55,49.96,15384.0,2216.0,7693.0,2945.0,1424.0,475.0,525.0,KODSALLI,120.0,115.0
2026-05-07T17:05:58,07/05/2026 16:55,49.96,15384.0,2216.0,7693.0,2945.0,1424.0,475.0,525.0,KADRA,150.0,49.0
2026-05-07T17:05:58,07/05/2026 16:55,49.96,15384.0,2216.0,7693.0,2945.0,1424.0,475.0,525.0,GERUSOPPA,240.0,225.0
2026-05-07T17:05:58,07/05/2026 16:55,49.96,15384.0,2216.0,7693.0,2945.0,1424.0,475.0,525.0,JOG,139.2,49.0
2026-05-07T17:05:58,07/05/2026 16:55,49.96,15384.0,2216.0,7693.0,2945.0,1424.0,475.0,525.0,LPH,55.0,12.0
2026-05-07T17:05:58,07/05/2026 16:55,49.96,15384.0,2216.0,7693.0,2945.0,1424.0,475.0,525.0,SUPA,100.0,74.0
2026-05-07T17:05:58,07/05/2026 16:55,49.96,15384.0,2216.0,7693.0,2945.0,1424.0,475.0,525.0,SHIMSHA,17.2,0.0
2026-05-07T17:05:58,07/05/2026 16:55,49.96,15384.0,2216.0,7693.0,2945.0,1424.0,475.0,525.0,SHIVASAMUDRA,42.0,0.0
2026-05-07T17:05:58,07/05/2026 16:55,49.96,15384.0,2216.0,7693.0,2945.0,1424.0,475.0,525.0,MANIDAM,9.0,1.0
2026-05-07T17:05:58,07/05/2026 16:55,49.96,15384.0,2216.0,7693.0,2945.0,1424.0,475.0,525.0,MUNRABAD,38.0,0.0
2026-05-07T17:05:58,07/05/2026 16:55,49.96,15384.0,2216.0,7693.0,2945.0,1424.0,475.0,525.0,BHADRA,39.2,0.0
2026-05-07T17:05:58,07/05/2026 16:55,49.96,15384.0,2216.0,7693.0,2945.0,1424.0,475.0,525.0,GHATAPRABHA,32.0,0.0
2026-05-07T17:05:58,07/05/2026 16:55,49.96,15384.0,2216.0,7693.0,2945.0,1424.0,475.0,525.0,ALMATTI,290.0,0.0
2026-05-07T17:05:58,07/05/2026 16:55,49.96,15384.0,2216.0,7693.0,2945.0,1424.0,475.0,525.0,JINDAL,1460.0,105.0
2026-05-07T17:05:58,07/05/2026 16:55,49.96,15384.0,2216.0,7693.0,2945.0,1424.0,475.0,525.0,UPCL,1200.0,475.0
2026-05-07T17:05:58,07/05/2026 16:55,49.96,15384.0,2216.0,7693.0,2945.0,1424.0,475.0,525.0,YCCP,370.0,0.0
2026-05-07T17:06:58,07/05/2026 16:55,49.96,15384.0,2216.0,7693.0,2945.0,1424.0,475.0,525.0,RTPS,1720.0,862.0
2026-05-07T17:06:58,07/05/2026 16:55,49.96,15384.0,2216.0,7693.0,2945.0,1424.0,475.0,525.0,BTPS,1700.0,1502.0
2026-05-07T17:06:58,07/05/2026 16:55,49.96,15384.0,2216.0,7693.0,2945.0,1424.0,475.0,525.0,YTPS,1600.0,581.0
2026-05-07T17:06:58,07/05/2026 16:55,49.96,15384.0,2216.0,7693.0,2945.0,1424.0,475.0,525.0,SHARAVATHI,1035.0,681.0
2026-05-07T17:06:58,07/05/2026 16:55,49.96,15384.0,2216.0,7693.0,2945.0,1424.0,475.0,525.0,NAGJHARI,900.0,555.0
2026-05-07T17:06:58,07/05/2026 16:55,49.96,15384.0,2216.0,7693.0,2945.0,1424.0,475.0,525.0,VARAHI,460.0,188.0
2026-05-07T17:06:58,07/05/2026 16:55,49.96,15384.0,2216.0,7693.0,2945.0,1424.0,475.0,525.0,KODSALLI,120.0,115.0
2026-05-07T17:06:58,07/05/2026 16:55,49.96,15384.0,2216.0,7693.0,2945.0,1424.0,475.0,525.0,KADRA,150.0,49.0
2026-05-07T17:06:58,07/05/2026 16:55,49.96,15384.0,2216.0,7693.0,2945.0,1424.0,475.0,525.0,GERUSOPPA,240.0,225.0
2026-05-07T17:06:58,07/05/2026 16:55,49.96,15384.0,2216.0,7693.0,2945.0,1424.0,475.0,525.0,JOG,139.2,49.0
2026-05-07T17:06:58,07/05/2026 16:55,49.96,15384.0,2216.0,7693.0,2945.0,1424.0,475.0,525.0,LPH,55.0,12.0
2026-05-07T17:06:58,07/05/2026 16:55,49.96,15384.0,2216.0,7693.0,2945.0,1424.0,475.0,525.0,SUPA,100.0,74.0
2026-05-07T17:06:58,07/05/2026 16:55,49.96,15384.0,2216.0,7693.0,2945.0,1424.0,475.0,525.0,SHIMSHA,17.2,0.0
2026-05-07T17:06:58,07/05/2026 16:55,49.96,15384.0,2216.0,7693.0,2945.0,1424.0,475.0,525.0,SHIVASAMUDRA,42.0,0.0
2026-05-07T17:06:58,07/05/2026 16:55,49.96,15384.0,2216.0,7693.0,2945.0,1424.0,475.0,525.0,MANIDAM,9.0,1.0
2026-05-07T17:06:58,07/05/2026 16:55,49.96,15384.0,2216.0,7693.0,2945.0,1424.0,475.0,525.0,MUNRABAD,38.0,0.0
2026-05-07T17:06:58,07/05/2026 16:55,49.96,15384.0,2216.0,7693.0,2945.0,1424.0,475.0,525.0,BHADRA,39.2,0.0
2026-05-07T17:06:58,07/05/2026 16:55,49.96,15384.0,2216.0,7693.0,2945.0,1424.0,475.0,525.0,GHATAPRABHA,32.0,0.0
2026-05-07T17:06:58,07/05/2026 16:55,49.96,15384.0,2216.0,7693.0,2945.0,1424.0,475.0,525.0,ALMATTI,290.0,0.0
2026-05-07T17:06:58,07/05/2026 16:55,49.96,15384.0,2216.0,7693.0,2945.0,1424.0,475.0,525.0,JINDAL,1460.0,105.0
2026-05-07T17:06:58,07/05/2026 16:55,49.96,15384.0,2216.0,7693.0,2945.0,1424.0,475.0,525.0,UPCL,1200.0,475.0
2026-05-07T17:06:58,07/05/2026 16:55,49.96,15384.0,2216.0,7693.0,2945.0,1424.0,475.0,525.0,YCCP,370.0,0.0
2026-05-07T17:07:58,07/05/2026 17:05,50.03,15066.0,1918.0,7559.0,2944.0,1423.0,477.0,620.0,RTPS,1720.0,875.0
2026-05-07T17:07:58,07/05/2026 17:05,50.03,15066.0,1918.0,7559.0,2944.0,1423.0,477.0,620.0,BTPS,1700.0,1489.0
2026-05-07T17:07:58,07/05/2026 17:05,50.03,15066.0,1918.0,7559.0,2944.0,1423.0,477.0,620.0,YTPS,1600.0,580.0
2026-05-07T17:07:58,07/05/2026 17:05,50.03,15066.0,1918.0,7559.0,2944.0,1423.0,477.0,620.0,SHARAVATHI,1035.0,684.0
2026-05-07T17:07:58,07/05/2026 17:05,50.03,15066.0,1918.0,7559.0,2944.0,1423.0,477.0,620.0,NAGJHARI,900.0,552.0
2026-05-07T17:07:58,07/05/2026 17:05,50.03,15066.0,1918.0,7559.0,2944.0,1423.0,477.0,620.0,VARAHI,460.0,187.0
2026-05-07T17:07:58,07/05/2026 17:05,50.03,15066.0,1918.0,7559.0,2944.0,1423.0,477.0,620.0,KODSALLI,120.0,115.0
2026-05-07T17:07:58,07/05/2026 17:05,50.03,15066.0,1918.0,7559.0,2944.0,1423.0,477.0,620.0,KADRA,150.0,146.0
2026-05-07T17:07:58,07/05/2026 17:05,50.03,15066.0,1918.0,7559.0,2944.0,1423.0,477.0,620.0,GERUSOPPA,240.0,224.0
2026-05-07T17:07:58,07/05/2026 17:05,50.03,15066.0,1918.0,7559.0,2944.0,1423.0,477.0,620.0,JOG,139.2,47.0
2026-05-07T17:07:58,07/05/2026 17:05,50.03,15066.0,1918.0,7559.0,2944.0,1423.0,477.0,620.0,LPH,55.0,13.0
2026-05-07T17:07:58,07/05/2026 17:05,50.03,15066.0,1918.0,7559.0,2944.0,1423.0,477.0,620.0,SUPA,100.0,74.0
2026-05-07T17:07:58,07/05/2026 17:05,50.03,15066.0,1918.0,7559.0,2944.0,1423.0,477.0,620.0,SHIMSHA,17.2,0.0
2026-05-07T17:07:58,07/05/2026 17:05,50.03,15066.0,1918.0,7559.0,2944.0,1423.0,477.0,620.0,SHIVASAMUDRA,42.0,0.0
2026-05-07T17:07:58,07/05/2026 17:05,50.03,15066.0,1918.0,7559.0,2944.0,1423.0,477.0,620.0,MANIDAM,9.0,1.0
2026-05-07T17:07:58,07/05/2026 17:05,50.03,15066.0,1918.0,7559.0,2944.0,1423.0,477.0,620.0,MUNRABAD,38.0,0.0
2026-05-07T17:07:58,07/05/2026 17:05,50.03,15066.0,1918.0,7559.0,2944.0,1423.0,477.0,620.0,BHADRA,39.2,0.0
2026-05-07T17:07:58,07/05/2026 17:05,50.03,15066.0,1918.0,7559.0,2944.0,1423.0,477.0,620.0,GHATAPRABHA,32.0,0.0
2026-05-07T17:07:58,07/05/2026 17:05,50.03,15066.0,1918.0,7559.0,2944.0,1423.0,477.0,620.0,ALMATTI,290.0,0.0
2026-05-07T17:07:58,07/05/2026 17:05,50.03,15066.0,1918.0,7559.0,2944.0,1423.0,477.0,620.0,JINDAL,1460.0,81.0
2026-05-07T17:07:58,07/05/2026 17:05,50.03,15066.0,1918.0,7559.0,2944.0,1423.0,477.0,620.0,UPCL,1200.0,477.0
2026-05-07T17:07:58,07/05/2026 17:05,50.03,15066.0,1918.0,7559.0,2944.0,1423.0,477.0,620.0,YCCP,370.0,0.0
2026-05-07T17:08:58,07/05/2026 17:05,50.03,15066.0,1918.0,7559.0,2944.0,1423.0,477.0,620.0,RTPS,1720.0,875.0
2026-05-07T17:08:58,07/05/2026 17:05,50.03,15066.0,1918.0,7559.0,2944.0,1423.0,477.0,620.0,BTPS,1700.0,1489.0
2026-05-07T17:08:58,07/05/2026 17:05,50.03,15066.0,1918.0,7559.0,2944.0,1423.0,477.0,620.0,YTPS,1600.0,580.0
2026-05-07T17:08:58,07/05/2026 17:05,50.03,15066.0,1918.0,7559.0,2944.0,1423.0,477.0,620.0,SHARAVATHI,1035.0,684.0
2026-05-07T17:08:58,07/05/2026 17:05,50.03,15066.0,1918.0,7559.0,2944.0,1423.0,477.0,620.0,NAGJHARI,900.0,552.0
2026-05-07T17:08:58,07/05/2026 17:05,50.03,15066.0,1918.0,7559.0,2944.0,1423.0,477.0,620.0,VARAHI,460.0,187.0
2026-05-07T17:08:58,07/05/2026 17:05,50.03,15066.0,1918.0,7559.0,2944.0,1423.0,477.0,620.0,KODSALLI,120.0,115.0
2026-05-07T17:08:58,07/05/2026 17:05,50.03,15066.0,1918.0,7559.0,2944.0,1423.0,477.0,620.0,KADRA,150.0,146.0
2026-05-07T17:08:58,07/05/2026 17:05,50.03,15066.0,1918.0,7559.0,2944.0,1423.0,477.0,620.0,GERUSOPPA,240.0,224.0
2026-05-07T17:08:58,07/05/2026 17:05,50.03,15066.0,1918.0,7559.0,2944.0,1423.0,477.0,620.0,JOG,139.2,47.0
2026-05-07T17:08:58,07/05/2026 17:05,50.03,15066.0,1918.0,7559.0,2944.0,1423.0,477.0,620.0,LPH,55.0,13.0
2026-05-07T17:08:58,07/05/2026 17:05,50.03,15066.0,1918.0,7559.0,2944.0,1423.0,477.0,620.0,SUPA,100.0,74.0
2026-05-07T17:08:58,07/05/2026 17:05,50.03,15066.0,1918.0,7559.0,2944.0,1423.0,477.0,620.0,SHIMSHA,17.2,0.0
2026-05-07T17:08:58,07/05/2026 17:05,50.03,15066.0,1918.0,7559.0,2944.0,1423.0,477.0,620.0,SHIVASAMUDRA,42.0,0.0
2026-05-07T17:08:58,07/05/2026 17:05,50.03,15066.0,1918.0,7559.0,2944.0,1423.0,477.0,620.0,MANIDAM,9.0,1.0
2026-05-07T17:08:58,07/05/2026 17:05,50.03,15066.0,1918.0,7559.0,2944.0,1423.0,477.0,620.0,MUNRABAD,38.0,0.0
2026-05-07T17:08:58,07/05/2026 17:05,50.03,15066.0,1918.0,7559.0,2944.0,1423.0,477.0,620.0,BHADRA,39.2,0.0
2026-05-07T17:08:58,07/05/2026 17:05,50.03,15066.0,1918.0,7559.0,2944.0,1423.0,477.0,620.0,GHATAPRABHA,32.0,0.0
2026-05-07T17:08:58,07/05/2026 17:05,50.03,15066.0,1918.0,7559.0,2944.0,1423.0,477.0,620.0,ALMATTI,290.0,0.0
2026-05-07T17:08:58,07/05/2026 17:05,50.03,15066.0,1918.0,7559.0,2944.0,1423.0,477.0,620.0,JINDAL,1460.0,81.0
2026-05-07T17:08:58,07/05/2026 17:05,50.03,15066.0,1918.0,7559.0,2944.0,1423.0,477.0,620.0,UPCL,1200.0,477.0
2026-05-07T17:08:58,07/05/2026 17:05,50.03,15066.0,1918.0,7559.0,2944.0,1423.0,477.0,620.0,YCCP,370.0,0.0
2026-05-07T17:09:58,07/05/2026 17:05,50.03,15066.0,1918.0,7559.0,2944.0,1423.0,477.0,620.0,RTPS,1720.0,875.0
2026-05-07T17:09:58,07/05/2026 17:05,50.03,15066.0,1918.0,7559.0,2944.0,1423.0,477.0,620.0,BTPS,1700.0,1489.0
2026-05-07T17:09:58,07/05/2026 17:05,50.03,15066.0,1918.0,7559.0,2944.0,1423.0,477.0,620.0,YTPS,1600.0,580.0
2026-05-07T17:09:58,07/05/2026 17:05,50.03,15066.0,1918.0,7559.0,2944.0,1423.0,477.0,620.0,SHARAVATHI,1035.0,684.0
2026-05-07T17:09:58,07/05/2026 17:05,50.03,15066.0,1918.0,7559.0,2944.0,1423.0,477.0,620.0,NAGJHARI,900.0,552.0
2026-05-07T17:09:58,07/05/2026 17:05,50.03,15066.0,1918.0,7559.0,2944.0,1423.0,477.0,620.0,VARAHI,460.0,187.0
2026-05-07T17:09:58,07/05/2026 17:05,50.03,15066.0,1918.0,7559.0,2944.0,1423.0,477.0,620.0,KODSALLI,120.0,115.0
2026-05-07T17:09:58,07/05/2026 17:05,50.03,15066.0,1918.0,7559.0,2944.0,1423.0,477.0,620.0,KADRA,150.0,146.0
2026-05-07T17:09:58,07/05/2026 17:05,50.03,15066.0,1918.0,7559.0,2944.0,1423.0,477.0,620.0,GERUSOPPA,240.0,224.0
2026-05-07T17:09:58,07/05/2026 17:05,50.03,15066.0,1918.0,7559.0,2944.0,1423.0,477.0,620.0,JOG,139.2,47.0
2026-05-07T17:09:58,07/05/2026 17:05,50.03,15066.0,1918.0,7559.0,2944.0,1423.0,477.0,620.0,LPH,55.0,13.0
2026-05-07T17:09:58,07/05/2026 17:05,50.03,15066.0,1918.0,7559.0,2944.0,1423.0,477.0,620.0,SUPA,100.0,74.0
2026-05-07T17:09:58,07/05/2026 17:05,50.03,15066.0,1918.0,7559.0,2944.0,1423.0,477.0,620.0,SHIMSHA,17.2,0.0
2026-05-07T17:09:58,07/05/2026 17:05,50.03,15066.0,1918.0,7559.0,2944.0,1423.0,477.0,620.0,SHIVASAMUDRA,42.0,0.0
2026-05-07T17:09:58,07/05/2026 17:05,50.03,15066.0,1918.0,7559.0,2944.0,1423.0,477.0,620.0,MANIDAM,9.0,1.0
2026-05-07T17:09:58,07/05/2026 17:05,50.03,15066.0,1918.0,7559.0,2944.0,1423.0,477.0,620.0,MUNRABAD,38.0,0.0
2026-05-07T17:09:58,07/05/2026 17:05,50.03,15066.0,1918.0,7559.0,2944.0,1423.0,477.0,620.0,BHADRA,39.2,0.0
2026-05-07T17:09:58,07/05/2026 17:05,50.03,15066.0,1918.0,7559.0,2944.0,1423.0,477.0,620.0,GHATAPRABHA,32.0,0.0
2026-05-07T17:09:58,07/05/2026 17:05,50.03,15066.0,1918.0,7559.0,2944.0,1423.0,477.0,620.0,ALMATTI,290.0,0.0
2026-05-07T17:09:58,07/05/2026 17:05,50.03,15066.0,1918.0,7559.0,2944.0,1423.0,477.0,620.0,JINDAL,1460.0,81.0
2026-05-07T17:09:58,07/05/2026 17:05,50.03,15066.0,1918.0,7559.0,2944.0,1423.0,477.0,620.0,UPCL,1200.0,477.0
2026-05-07T17:09:58,07/05/2026 17:05,50.03,15066.0,1918.0,7559.0,2944.0,1423.0,477.0,620.0,YCCP,370.0,0.0
2026-05-07T17:10:58,07/05/2026 17:05,50.03,15066.0,1918.0,7559.0,2944.0,1423.0,477.0,620.0,RTPS,1720.0,875.0
2026-05-07T17:10:58,07/05/2026 17:05,50.03,15066.0,1918.0,7559.0,2944.0,1423.0,477.0,620.0,BTPS,1700.0,1489.0
2026-05-07T17:10:58,07/05/2026 17:05,50.03,15066.0,1918.0,7559.0,2944.0,1423.0,477.0,620.0,YTPS,1600.0,580.0
2026-05-07T17:10:58,07/05/2026 17:05,50.03,15066.0,1918.0,7559.0,2944.0,1423.0,477.0,620.0,SHARAVATHI,1035.0,684.0
2026-05-07T17:10:58,07/05/2026 17:05,50.03,15066.0,1918.0,7559.0,2944.0,1423.0,477.0,620.0,NAGJHARI,900.0,552.0
2026-05-07T17:10:58,07/05/2026 17:05,50.03,15066.0,1918.0,7559.0,2944.0,1423.0,477.0,620.0,VARAHI,460.0,187.0
2026-05-07T17:10:58,07/05/2026 17:05,50.03,15066.0,1918.0,7559.0,2944.0,1423.0,477.0,620.0,KODSALLI,120.0,115.0
2026-05-07T17:10:58,07/05/2026 17:05,50.03,15066.0,1918.0,7559.0,2944.0,1423.0,477.0,620.0,KADRA,150.0,146.0
2026-05-07T17:10:58,07/05/2026 17:05,50.03,15066.0,1918.0,7559.0,2944.0,1423.0,477.0,620.0,GERUSOPPA,240.0,224.0
2026-05-07T17:10:58,07/05/2026 17:05,50.03,15066.0,1918.0,7559.0,2944.0,1423.0,477.0,620.0,JOG,139.2,47.0
2026-05-07T17:10:58,07/05/2026 17:05,50.03,15066.0,1918.0,7559.0,2944.0,1423.0,477.0,620.0,LPH,55.0,13.0
2026-05-07T17:10:58,07/05/2026 17:05,50.03,15066.0,1918.0,7559.0,2944.0,1423.0,477.0,620.0,SUPA,100.0,74.0
2026-05-07T17:10:58,07/05/2026 17:05,50.03,15066.0,1918.0,7559.0,2944.0,1423.0,477.0,620.0,SHIMSHA,17.2,0.0
2026-05-07T17:10:58,07/05/2026 17:05,50.03,15066.0,1918.0,7559.0,2944.0,1423.0,477.0,620.0,SHIVASAMUDRA,42.0,0.0
2026-05-07T17:10:58,07/05/2026 17:05,50.03,15066.0,1918.0,7559.0,2944.0,1423.0,477.0,620.0,MANIDAM,9.0,1.0
2026-05-07T17:10:58,07/05/2026 17:05,50.03,15066.0,1918.0,7559.0,2944.0,1423.0,477.0,620.0,MUNRABAD,38.0,0.0
2026-05-07T17:10:58,07/05/2026 17:05,50.03,15066.0,1918.0,7559.0,2944.0,1423.0,477.0,620.0,BHADRA,39.2,0.0
2026-05-07T17:10:58,07/05/2026 17:05,50.03,15066.0,1918.0,7559.0,2944.0,1423.0,477.0,620.0,GHATAPRABHA,32.0,0.0
2026-05-07T17:10:58,07/05/2026 17:05,50.03,15066.0,1918.0,7559.0,2944.0,1423.0,477.0,620.0,ALMATTI,290.0,0.0
2026-05-07T17:10:58,07/05/2026 17:05,50.03,15066.0,1918.0,7559.0,2944.0,1423.0,477.0,620.0,JINDAL,1460.0,81.0
2026-05-07T17:10:58,07/05/2026 17:05,50.03,15066.0,1918.0,7559.0,2944.0,1423.0,477.0,620.0,UPCL,1200.0,477.0
2026-05-07T17:10:58,07/05/2026 17:05,50.03,15066.0,1918.0,7559.0,2944.0,1423.0,477.0,620.0,YCCP,370.0,0.0
2026-05-07T17:11:58,07/05/2026 17:05,50.03,15066.0,1918.0,7559.0,2944.0,1423.0,477.0,620.0,RTPS,1720.0,875.0
2026-05-07T17:11:58,07/05/2026 17:05,50.03,15066.0,1918.0,7559.0,2944.0,1423.0,477.0,620.0,BTPS,1700.0,1489.0
2026-05-07T17:11:58,07/05/2026 17:05,50.03,15066.0,1918.0,7559.0,2944.0,1423.0,477.0,620.0,YTPS,1600.0,580.0
2026-05-07T17:11:58,07/05/2026 17:05,50.03,15066.0,1918.0,7559.0,2944.0,1423.0,477.0,620.0,SHARAVATHI,1035.0,684.0
2026-05-07T17:11:58,07/05/2026 17:05,50.03,15066.0,1918.0,7559.0,2944.0,1423.0,477.0,620.0,NAGJHARI,900.0,552.0
2026-05-07T17:11:58,07/05/2026 17:05,50.03,15066.0,1918.0,7559.0,2944.0,1423.0,477.0,620.0,VARAHI,460.0,187.0
2026-05-07T17:11:58,07/05/2026 17:05,50.03,15066.0,1918.0,7559.0,2944.0,1423.0,477.0,620.0,KODSALLI,120.0,115.0
2026-05-07T17:11:58,07/05/2026 17:05,50.03,15066.0,1918.0,7559.0,2944.0,1423.0,477.0,620.0,KADRA,150.0,146.0
2026-05-07T17:11:58,07/05/2026 17:05,50.03,15066.0,1918.0,7559.0,2944.0,1423.0,477.0,620.0,GERUSOPPA,240.0,224.0
2026-05-07T17:11:58,07/05/2026 17:05,50.03,15066.0,1918.0,7559.0,2944.0,1423.0,477.0,620.0,JOG,139.2,47.0
2026-05-07T17:11:58,07/05/2026 17:05,50.03,15066.0,1918.0,7559.0,2944.0,1423.0,477.0,620.0,LPH,55.0,13.0
2026-05-07T17:11:58,07/05/2026 17:05,50.03,15066.0,1918.0,7559.0,2944.0,1423.0,477.0,620.0,SUPA,100.0,74.0
2026-05-07T17:11:58,07/05/2026 17:05,50.03,15066.0,1918.0,7559.0,2944.0,1423.0,477.0,620.0,SHIMSHA,17.2,0.0
2026-05-07T17:11:58,07/05/2026 17:05,50.03,15066.0,1918.0,7559.0,2944.0,1423.0,477.0,620.0,SHIVASAMUDRA,42.0,0.0
2026-05-07T17:11:58,07/05/2026 17:05,50.03,15066.0,1918.0,7559.0,2944.0,1423.0,477.0,620.0,MANIDAM,9.0,1.0
2026-05-07T17:11:58,07/05/2026 17:05,50.03,15066.0,1918.0,7559.0,2944.0,1423.0,477.0,620.0,MUNRABAD,38.0,0.0
2026-05-07T17:11:58,07/05/2026 17:05,50.03,15066.0,1918.0,7559.0,2944.0,1423.0,477.0,620.0,BHADRA,39.2,0.0
2026-05-07T17:11:58,07/05/2026 17:05,50.03,15066.0,1918.0,7559.0,2944.0,1423.0,477.0,620.0,GHATAPRABHA,32.0,0.0
2026-05-07T17:11:58,07/05/2026 17:05,50.03,15066.0,1918.0,7559.0,2944.0,1423.0,477.0,620.0,ALMATTI,290.0,0.0
2026-05-07T17:11:58,07/05/2026 17:05,50.03,15066.0,1918.0,7559.0,2944.0,1423.0,477.0,620.0,JINDAL,1460.0,81.0
2026-05-07T17:11:58,07/05/2026 17:05,50.03,15066.0,1918.0,7559.0,2944.0,1423.0,477.0,620.0,UPCL,1200.0,477.0
2026-05-07T17:11:58,07/05/2026 17:05,50.03,15066.0,1918.0,7559.0,2944.0,1423.0,477.0,620.0,YCCP,370.0,0.0
2026-05-07T17:12:59,07/05/2026 17:05,50.03,15066.0,1918.0,7559.0,2944.0,1423.0,477.0,620.0,RTPS,1720.0,875.0
2026-05-07T17:12:59,07/05/2026 17:05,50.03,15066.0,1918.0,7559.0,2944.0,1423.0,477.0,620.0,BTPS,1700.0,1489.0
2026-05-07T17:12:59,07/05/2026 17:05,50.03,15066.0,1918.0,7559.0,2944.0,1423.0,477.0,620.0,YTPS,1600.0,580.0
2026-05-07T17:12:59,07/05/2026 17:05,50.03,15066.0,1918.0,7559.0,2944.0,1423.0,477.0,620.0,SHARAVATHI,1035.0,684.0
2026-05-07T17:12:59,07/05/2026 17:05,50.03,15066.0,1918.0,7559.0,2944.0,1423.0,477.0,620.0,NAGJHARI,900.0,552.0
2026-05-07T17:12:59,07/05/2026 17:05,50.03,15066.0,1918.0,7559.0,2944.0,1423.0,477.0,620.0,VARAHI,460.0,187.0
2026-05-07T17:12:59,07/05/2026 17:05,50.03,15066.0,1918.0,7559.0,2944.0,1423.0,477.0,620.0,KODSALLI,120.0,115.0
2026-05-07T17:12:59,07/05/2026 17:05,50.03,15066.0,1918.0,7559.0,2944.0,1423.0,477.0,620.0,KADRA,150.0,146.0
2026-05-07T17:12:59,07/05/2026 17:05,50.03,15066.0,1918.0,7559.0,2944.0,1423.0,477.0,620.0,GERUSOPPA,240.0,224.0
2026-05-07T17:12:59,07/05/2026 17:05,50.03,15066.0,1918.0,7559.0,2944.0,1423.0,477.0,620.0,JOG,139.2,47.0
2026-05-07T17:12:59,07/05/2026 17:05,50.03,15066.0,1918.0,7559.0,2944.0,1423.0,477.0,620.0,LPH,55.0,13.0
2026-05-07T17:12:59,07/05/2026 17:05,50.03,15066.0,1918.0,7559.0,2944.0,1423.0,477.0,620.0,SUPA,100.0,74.0
2026-05-07T17:12:59,07/05/2026 17:05,50.03,15066.0,1918.0,7559.0,2944.0,1423.0,477.0,620.0,SHIMSHA,17.2,0.0
2026-05-07T17:12:59,07/05/2026 17:05,50.03,15066.0,1918.0,7559.0,2944.0,1423.0,477.0,620.0,SHIVASAMUDRA,42.0,0.0
2026-05-07T17:12:59,07/05/2026 17:05,50.03,15066.0,1918.0,7559.0,2944.0,1423.0,477.0,620.0,MANIDAM,9.0,1.0
2026-05-07T17:12:59,07/05/2026 17:05,50.03,15066.0,1918.0,7559.0,2944.0,1423.0,477.0,620.0,MUNRABAD,38.0,0.0
2026-05-07T17:12:59,07/05/2026 17:05,50.03,15066.0,1918.0,7559.0,2944.0,1423.0,477.0,620.0,BHADRA,39.2,0.0
2026-05-07T17:12:59,07/05/2026 17:05,50.03,15066.0,1918.0,7559.0,2944.0,1423.0,477.0,620.0,GHATAPRABHA,32.0,0.0
2026-05-07T17:12:59,07/05/2026 17:05,50.03,15066.0,1918.0,7559.0,2944.0,1423.0,477.0,620.0,ALMATTI,290.0,0.0
2026-05-07T17:12:59,07/05/2026 17:05,50.03,15066.0,1918.0,7559.0,2944.0,1423.0,477.0,620.0,JINDAL,1460.0,81.0
2026-05-07T17:12:59,07/05/2026 17:05,50.03,15066.0,1918.0,7559.0,2944.0,1423.0,477.0,620.0,UPCL,1200.0,477.0
2026-05-07T17:12:59,07/05/2026 17:05,50.03,15066.0,1918.0,7559.0,2944.0,1423.0,477.0,620.0,YCCP,370.0,0.0
2026-05-07T17:13:58,07/05/2026 17:10,49.91,14931.0,1806.0,7564.0,2941.0,1437.0,477.0,619.0,RTPS,1720.0,869.0
2026-05-07T17:13:58,07/05/2026 17:10,49.91,14931.0,1806.0,7564.0,2941.0,1437.0,477.0,619.0,BTPS,1700.0,1493.0
2026-05-07T17:13:58,07/05/2026 17:10,49.91,14931.0,1806.0,7564.0,2941.0,1437.0,477.0,619.0,YTPS,1600.0,579.0
2026-05-07T17:13:58,07/05/2026 17:10,49.91,14931.0,1806.0,7564.0,2941.0,1437.0,477.0,619.0,SHARAVATHI,1035.0,684.0
2026-05-07T17:13:58,07/05/2026 17:10,49.91,14931.0,1806.0,7564.0,2941.0,1437.0,477.0,619.0,NAGJHARI,900.0,562.0
2026-05-07T17:13:58,07/05/2026 17:10,49.91,14931.0,1806.0,7564.0,2941.0,1437.0,477.0,619.0,VARAHI,460.0,191.0
2026-05-07T17:13:58,07/05/2026 17:10,49.91,14931.0,1806.0,7564.0,2941.0,1437.0,477.0,619.0,KODSALLI,120.0,115.0
2026-05-07T17:13:58,07/05/2026 17:10,49.91,14931.0,1806.0,7564.0,2941.0,1437.0,477.0,619.0,KADRA,150.0,147.0
2026-05-07T17:13:58,07/05/2026 17:10,49.91,14931.0,1806.0,7564.0,2941.0,1437.0,477.0,619.0,GERUSOPPA,240.0,223.0
2026-05-07T17:13:58,07/05/2026 17:10,49.91,14931.0,1806.0,7564.0,2941.0,1437.0,477.0,619.0,JOG,139.2,47.0
2026-05-07T17:13:58,07/05/2026 17:10,49.91,14931.0,1806.0,7564.0,2941.0,1437.0,477.0,619.0,LPH,55.0,12.0
2026-05-07T17:13:58,07/05/2026 17:10,49.91,14931.0,1806.0,7564.0,2941.0,1437.0,477.0,619.0,SUPA,100.0,74.0
2026-05-07T17:13:58,07/05/2026 17:10,49.91,14931.0,1806.0,7564.0,2941.0,1437.0,477.0,619.0,SHIMSHA,17.2,0.0
2026-05-07T17:13:58,07/05/2026 17:10,49.91,14931.0,1806.0,7564.0,2941.0,1437.0,477.0,619.0,SHIVASAMUDRA,42.0,0.0
2026-05-07T17:13:58,07/05/2026 17:10,49.91,14931.0,1806.0,7564.0,2941.0,1437.0,477.0,619.0,MANIDAM,9.0,1.0
2026-05-07T17:13:58,07/05/2026 17:10,49.91,14931.0,1806.0,7564.0,2941.0,1437.0,477.0,619.0,MUNRABAD,38.0,0.0
2026-05-07T17:13:58,07/05/2026 17:10,49.91,14931.0,1806.0,7564.0,2941.0,1437.0,477.0,619.0,BHADRA,39.2,0.0
2026-05-07T17:13:58,07/05/2026 17:10,49.91,14931.0,1806.0,7564.0,2941.0,1437.0,477.0,619.0,GHATAPRABHA,32.0,0.0
2026-05-07T17:13:58,07/05/2026 17:10,49.91,14931.0,1806.0,7564.0,2941.0,1437.0,477.0,619.0,ALMATTI,290.0,0.0
2026-05-07T17:13:58,07/05/2026 17:10,49.91,14931.0,1806.0,7564.0,2941.0,1437.0,477.0,619.0,JINDAL,1460.0,93.0
2026-05-07T17:13:58,07/05/2026 17:10,49.91,14931.0,1806.0,7564.0,2941.0,1437.0,477.0,619.0,UPCL,1200.0,477.0
2026-05-07T17:13:58,07/05/2026 17:10,49.91,14931.0,1806.0,7564.0,2941.0,1437.0,477.0,619.0,YCCP,370.0,0.0
2026-05-07T17:14:58,07/05/2026 17:10,49.91,14931.0,1806.0,7564.0,2941.0,1437.0,477.0,619.0,RTPS,1720.0,869.0
2026-05-07T17:14:58,07/05/2026 17:10,49.91,14931.0,1806.0,7564.0,2941.0,1437.0,477.0,619.0,BTPS,1700.0,1493.0
2026-05-07T17:14:58,07/05/2026 17:10,49.91,14931.0,1806.0,7564.0,2941.0,1437.0,477.0,619.0,YTPS,1600.0,579.0
2026-05-07T17:14:58,07/05/2026 17:10,49.91,14931.0,1806.0,7564.0,2941.0,1437.0,477.0,619.0,SHARAVATHI,1035.0,684.0
2026-05-07T17:14:58,07/05/2026 17:10,49.91,14931.0,1806.0,7564.0,2941.0,1437.0,477.0,619.0,NAGJHARI,900.0,562.0
2026-05-07T17:14:58,07/05/2026 17:10,49.91,14931.0,1806.0,7564.0,2941.0,1437.0,477.0,619.0,VARAHI,460.0,191.0
2026-05-07T17:14:58,07/05/2026 17:10,49.91,14931.0,1806.0,7564.0,2941.0,1437.0,477.0,619.0,KODSALLI,120.0,115.0
2026-05-07T17:14:58,07/05/2026 17:10,49.91,14931.0,1806.0,7564.0,2941.0,1437.0,477.0,619.0,KADRA,150.0,147.0
2026-05-07T17:14:58,07/05/2026 17:10,49.91,14931.0,1806.0,7564.0,2941.0,1437.0,477.0,619.0,GERUSOPPA,240.0,223.0
2026-05-07T17:14:58,07/05/2026 17:10,49.91,14931.0,1806.0,7564.0,2941.0,1437.0,477.0,619.0,JOG,139.2,47.0
2026-05-07T17:14:58,07/05/2026 17:10,49.91,14931.0,1806.0,7564.0,2941.0,1437.0,477.0,619.0,LPH,55.0,12.0
2026-05-07T17:14:58,07/05/2026 17:10,49.91,14931.0,1806.0,7564.0,2941.0,1437.0,477.0,619.0,SUPA,100.0,74.0
2026-05-07T17:14:58,07/05/2026 17:10,49.91,14931.0,1806.0,7564.0,2941.0,1437.0,477.0,619.0,SHIMSHA,17.2,0.0
2026-05-07T17:14:58,07/05/2026 17:10,49.91,14931.0,1806.0,7564.0,2941.0,1437.0,477.0,619.0,SHIVASAMUDRA,42.0,0.0
2026-05-07T17:14:58,07/05/2026 17:10,49.91,14931.0,1806.0,7564.0,2941.0,1437.0,477.0,619.0,MANIDAM,9.0,1.0
2026-05-07T17:14:58,07/05/2026 17:10,49.91,14931.0,1806.0,7564.0,2941.0,1437.0,477.0,619.0,MUNRABAD,38.0,0.0
2026-05-07T17:14:58,07/05/2026 17:10,49.91,14931.0,1806.0,7564.0,2941.0,1437.0,477.0,619.0,BHADRA,39.2,0.0
2026-05-07T17:14:58,07/05/2026 17:10,49.91,14931.0,1806.0,7564.0,2941.0,1437.0,477.0,619.0,GHATAPRABHA,32.0,0.0
2026-05-07T17:14:58,07/05/2026 17:10,49.91,14931.0,1806.0,7564.0,2941.0,1437.0,477.0,619.0,ALMATTI,290.0,0.0
2026-05-07T17:14:58,07/05/2026 17:10,49.91,14931.0,1806.0,7564.0,2941.0,1437.0,477.0,619.0,JINDAL,1460.0,93.0
2026-05-07T17:14:58,07/05/2026 17:10,49.91,14931.0,1806.0,7564.0,2941.0,1437.0,477.0,619.0,UPCL,1200.0,477.0
2026-05-07T17:14:58,07/05/2026 17:10,49.91,14931.0,1806.0,7564.0,2941.0,1437.0,477.0,619.0,YCCP,370.0,0.0
2026-05-07T17:15:58,07/05/2026 17:10,49.91,14931.0,1806.0,7564.0,2941.0,1437.0,477.0,619.0,RTPS,1720.0,869.0
2026-05-07T17:15:58,07/05/2026 17:10,49.91,14931.0,1806.0,7564.0,2941.0,1437.0,477.0,619.0,BTPS,1700.0,1493.0
2026-05-07T17:15:58,07/05/2026 17:10,49.91,14931.0,1806.0,7564.0,2941.0,1437.0,477.0,619.0,YTPS,1600.0,579.0
2026-05-07T17:15:58,07/05/2026 17:10,49.91,14931.0,1806.0,7564.0,2941.0,1437.0,477.0,619.0,SHARAVATHI,1035.0,684.0
2026-05-07T17:15:58,07/05/2026 17:10,49.91,14931.0,1806.0,7564.0,2941.0,1437.0,477.0,619.0,NAGJHARI,900.0,562.0
2026-05-07T17:15:58,07/05/2026 17:10,49.91,14931.0,1806.0,7564.0,2941.0,1437.0,477.0,619.0,VARAHI,460.0,191.0
2026-05-07T17:15:58,07/05/2026 17:10,49.91,14931.0,1806.0,7564.0,2941.0,1437.0,477.0,619.0,KODSALLI,120.0,115.0
2026-05-07T17:15:58,07/05/2026 17:10,49.91,14931.0,1806.0,7564.0,2941.0,1437.0,477.0,619.0,KADRA,150.0,147.0
2026-05-07T17:15:58,07/05/2026 17:10,49.91,14931.0,1806.0,7564.0,2941.0,1437.0,477.0,619.0,GERUSOPPA,240.0,223.0
2026-05-07T17:15:58,07/05/2026 17:10,49.91,14931.0,1806.0,7564.0,2941.0,1437.0,477.0,619.0,JOG,139.2,47.0
2026-05-07T17:15:58,07/05/2026 17:10,49.91,14931.0,1806.0,7564.0,2941.0,1437.0,477.0,619.0,LPH,55.0,12.0
2026-05-07T17:15:58,07/05/2026 17:10,49.91,14931.0,1806.0,7564.0,2941.0,1437.0,477.0,619.0,SUPA,100.0,74.0
2026-05-07T17:15:58,07/05/2026 17:10,49.91,14931.0,1806.0,7564.0,2941.0,1437.0,477.0,619.0,SHIMSHA,17.2,0.0
2026-05-07T17:15:58,07/05/2026 17:10,49.91,14931.0,1806.0,7564.0,2941.0,1437.0,477.0,619.0,SHIVASAMUDRA,42.0,0.0
2026-05-07T17:15:58,07/05/2026 17:10,49.91,14931.0,1806.0,7564.0,2941.0,1437.0,477.0,619.0,MANIDAM,9.0,1.0
2026-05-07T17:15:58,07/05/2026 17:10,49.91,14931.0,1806.0,7564.0,2941.0,1437.0,477.0,619.0,MUNRABAD,38.0,0.0
2026-05-07T17:15:58,07/05/2026 17:10,49.91,14931.0,1806.0,7564.0,2941.0,1437.0,477.0,619.0,BHADRA,39.2,0.0
2026-05-07T17:15:58,07/05/2026 17:10,49.91,14931.0,1806.0,7564.0,2941.0,1437.0,477.0,619.0,GHATAPRABHA,32.0,0.0
2026-05-07T17:15:58,07/05/2026 17:10,49.91,14931.0,1806.0,7564.0,2941.0,1437.0,477.0,619.0,ALMATTI,290.0,0.0
2026-05-07T17:15:58,07/05/2026 17:10,49.91,14931.0,1806.0,7564.0,2941.0,1437.0,477.0,619.0,JINDAL,1460.0,93.0
2026-05-07T17:15:58,07/05/2026 17:10,49.91,14931.0,1806.0,7564.0,2941.0,1437.0,477.0,619.0,UPCL,1200.0,477.0
2026-05-07T17:15:58,07/05/2026 17:10,49.91,14931.0,1806.0,7564.0,2941.0,1437.0,477.0,619.0,YCCP,370.0,0.0
2026-05-07T17:16:58,07/05/2026 17:10,49.91,14931.0,1806.0,7564.0,2941.0,1437.0,477.0,619.0,RTPS,1720.0,869.0
2026-05-07T17:16:58,07/05/2026 17:10,49.91,14931.0,1806.0,7564.0,2941.0,1437.0,477.0,619.0,BTPS,1700.0,1493.0
2026-05-07T17:16:58,07/05/2026 17:10,49.91,14931.0,1806.0,7564.0,2941.0,1437.0,477.0,619.0,YTPS,1600.0,579.0
2026-05-07T17:16:58,07/05/2026 17:10,49.91,14931.0,1806.0,7564.0,2941.0,1437.0,477.0,619.0,SHARAVATHI,1035.0,684.0
2026-05-07T17:16:58,07/05/2026 17:10,49.91,14931.0,1806.0,7564.0,2941.0,1437.0,477.0,619.0,NAGJHARI,900.0,562.0
2026-05-07T17:16:58,07/05/2026 17:10,49.91,14931.0,1806.0,7564.0,2941.0,1437.0,477.0,619.0,VARAHI,460.0,191.0
2026-05-07T17:16:58,07/05/2026 17:10,49.91,14931.0,1806.0,7564.0,2941.0,1437.0,477.0,619.0,KODSALLI,120.0,115.0
2026-05-07T17:16:58,07/05/2026 17:10,49.91,14931.0,1806.0,7564.0,2941.0,1437.0,477.0,619.0,KADRA,150.0,147.0
2026-05-07T17:16:58,07/05/2026 17:10,49.91,14931.0,1806.0,7564.0,2941.0,1437.0,477.0,619.0,GERUSOPPA,240.0,223.0
2026-05-07T17:16:58,07/05/2026 17:10,49.91,14931.0,1806.0,7564.0,2941.0,1437.0,477.0,619.0,JOG,139.2,47.0
2026-05-07T17:16:58,07/05/2026 17:10,49.91,14931.0,1806.0,7564.0,2941.0,1437.0,477.0,619.0,LPH,55.0,12.0
2026-05-07T17:16:58,07/05/2026 17:10,49.91,14931.0,1806.0,7564.0,2941.0,1437.0,477.0,619.0,SUPA,100.0,74.0
2026-05-07T17:16:58,07/05/2026 17:10,49.91,14931.0,1806.0,7564.0,2941.0,1437.0,477.0,619.0,SHIMSHA,17.2,0.0
2026-05-07T17:16:58,07/05/2026 17:10,49.91,14931.0,1806.0,7564.0,2941.0,1437.0,477.0,619.0,SHIVASAMUDRA,42.0,0.0
2026-05-07T17:16:58,07/05/2026 17:10,49.91,14931.0,1806.0,7564.0,2941.0,1437.0,477.0,619.0,MANIDAM,9.0,1.0
2026-05-07T17:16:58,07/05/2026 17:10,49.91,14931.0,1806.0,7564.0,2941.0,1437.0,477.0,619.0,MUNRABAD,38.0,0.0
2026-05-07T17:16:58,07/05/2026 17:10,49.91,14931.0,1806.0,7564.0,2941.0,1437.0,477.0,619.0,BHADRA,39.2,0.0
2026-05-07T17:16:58,07/05/2026 17:10,49.91,14931.0,1806.0,7564.0,2941.0,1437.0,477.0,619.0,GHATAPRABHA,32.0,0.0
2026-05-07T17:16:58,07/05/2026 17:10,49.91,14931.0,1806.0,7564.0,2941.0,1437.0,477.0,619.0,ALMATTI,290.0,0.0
2026-05-07T17:16:58,07/05/2026 17:10,49.91,14931.0,1806.0,7564.0,2941.0,1437.0,477.0,619.0,JINDAL,1460.0,93.0
2026-05-07T17:16:58,07/05/2026 17:10,49.91,14931.0,1806.0,7564.0,2941.0,1437.0,477.0,619.0,UPCL,1200.0,477.0
2026-05-07T17:16:58,07/05/2026 17:10,49.91,14931.0,1806.0,7564.0,2941.0,1437.0,477.0,619.0,YCCP,370.0,0.0
2026-05-07T17:17:59,07/05/2026 17:15,49.94,14780.0,1729.0,7539.0,2914.0,1440.0,477.0,619.0,RTPS,1720.0,863.0
2026-05-07T17:17:59,07/05/2026 17:15,49.94,14780.0,1729.0,7539.0,2914.0,1440.0,477.0,619.0,BTPS,1700.0,1476.0
2026-05-07T17:17:59,07/05/2026 17:15,49.94,14780.0,1729.0,7539.0,2914.0,1440.0,477.0,619.0,YTPS,1600.0,575.0
2026-05-07T17:17:59,07/05/2026 17:15,49.94,14780.0,1729.0,7539.0,2914.0,1440.0,477.0,619.0,SHARAVATHI,1035.0,681.0
2026-05-07T17:17:59,07/05/2026 17:15,49.94,14780.0,1729.0,7539.0,2914.0,1440.0,477.0,619.0,NAGJHARI,900.0,565.0
2026-05-07T17:17:59,07/05/2026 17:15,49.94,14780.0,1729.0,7539.0,2914.0,1440.0,477.0,619.0,VARAHI,460.0,194.0
2026-05-07T17:17:59,07/05/2026 17:15,49.94,14780.0,1729.0,7539.0,2914.0,1440.0,477.0,619.0,KODSALLI,120.0,115.0
2026-05-07T17:17:59,07/05/2026 17:15,49.94,14780.0,1729.0,7539.0,2914.0,1440.0,477.0,619.0,KADRA,150.0,147.0
2026-05-07T17:17:59,07/05/2026 17:15,49.94,14780.0,1729.0,7539.0,2914.0,1440.0,477.0,619.0,GERUSOPPA,240.0,223.0
2026-05-07T17:17:59,07/05/2026 17:15,49.94,14780.0,1729.0,7539.0,2914.0,1440.0,477.0,619.0,JOG,139.2,47.0
2026-05-07T17:17:59,07/05/2026 17:15,49.94,14780.0,1729.0,7539.0,2914.0,1440.0,477.0,619.0,LPH,55.0,12.0
2026-05-07T17:17:59,07/05/2026 17:15,49.94,14780.0,1729.0,7539.0,2914.0,1440.0,477.0,619.0,SUPA,100.0,74.0
2026-05-07T17:17:59,07/05/2026 17:15,49.94,14780.0,1729.0,7539.0,2914.0,1440.0,477.0,619.0,SHIMSHA,17.2,0.0
2026-05-07T17:17:59,07/05/2026 17:15,49.94,14780.0,1729.0,7539.0,2914.0,1440.0,477.0,619.0,SHIVASAMUDRA,42.0,0.0
2026-05-07T17:17:59,07/05/2026 17:15,49.94,14780.0,1729.0,7539.0,2914.0,1440.0,477.0,619.0,MANIDAM,9.0,1.0
2026-05-07T17:17:59,07/05/2026 17:15,49.94,14780.0,1729.0,7539.0,2914.0,1440.0,477.0,619.0,MUNRABAD,38.0,0.0
2026-05-07T17:17:59,07/05/2026 17:15,49.94,14780.0,1729.0,7539.0,2914.0,1440.0,477.0,619.0,BHADRA,39.2,0.0
2026-05-07T17:17:59,07/05/2026 17:15,49.94,14780.0,1729.0,7539.0,2914.0,1440.0,477.0,619.0,GHATAPRABHA,32.0,0.0
2026-05-07T17:17:59,07/05/2026 17:15,49.94,14780.0,1729.0,7539.0,2914.0,1440.0,477.0,619.0,ALMATTI,290.0,0.0
2026-05-07T17:17:59,07/05/2026 17:15,49.94,14780.0,1729.0,7539.0,2914.0,1440.0,477.0,619.0,JINDAL,1460.0,13.0
2026-05-07T17:17:59,07/05/2026 17:15,49.94,14780.0,1729.0,7539.0,2914.0,1440.0,477.0,619.0,UPCL,1200.0,477.0
2026-05-07T17:17:59,07/05/2026 17:15,49.94,14780.0,1729.0,7539.0,2914.0,1440.0,477.0,619.0,YCCP,370.0,0.0
2026-05-07T17:18:58,07/05/2026 17:15,49.94,14780.0,1729.0,7539.0,2914.0,1440.0,477.0,619.0,RTPS,1720.0,863.0
2026-05-07T17:18:58,07/05/2026 17:15,49.94,14780.0,1729.0,7539.0,2914.0,1440.0,477.0,619.0,BTPS,1700.0,1476.0
2026-05-07T17:18:58,07/05/2026 17:15,49.94,14780.0,1729.0,7539.0,2914.0,1440.0,477.0,619.0,YTPS,1600.0,575.0
2026-05-07T17:18:58,07/05/2026 17:15,49.94,14780.0,1729.0,7539.0,2914.0,1440.0,477.0,619.0,SHARAVATHI,1035.0,681.0
2026-05-07T17:18:58,07/05/2026 17:15,49.94,14780.0,1729.0,7539.0,2914.0,1440.0,477.0,619.0,NAGJHARI,900.0,565.0
2026-05-07T17:18:58,07/05/2026 17:15,49.94,14780.0,1729.0,7539.0,2914.0,1440.0,477.0,619.0,VARAHI,460.0,194.0
2026-05-07T17:18:58,07/05/2026 17:15,49.94,14780.0,1729.0,7539.0,2914.0,1440.0,477.0,619.0,KODSALLI,120.0,115.0
2026-05-07T17:18:58,07/05/2026 17:15,49.94,14780.0,1729.0,7539.0,2914.0,1440.0,477.0,619.0,KADRA,150.0,147.0
2026-05-07T17:18:58,07/05/2026 17:15,49.94,14780.0,1729.0,7539.0,2914.0,1440.0,477.0,619.0,GERUSOPPA,240.0,223.0
2026-05-07T17:18:58,07/05/2026 17:15,49.94,14780.0,1729.0,7539.0,2914.0,1440.0,477.0,619.0,JOG,139.2,47.0
2026-05-07T17:18:58,07/05/2026 17:15,49.94,14780.0,1729.0,7539.0,2914.0,1440.0,477.0,619.0,LPH,55.0,12.0
2026-05-07T17:18:58,07/05/2026 17:15,49.94,14780.0,1729.0,7539.0,2914.0,1440.0,477.0,619.0,SUPA,100.0,74.0
2026-05-07T17:18:58,07/05/2026 17:15,49.94,14780.0,1729.0,7539.0,2914.0,1440.0,477.0,619.0,SHIMSHA,17.2,0.0
2026-05-07T17:18:58,07/05/2026 17:15,49.94,14780.0,1729.0,7539.0,2914.0,1440.0,477.0,619.0,SHIVASAMUDRA,42.0,0.0
2026-05-07T17:18:58,07/05/2026 17:15,49.94,14780.0,1729.0,7539.0,2914.0,1440.0,477.0,619.0,MANIDAM,9.0,1.0
2026-05-07T17:18:58,07/05/2026 17:15,49.94,14780.0,1729.0,7539.0,2914.0,1440.0,477.0,619.0,MUNRABAD,38.0,0.0
2026-05-07T17:18:58,07/05/2026 17:15,49.94,14780.0,1729.0,7539.0,2914.0,1440.0,477.0,619.0,BHADRA,39.2,0.0
2026-05-07T17:18:58,07/05/2026 17:15,49.94,14780.0,1729.0,7539.0,2914.0,1440.0,477.0,619.0,GHATAPRABHA,32.0,0.0
2026-05-07T17:18:58,07/05/2026 17:15,49.94,14780.0,1729.0,7539.0,2914.0,1440.0,477.0,619.0,ALMATTI,290.0,0.0
2026-05-07T17:18:58,07/05/2026 17:15,49.94,14780.0,1729.0,7539.0,2914.0,1440.0,477.0,619.0,JINDAL,1460.0,13.0
2026-05-07T17:18:58,07/05/2026 17:15,49.94,14780.0,1729.0,7539.0,2914.0,1440.0,477.0,619.0,UPCL,1200.0,477.0
2026-05-07T17:18:58,07/05/2026 17:15,49.94,14780.0,1729.0,7539.0,2914.0,1440.0,477.0,619.0,YCCP,370.0,0.0
2026-05-07T17:19:58,07/05/2026 17:15,49.94,14780.0,1729.0,7539.0,2914.0,1440.0,477.0,619.0,RTPS,1720.0,863.0
2026-05-07T17:19:58,07/05/2026 17:15,49.94,14780.0,1729.0,7539.0,2914.0,1440.0,477.0,619.0,BTPS,1700.0,1476.0
2026-05-07T17:19:58,07/05/2026 17:15,49.94,14780.0,1729.0,7539.0,2914.0,1440.0,477.0,619.0,YTPS,1600.0,575.0
2026-05-07T17:19:58,07/05/2026 17:15,49.94,14780.0,1729.0,7539.0,2914.0,1440.0,477.0,619.0,SHARAVATHI,1035.0,681.0
2026-05-07T17:19:58,07/05/2026 17:15,49.94,14780.0,1729.0,7539.0,2914.0,1440.0,477.0,619.0,NAGJHARI,900.0,565.0
2026-05-07T17:19:58,07/05/2026 17:15,49.94,14780.0,1729.0,7539.0,2914.0,1440.0,477.0,619.0,VARAHI,460.0,194.0
2026-05-07T17:19:58,07/05/2026 17:15,49.94,14780.0,1729.0,7539.0,2914.0,1440.0,477.0,619.0,KODSALLI,120.0,115.0
2026-05-07T17:19:58,07/05/2026 17:15,49.94,14780.0,1729.0,7539.0,2914.0,1440.0,477.0,619.0,KADRA,150.0,147.0
2026-05-07T17:19:58,07/05/2026 17:15,49.94,14780.0,1729.0,7539.0,2914.0,1440.0,477.0,619.0,GERUSOPPA,240.0,223.0
2026-05-07T17:19:58,07/05/2026 17:15,49.94,14780.0,1729.0,7539.0,2914.0,1440.0,477.0,619.0,JOG,139.2,47.0
2026-05-07T17:19:58,07/05/2026 17:15,49.94,14780.0,1729.0,7539.0,2914.0,1440.0,477.0,619.0,LPH,55.0,12.0
2026-05-07T17:19:58,07/05/2026 17:15,49.94,14780.0,1729.0,7539.0,2914.0,1440.0,477.0,619.0,SUPA,100.0,74.0
2026-05-07T17:19:58,07/05/2026 17:15,49.94,14780.0,1729.0,7539.0,2914.0,1440.0,477.0,619.0,SHIMSHA,17.2,0.0
2026-05-07T17:19:58,07/05/2026 17:15,49.94,14780.0,1729.0,7539.0,2914.0,1440.0,477.0,619.0,SHIVASAMUDRA,42.0,0.0
2026-05-07T17:19:58,07/05/2026 17:15,49.94,14780.0,1729.0,7539.0,2914.0,1440.0,477.0,619.0,MANIDAM,9.0,1.0
2026-05-07T17:19:58,07/05/2026 17:15,49.94,14780.0,1729.0,7539.0,2914.0,1440.0,477.0,619.0,MUNRABAD,38.0,0.0
2026-05-07T17:19:58,07/05/2026 17:15,49.94,14780.0,1729.0,7539.0,2914.0,1440.0,477.0,619.0,BHADRA,39.2,0.0
2026-05-07T17:19:58,07/05/2026 17:15,49.94,14780.0,1729.0,7539.0,2914.0,1440.0,477.0,619.0,GHATAPRABHA,32.0,0.0
2026-05-07T17:19:58,07/05/2026 17:15,49.94,14780.0,1729.0,7539.0,2914.0,1440.0,477.0,619.0,ALMATTI,290.0,0.0
2026-05-07T17:19:58,07/05/2026 17:15,49.94,14780.0,1729.0,7539.0,2914.0,1440.0,477.0,619.0,JINDAL,1460.0,13.0
2026-05-07T17:19:58,07/05/2026 17:15,49.94,14780.0,1729.0,7539.0,2914.0,1440.0,477.0,619.0,UPCL,1200.0,477.0
2026-05-07T17:19:58,07/05/2026 17:15,49.94,14780.0,1729.0,7539.0,2914.0,1440.0,477.0,619.0,YCCP,370.0,0.0
2026-05-07T17:20:58,07/05/2026 17:15,49.94,14780.0,1729.0,7539.0,2914.0,1440.0,477.0,619.0,RTPS,1720.0,863.0
2026-05-07T17:20:58,07/05/2026 17:15,49.94,14780.0,1729.0,7539.0,2914.0,1440.0,477.0,619.0,BTPS,1700.0,1476.0
2026-05-07T17:20:58,07/05/2026 17:15,49.94,14780.0,1729.0,7539.0,2914.0,1440.0,477.0,619.0,YTPS,1600.0,575.0
2026-05-07T17:20:58,07/05/2026 17:15,49.94,14780.0,1729.0,7539.0,2914.0,1440.0,477.0,619.0,SHARAVATHI,1035.0,681.0
2026-05-07T17:20:58,07/05/2026 17:15,49.94,14780.0,1729.0,7539.0,2914.0,1440.0,477.0,619.0,NAGJHARI,900.0,565.0
2026-05-07T17:20:58,07/05/2026 17:15,49.94,14780.0,1729.0,7539.0,2914.0,1440.0,477.0,619.0,VARAHI,460.0,194.0
2026-05-07T17:20:58,07/05/2026 17:15,49.94,14780.0,1729.0,7539.0,2914.0,1440.0,477.0,619.0,KODSALLI,120.0,115.0
2026-05-07T17:20:58,07/05/2026 17:15,49.94,14780.0,1729.0,7539.0,2914.0,1440.0,477.0,619.0,KADRA,150.0,147.0
2026-05-07T17:20:58,07/05/2026 17:15,49.94,14780.0,1729.0,7539.0,2914.0,1440.0,477.0,619.0,GERUSOPPA,240.0,223.0
2026-05-07T17:20:58,07/05/2026 17:15,49.94,14780.0,1729.0,7539.0,2914.0,1440.0,477.0,619.0,JOG,139.2,47.0
2026-05-07T17:20:58,07/05/2026 17:15,49.94,14780.0,1729.0,7539.0,2914.0,1440.0,477.0,619.0,LPH,55.0,12.0
2026-05-07T17:20:58,07/05/2026 17:15,49.94,14780.0,1729.0,7539.0,2914.0,1440.0,477.0,619.0,SUPA,100.0,74.0
2026-05-07T17:20:58,07/05/2026 17:15,49.94,14780.0,1729.0,7539.0,2914.0,1440.0,477.0,619.0,SHIMSHA,17.2,0.0
2026-05-07T17:20:58,07/05/2026 17:15,49.94,14780.0,1729.0,7539.0,2914.0,1440.0,477.0,619.0,SHIVASAMUDRA,42.0,0.0
2026-05-07T17:20:58,07/05/2026 17:15,49.94,14780.0,1729.0,7539.0,2914.0,1440.0,477.0,619.0,MANIDAM,9.0,1.0
2026-05-07T17:20:58,07/05/2026 17:15,49.94,14780.0,1729.0,7539.0,2914.0,1440.0,477.0,619.0,MUNRABAD,38.0,0.0
2026-05-07T17:20:58,07/05/2026 17:15,49.94,14780.0,1729.0,7539.0,2914.0,1440.0,477.0,619.0,BHADRA,39.2,0.0
2026-05-07T17:20:58,07/05/2026 17:15,49.94,14780.0,1729.0,7539.0,2914.0,1440.0,477.0,619.0,GHATAPRABHA,32.0,0.0
2026-05-07T17:20:58,07/05/2026 17:15,49.94,14780.0,1729.0,7539.0,2914.0,1440.0,477.0,619.0,ALMATTI,290.0,0.0
2026-05-07T17:20:58,07/05/2026 17:15,49.94,14780.0,1729.0,7539.0,2914.0,1440.0,477.0,619.0,JINDAL,1460.0,13.0
2026-05-07T17:20:58,07/05/2026 17:15,49.94,14780.0,1729.0,7539.0,2914.0,1440.0,477.0,619.0,UPCL,1200.0,477.0
2026-05-07T17:20:58,07/05/2026 17:15,49.94,14780.0,1729.0,7539.0,2914.0,1440.0,477.0,619.0,YCCP,370.0,0.0
2026-05-07T17:21:59,07/05/2026 17:15,49.94,14780.0,1729.0,7539.0,2914.0,1440.0,477.0,619.0,RTPS,1720.0,863.0
2026-05-07T17:21:59,07/05/2026 17:15,49.94,14780.0,1729.0,7539.0,2914.0,1440.0,477.0,619.0,BTPS,1700.0,1476.0
2026-05-07T17:21:59,07/05/2026 17:15,49.94,14780.0,1729.0,7539.0,2914.0,1440.0,477.0,619.0,YTPS,1600.0,575.0
2026-05-07T17:21:59,07/05/2026 17:15,49.94,14780.0,1729.0,7539.0,2914.0,1440.0,477.0,619.0,SHARAVATHI,1035.0,681.0
2026-05-07T17:21:59,07/05/2026 17:15,49.94,14780.0,1729.0,7539.0,2914.0,1440.0,477.0,619.0,NAGJHARI,900.0,565.0
2026-05-07T17:21:59,07/05/2026 17:15,49.94,14780.0,1729.0,7539.0,2914.0,1440.0,477.0,619.0,VARAHI,460.0,194.0
2026-05-07T17:21:59,07/05/2026 17:15,49.94,14780.0,1729.0,7539.0,2914.0,1440.0,477.0,619.0,KODSALLI,120.0,115.0
2026-05-07T17:21:59,07/05/2026 17:15,49.94,14780.0,1729.0,7539.0,2914.0,1440.0,477.0,619.0,KADRA,150.0,147.0
2026-05-07T17:21:59,07/05/2026 17:15,49.94,14780.0,1729.0,7539.0,2914.0,1440.0,477.0,619.0,GERUSOPPA,240.0,223.0
2026-05-07T17:21:59,07/05/2026 17:15,49.94,14780.0,1729.0,7539.0,2914.0,1440.0,477.0,619.0,JOG,139.2,47.0
2026-05-07T17:21:59,07/05/2026 17:15,49.94,14780.0,1729.0,7539.0,2914.0,1440.0,477.0,619.0,LPH,55.0,12.0
2026-05-07T17:21:59,07/05/2026 17:15,49.94,14780.0,1729.0,7539.0,2914.0,1440.0,477.0,619.0,SUPA,100.0,74.0
2026-05-07T17:21:59,07/05/2026 17:15,49.94,14780.0,1729.0,7539.0,2914.0,1440.0,477.0,619.0,SHIMSHA,17.2,0.0
2026-05-07T17:21:59,07/05/2026 17:15,49.94,14780.0,1729.0,7539.0,2914.0,1440.0,477.0,619.0,SHIVASAMUDRA,42.0,0.0
2026-05-07T17:21:59,07/05/2026 17:15,49.94,14780.0,1729.0,7539.0,2914.0,1440.0,477.0,619.0,MANIDAM,9.0,1.0
2026-05-07T17:21:59,07/05/2026 17:15,49.94,14780.0,1729.0,7539.0,2914.0,1440.0,477.0,619.0,MUNRABAD,38.0,0.0
2026-05-07T17:21:59,07/05/2026 17:15,49.94,14780.0,1729.0,7539.0,2914.0,1440.0,477.0,619.0,BHADRA,39.2,0.0
2026-05-07T17:21:59,07/05/2026 17:15,49.94,14780.0,1729.0,7539.0,2914.0,1440.0,477.0,619.0,GHATAPRABHA,32.0,0.0
2026-05-07T17:21:59,07/05/2026 17:15,49.94,14780.0,1729.0,7539.0,2914.0,1440.0,477.0,619.0,ALMATTI,290.0,0.0
2026-05-07T17:21:59,07/05/2026 17:15,49.94,14780.0,1729.0,7539.0,2914.0,1440.0,477.0,619.0,JINDAL,1460.0,13.0
2026-05-07T17:21:59,07/05/2026 17:15,49.94,14780.0,1729.0,7539.0,2914.0,1440.0,477.0,619.0,UPCL,1200.0,477.0
2026-05-07T17:21:59,07/05/2026 17:15,49.94,14780.0,1729.0,7539.0,2914.0,1440.0,477.0,619.0,YCCP,370.0,0.0
2026-05-07T17:22:58,07/05/2026 17:15,49.94,14780.0,1729.0,7539.0,2914.0,1440.0,477.0,619.0,RTPS,1720.0,863.0
2026-05-07T17:22:58,07/05/2026 17:15,49.94,14780.0,1729.0,7539.0,2914.0,1440.0,477.0,619.0,BTPS,1700.0,1476.0
2026-05-07T17:22:58,07/05/2026 17:15,49.94,14780.0,1729.0,7539.0,2914.0,1440.0,477.0,619.0,YTPS,1600.0,575.0
2026-05-07T17:22:58,07/05/2026 17:15,49.94,14780.0,1729.0,7539.0,2914.0,1440.0,477.0,619.0,SHARAVATHI,1035.0,681.0
2026-05-07T17:22:58,07/05/2026 17:15,49.94,14780.0,1729.0,7539.0,2914.0,1440.0,477.0,619.0,NAGJHARI,900.0,565.0
2026-05-07T17:22:58,07/05/2026 17:15,49.94,14780.0,1729.0,7539.0,2914.0,1440.0,477.0,619.0,VARAHI,460.0,194.0
2026-05-07T17:22:58,07/05/2026 17:15,49.94,14780.0,1729.0,7539.0,2914.0,1440.0,477.0,619.0,KODSALLI,120.0,115.0
2026-05-07T17:22:58,07/05/2026 17:15,49.94,14780.0,1729.0,7539.0,2914.0,1440.0,477.0,619.0,KADRA,150.0,147.0
2026-05-07T17:22:58,07/05/2026 17:15,49.94,14780.0,1729.0,7539.0,2914.0,1440.0,477.0,619.0,GERUSOPPA,240.0,223.0
2026-05-07T17:22:58,07/05/2026 17:15,49.94,14780.0,1729.0,7539.0,2914.0,1440.0,477.0,619.0,JOG,139.2,47.0
2026-05-07T17:22:58,07/05/2026 17:15,49.94,14780.0,1729.0,7539.0,2914.0,1440.0,477.0,619.0,LPH,55.0,12.0
2026-05-07T17:22:58,07/05/2026 17:15,49.94,14780.0,1729.0,7539.0,2914.0,1440.0,477.0,619.0,SUPA,100.0,74.0
2026-05-07T17:22:58,07/05/2026 17:15,49.94,14780.0,1729.0,7539.0,2914.0,1440.0,477.0,619.0,SHIMSHA,17.2,0.0
2026-05-07T17:22:58,07/05/2026 17:15,49.94,14780.0,1729.0,7539.0,2914.0,1440.0,477.0,619.0,SHIVASAMUDRA,42.0,0.0
2026-05-07T17:22:58,07/05/2026 17:15,49.94,14780.0,1729.0,7539.0,2914.0,1440.0,477.0,619.0,MANIDAM,9.0,1.0
2026-05-07T17:22:58,07/05/2026 17:15,49.94,14780.0,1729.0,7539.0,2914.0,1440.0,477.0,619.0,MUNRABAD,38.0,0.0
2026-05-07T17:22:58,07/05/2026 17:15,49.94,14780.0,1729.0,7539.0,2914.0,1440.0,477.0,619.0,BHADRA,39.2,0.0
2026-05-07T17:22:58,07/05/2026 17:15,49.94,14780.0,1729.0,7539.0,2914.0,1440.0,477.0,619.0,GHATAPRABHA,32.0,0.0
2026-05-07T17:22:58,07/05/2026 17:15,49.94,14780.0,1729.0,7539.0,2914.0,1440.0,477.0,619.0,ALMATTI,290.0,0.0
2026-05-07T17:22:58,07/05/2026 17:15,49.94,14780.0,1729.0,7539.0,2914.0,1440.0,477.0,619.0,JINDAL,1460.0,13.0
2026-05-07T17:22:58,07/05/2026 17:15,49.94,14780.0,1729.0,7539.0,2914.0,1440.0,477.0,619.0,UPCL,1200.0,477.0
2026-05-07T17:22:58,07/05/2026 17:15,49.94,14780.0,1729.0,7539.0,2914.0,1440.0,477.0,619.0,YCCP,370.0,0.0
2026-05-07T17:23:59,07/05/2026 17:20,49.96,14831.0,1676.0,7573.0,2914.0,1430.0,477.0,620.0,RTPS,1720.0,857.0
2026-05-07T17:23:59,07/05/2026 17:20,49.96,14831.0,1676.0,7573.0,2914.0,1430.0,477.0,620.0,BTPS,1700.0,1481.0
2026-05-07T17:23:59,07/05/2026 17:20,49.96,14831.0,1676.0,7573.0,2914.0,1430.0,477.0,620.0,YTPS,1600.0,576.0
2026-05-07T17:23:59,07/05/2026 17:20,49.96,14831.0,1676.0,7573.0,2914.0,1430.0,477.0,620.0,SHARAVATHI,1035.0,677.0
2026-05-07T17:23:59,07/05/2026 17:20,49.96,14831.0,1676.0,7573.0,2914.0,1430.0,477.0,620.0,NAGJHARI,900.0,563.0
2026-05-07T17:23:59,07/05/2026 17:20,49.96,14831.0,1676.0,7573.0,2914.0,1430.0,477.0,620.0,VARAHI,460.0,190.0
2026-05-07T17:23:59,07/05/2026 17:20,49.96,14831.0,1676.0,7573.0,2914.0,1430.0,477.0,620.0,KODSALLI,120.0,115.0
2026-05-07T17:23:59,07/05/2026 17:20,49.96,14831.0,1676.0,7573.0,2914.0,1430.0,477.0,620.0,KADRA,150.0,147.0
2026-05-07T17:23:59,07/05/2026 17:20,49.96,14831.0,1676.0,7573.0,2914.0,1430.0,477.0,620.0,GERUSOPPA,240.0,223.0
2026-05-07T17:23:59,07/05/2026 17:20,49.96,14831.0,1676.0,7573.0,2914.0,1430.0,477.0,620.0,JOG,139.2,47.0
2026-05-07T17:23:59,07/05/2026 17:20,49.96,14831.0,1676.0,7573.0,2914.0,1430.0,477.0,620.0,LPH,55.0,12.0
2026-05-07T17:23:59,07/05/2026 17:20,49.96,14831.0,1676.0,7573.0,2914.0,1430.0,477.0,620.0,SUPA,100.0,74.0
2026-05-07T17:23:59,07/05/2026 17:20,49.96,14831.0,1676.0,7573.0,2914.0,1430.0,477.0,620.0,SHIMSHA,17.2,0.0
2026-05-07T17:23:59,07/05/2026 17:20,49.96,14831.0,1676.0,7573.0,2914.0,1430.0,477.0,620.0,SHIVASAMUDRA,42.0,0.0
2026-05-07T17:23:59,07/05/2026 17:20,49.96,14831.0,1676.0,7573.0,2914.0,1430.0,477.0,620.0,MANIDAM,9.0,2.0
2026-05-07T17:23:59,07/05/2026 17:20,49.96,14831.0,1676.0,7573.0,2914.0,1430.0,477.0,620.0,MUNRABAD,38.0,0.0
2026-05-07T17:23:59,07/05/2026 17:20,49.96,14831.0,1676.0,7573.0,2914.0,1430.0,477.0,620.0,BHADRA,39.2,0.0
2026-05-07T17:23:59,07/05/2026 17:20,49.96,14831.0,1676.0,7573.0,2914.0,1430.0,477.0,620.0,GHATAPRABHA,32.0,0.0
2026-05-07T17:23:59,07/05/2026 17:20,49.96,14831.0,1676.0,7573.0,2914.0,1430.0,477.0,620.0,ALMATTI,290.0,0.0
2026-05-07T17:23:59,07/05/2026 17:20,49.96,14831.0,1676.0,7573.0,2914.0,1430.0,477.0,620.0,JINDAL,1460.0,134.0
2026-05-07T17:23:59,07/05/2026 17:20,49.96,14831.0,1676.0,7573.0,2914.0,1430.0,477.0,620.0,UPCL,1200.0,477.0
2026-05-07T17:23:59,07/05/2026 17:20,49.96,14831.0,1676.0,7573.0,2914.0,1430.0,477.0,620.0,YCCP,370.0,0.0
2026-05-07T17:24:58,07/05/2026 17:20,49.96,14831.0,1676.0,7573.0,2914.0,1430.0,477.0,620.0,RTPS,1720.0,857.0
2026-05-07T17:24:58,07/05/2026 17:20,49.96,14831.0,1676.0,7573.0,2914.0,1430.0,477.0,620.0,BTPS,1700.0,1481.0
2026-05-07T17:24:58,07/05/2026 17:20,49.96,14831.0,1676.0,7573.0,2914.0,1430.0,477.0,620.0,YTPS,1600.0,576.0
2026-05-07T17:24:58,07/05/2026 17:20,49.96,14831.0,1676.0,7573.0,2914.0,1430.0,477.0,620.0,SHARAVATHI,1035.0,677.0
2026-05-07T17:24:58,07/05/2026 17:20,49.96,14831.0,1676.0,7573.0,2914.0,1430.0,477.0,620.0,NAGJHARI,900.0,563.0
2026-05-07T17:24:58,07/05/2026 17:20,49.96,14831.0,1676.0,7573.0,2914.0,1430.0,477.0,620.0,VARAHI,460.0,190.0
2026-05-07T17:24:58,07/05/2026 17:20,49.96,14831.0,1676.0,7573.0,2914.0,1430.0,477.0,620.0,KODSALLI,120.0,115.0
2026-05-07T17:24:58,07/05/2026 17:20,49.96,14831.0,1676.0,7573.0,2914.0,1430.0,477.0,620.0,KADRA,150.0,147.0
2026-05-07T17:24:58,07/05/2026 17:20,49.96,14831.0,1676.0,7573.0,2914.0,1430.0,477.0,620.0,GERUSOPPA,240.0,223.0
2026-05-07T17:24:58,07/05/2026 17:20,49.96,14831.0,1676.0,7573.0,2914.0,1430.0,477.0,620.0,JOG,139.2,47.0
2026-05-07T17:24:58,07/05/2026 17:20,49.96,14831.0,1676.0,7573.0,2914.0,1430.0,477.0,620.0,LPH,55.0,12.0
2026-05-07T17:24:58,07/05/2026 17:20,49.96,14831.0,1676.0,7573.0,2914.0,1430.0,477.0,620.0,SUPA,100.0,74.0
2026-05-07T17:24:58,07/05/2026 17:20,49.96,14831.0,1676.0,7573.0,2914.0,1430.0,477.0,620.0,SHIMSHA,17.2,0.0
2026-05-07T17:24:58,07/05/2026 17:20,49.96,14831.0,1676.0,7573.0,2914.0,1430.0,477.0,620.0,SHIVASAMUDRA,42.0,0.0
2026-05-07T17:24:58,07/05/2026 17:20,49.96,14831.0,1676.0,7573.0,2914.0,1430.0,477.0,620.0,MANIDAM,9.0,2.0
2026-05-07T17:24:58,07/05/2026 17:20,49.96,14831.0,1676.0,7573.0,2914.0,1430.0,477.0,620.0,MUNRABAD,38.0,0.0
2026-05-07T17:24:58,07/05/2026 17:20,49.96,14831.0,1676.0,7573.0,2914.0,1430.0,477.0,620.0,BHADRA,39.2,0.0
2026-05-07T17:24:58,07/05/2026 17:20,49.96,14831.0,1676.0,7573.0,2914.0,1430.0,477.0,620.0,GHATAPRABHA,32.0,0.0
2026-05-07T17:24:58,07/05/2026 17:20,49.96,14831.0,1676.0,7573.0,2914.0,1430.0,477.0,620.0,ALMATTI,290.0,0.0
2026-05-07T17:24:58,07/05/2026 17:20,49.96,14831.0,1676.0,7573.0,2914.0,1430.0,477.0,620.0,JINDAL,1460.0,134.0
2026-05-07T17:24:58,07/05/2026 17:20,49.96,14831.0,1676.0,7573.0,2914.0,1430.0,477.0,620.0,UPCL,1200.0,477.0
2026-05-07T17:24:58,07/05/2026 17:20,49.96,14831.0,1676.0,7573.0,2914.0,1430.0,477.0,620.0,YCCP,370.0,0.0
2026-05-07T17:25:58,07/05/2026 17:20,49.96,14831.0,1676.0,7573.0,2914.0,1430.0,477.0,620.0,RTPS,1720.0,857.0
2026-05-07T17:25:58,07/05/2026 17:20,49.96,14831.0,1676.0,7573.0,2914.0,1430.0,477.0,620.0,BTPS,1700.0,1481.0
2026-05-07T17:25:58,07/05/2026 17:20,49.96,14831.0,1676.0,7573.0,2914.0,1430.0,477.0,620.0,YTPS,1600.0,576.0
2026-05-07T17:25:58,07/05/2026 17:20,49.96,14831.0,1676.0,7573.0,2914.0,1430.0,477.0,620.0,SHARAVATHI,1035.0,677.0
2026-05-07T17:25:58,07/05/2026 17:20,49.96,14831.0,1676.0,7573.0,2914.0,1430.0,477.0,620.0,NAGJHARI,900.0,563.0
2026-05-07T17:25:58,07/05/2026 17:20,49.96,14831.0,1676.0,7573.0,2914.0,1430.0,477.0,620.0,VARAHI,460.0,190.0
2026-05-07T17:25:58,07/05/2026 17:20,49.96,14831.0,1676.0,7573.0,2914.0,1430.0,477.0,620.0,KODSALLI,120.0,115.0
2026-05-07T17:25:58,07/05/2026 17:20,49.96,14831.0,1676.0,7573.0,2914.0,1430.0,477.0,620.0,KADRA,150.0,147.0
2026-05-07T17:25:58,07/05/2026 17:20,49.96,14831.0,1676.0,7573.0,2914.0,1430.0,477.0,620.0,GERUSOPPA,240.0,223.0
2026-05-07T17:25:58,07/05/2026 17:20,49.96,14831.0,1676.0,7573.0,2914.0,1430.0,477.0,620.0,JOG,139.2,47.0
2026-05-07T17:25:58,07/05/2026 17:20,49.96,14831.0,1676.0,7573.0,2914.0,1430.0,477.0,620.0,LPH,55.0,12.0
2026-05-07T17:25:58,07/05/2026 17:20,49.96,14831.0,1676.0,7573.0,2914.0,1430.0,477.0,620.0,SUPA,100.0,74.0
2026-05-07T17:25:58,07/05/2026 17:20,49.96,14831.0,1676.0,7573.0,2914.0,1430.0,477.0,620.0,SHIMSHA,17.2,0.0
2026-05-07T17:25:58,07/05/2026 17:20,49.96,14831.0,1676.0,7573.0,2914.0,1430.0,477.0,620.0,SHIVASAMUDRA,42.0,0.0
2026-05-07T17:25:58,07/05/2026 17:20,49.96,14831.0,1676.0,7573.0,2914.0,1430.0,477.0,620.0,MANIDAM,9.0,2.0
2026-05-07T17:25:58,07/05/2026 17:20,49.96,14831.0,1676.0,7573.0,2914.0,1430.0,477.0,620.0,MUNRABAD,38.0,0.0
2026-05-07T17:25:58,07/05/2026 17:20,49.96,14831.0,1676.0,7573.0,2914.0,1430.0,477.0,620.0,BHADRA,39.2,0.0
2026-05-07T17:25:58,07/05/2026 17:20,49.96,14831.0,1676.0,7573.0,2914.0,1430.0,477.0,620.0,GHATAPRABHA,32.0,0.0
2026-05-07T17:25:58,07/05/2026 17:20,49.96,14831.0,1676.0,7573.0,2914.0,1430.0,477.0,620.0,ALMATTI,290.0,0.0
2026-05-07T17:25:58,07/05/2026 17:20,49.96,14831.0,1676.0,7573.0,2914.0,1430.0,477.0,620.0,JINDAL,1460.0,134.0
2026-05-07T17:25:58,07/05/2026 17:20,49.96,14831.0,1676.0,7573.0,2914.0,1430.0,477.0,620.0,UPCL,1200.0,477.0
2026-05-07T17:25:58,07/05/2026 17:20,49.96,14831.0,1676.0,7573.0,2914.0,1430.0,477.0,620.0,YCCP,370.0,0.0
2026-05-07T17:26:58,07/05/2026 17:20,49.96,14831.0,1676.0,7573.0,2914.0,1430.0,477.0,620.0,RTPS,1720.0,857.0
2026-05-07T17:26:58,07/05/2026 17:20,49.96,14831.0,1676.0,7573.0,2914.0,1430.0,477.0,620.0,BTPS,1700.0,1481.0
2026-05-07T17:26:58,07/05/2026 17:20,49.96,14831.0,1676.0,7573.0,2914.0,1430.0,477.0,620.0,YTPS,1600.0,576.0
2026-05-07T17:26:58,07/05/2026 17:20,49.96,14831.0,1676.0,7573.0,2914.0,1430.0,477.0,620.0,SHARAVATHI,1035.0,677.0
2026-05-07T17:26:58,07/05/2026 17:20,49.96,14831.0,1676.0,7573.0,2914.0,1430.0,477.0,620.0,NAGJHARI,900.0,563.0
2026-05-07T17:26:58,07/05/2026 17:20,49.96,14831.0,1676.0,7573.0,2914.0,1430.0,477.0,620.0,VARAHI,460.0,190.0
2026-05-07T17:26:58,07/05/2026 17:20,49.96,14831.0,1676.0,7573.0,2914.0,1430.0,477.0,620.0,KODSALLI,120.0,115.0
2026-05-07T17:26:58,07/05/2026 17:20,49.96,14831.0,1676.0,7573.0,2914.0,1430.0,477.0,620.0,KADRA,150.0,147.0
2026-05-07T17:26:58,07/05/2026 17:20,49.96,14831.0,1676.0,7573.0,2914.0,1430.0,477.0,620.0,GERUSOPPA,240.0,223.0
2026-05-07T17:26:58,07/05/2026 17:20,49.96,14831.0,1676.0,7573.0,2914.0,1430.0,477.0,620.0,JOG,139.2,47.0
2026-05-07T17:26:58,07/05/2026 17:20,49.96,14831.0,1676.0,7573.0,2914.0,1430.0,477.0,620.0,LPH,55.0,12.0
2026-05-07T17:26:58,07/05/2026 17:20,49.96,14831.0,1676.0,7573.0,2914.0,1430.0,477.0,620.0,SUPA,100.0,74.0
2026-05-07T17:26:58,07/05/2026 17:20,49.96,14831.0,1676.0,7573.0,2914.0,1430.0,477.0,620.0,SHIMSHA,17.2,0.0
2026-05-07T17:26:58,07/05/2026 17:20,49.96,14831.0,1676.0,7573.0,2914.0,1430.0,477.0,620.0,SHIVASAMUDRA,42.0,0.0
2026-05-07T17:26:58,07/05/2026 17:20,49.96,14831.0,1676.0,7573.0,2914.0,1430.0,477.0,620.0,MANIDAM,9.0,2.0
2026-05-07T17:26:58,07/05/2026 17:20,49.96,14831.0,1676.0,7573.0,2914.0,1430.0,477.0,620.0,MUNRABAD,38.0,0.0
2026-05-07T17:26:58,07/05/2026 17:20,49.96,14831.0,1676.0,7573.0,2914.0,1430.0,477.0,620.0,BHADRA,39.2,0.0
2026-05-07T17:26:58,07/05/2026 17:20,49.96,14831.0,1676.0,7573.0,2914.0,1430.0,477.0,620.0,GHATAPRABHA,32.0,0.0
2026-05-07T17:26:58,07/05/2026 17:20,49.96,14831.0,1676.0,7573.0,2914.0,1430.0,477.0,620.0,ALMATTI,290.0,0.0
2026-05-07T17:26:58,07/05/2026 17:20,49.96,14831.0,1676.0,7573.0,2914.0,1430.0,477.0,620.0,JINDAL,1460.0,134.0
2026-05-07T17:26:58,07/05/2026 17:20,49.96,14831.0,1676.0,7573.0,2914.0,1430.0,477.0,620.0,UPCL,1200.0,477.0
2026-05-07T17:26:58,07/05/2026 17:20,49.96,14831.0,1676.0,7573.0,2914.0,1430.0,477.0,620.0,YCCP,370.0,0.0
2026-05-07T17:27:58,07/05/2026 17:25,49.97,14798.0,1617.0,7543.0,2941.0,1432.0,478.0,620.0,RTPS,1720.0,864.0
2026-05-07T17:27:58,07/05/2026 17:25,49.97,14798.0,1617.0,7543.0,2941.0,1432.0,478.0,620.0,BTPS,1700.0,1499.0
2026-05-07T17:27:58,07/05/2026 17:25,49.97,14798.0,1617.0,7543.0,2941.0,1432.0,478.0,620.0,YTPS,1600.0,578.0
2026-05-07T17:27:58,07/05/2026 17:25,49.97,14798.0,1617.0,7543.0,2941.0,1432.0,478.0,620.0,SHARAVATHI,1035.0,683.0
2026-05-07T17:27:58,07/05/2026 17:25,49.97,14798.0,1617.0,7543.0,2941.0,1432.0,478.0,620.0,NAGJHARI,900.0,559.0
2026-05-07T17:27:58,07/05/2026 17:25,49.97,14798.0,1617.0,7543.0,2941.0,1432.0,478.0,620.0,VARAHI,460.0,190.0
2026-05-07T17:27:58,07/05/2026 17:25,49.97,14798.0,1617.0,7543.0,2941.0,1432.0,478.0,620.0,KODSALLI,120.0,115.0
2026-05-07T17:27:58,07/05/2026 17:25,49.97,14798.0,1617.0,7543.0,2941.0,1432.0,478.0,620.0,KADRA,150.0,147.0
2026-05-07T17:27:58,07/05/2026 17:25,49.97,14798.0,1617.0,7543.0,2941.0,1432.0,478.0,620.0,GERUSOPPA,240.0,223.0
2026-05-07T17:27:58,07/05/2026 17:25,49.97,14798.0,1617.0,7543.0,2941.0,1432.0,478.0,620.0,JOG,139.2,47.0
2026-05-07T17:27:58,07/05/2026 17:25,49.97,14798.0,1617.0,7543.0,2941.0,1432.0,478.0,620.0,LPH,55.0,12.0
2026-05-07T17:27:58,07/05/2026 17:25,49.97,14798.0,1617.0,7543.0,2941.0,1432.0,478.0,620.0,SUPA,100.0,74.0
2026-05-07T17:27:58,07/05/2026 17:25,49.97,14798.0,1617.0,7543.0,2941.0,1432.0,478.0,620.0,SHIMSHA,17.2,0.0
2026-05-07T17:27:58,07/05/2026 17:25,49.97,14798.0,1617.0,7543.0,2941.0,1432.0,478.0,620.0,SHIVASAMUDRA,42.0,0.0
2026-05-07T17:27:58,07/05/2026 17:25,49.97,14798.0,1617.0,7543.0,2941.0,1432.0,478.0,620.0,MANIDAM,9.0,2.0
2026-05-07T17:27:58,07/05/2026 17:25,49.97,14798.0,1617.0,7543.0,2941.0,1432.0,478.0,620.0,MUNRABAD,38.0,0.0
2026-05-07T17:27:58,07/05/2026 17:25,49.97,14798.0,1617.0,7543.0,2941.0,1432.0,478.0,620.0,BHADRA,39.2,0.0
2026-05-07T17:27:58,07/05/2026 17:25,49.97,14798.0,1617.0,7543.0,2941.0,1432.0,478.0,620.0,GHATAPRABHA,32.0,0.0
2026-05-07T17:27:58,07/05/2026 17:25,49.97,14798.0,1617.0,7543.0,2941.0,1432.0,478.0,620.0,ALMATTI,290.0,0.0
2026-05-07T17:27:58,07/05/2026 17:25,49.97,14798.0,1617.0,7543.0,2941.0,1432.0,478.0,620.0,JINDAL,1460.0,157.0
2026-05-07T17:27:58,07/05/2026 17:25,49.97,14798.0,1617.0,7543.0,2941.0,1432.0,478.0,620.0,UPCL,1200.0,478.0
2026-05-07T17:27:58,07/05/2026 17:25,49.97,14798.0,1617.0,7543.0,2941.0,1432.0,478.0,620.0,YCCP,370.0,0.0
2026-05-07T17:28:58,07/05/2026 17:25,49.97,14798.0,1617.0,7543.0,2941.0,1432.0,478.0,620.0,RTPS,1720.0,864.0
2026-05-07T17:28:58,07/05/2026 17:25,49.97,14798.0,1617.0,7543.0,2941.0,1432.0,478.0,620.0,BTPS,1700.0,1499.0
2026-05-07T17:28:58,07/05/2026 17:25,49.97,14798.0,1617.0,7543.0,2941.0,1432.0,478.0,620.0,YTPS,1600.0,578.0
2026-05-07T17:28:58,07/05/2026 17:25,49.97,14798.0,1617.0,7543.0,2941.0,1432.0,478.0,620.0,SHARAVATHI,1035.0,683.0
2026-05-07T17:28:58,07/05/2026 17:25,49.97,14798.0,1617.0,7543.0,2941.0,1432.0,478.0,620.0,NAGJHARI,900.0,559.0
2026-05-07T17:28:58,07/05/2026 17:25,49.97,14798.0,1617.0,7543.0,2941.0,1432.0,478.0,620.0,VARAHI,460.0,190.0
2026-05-07T17:28:58,07/05/2026 17:25,49.97,14798.0,1617.0,7543.0,2941.0,1432.0,478.0,620.0,KODSALLI,120.0,115.0
2026-05-07T17:28:58,07/05/2026 17:25,49.97,14798.0,1617.0,7543.0,2941.0,1432.0,478.0,620.0,KADRA,150.0,147.0
2026-05-07T17:28:58,07/05/2026 17:25,49.97,14798.0,1617.0,7543.0,2941.0,1432.0,478.0,620.0,GERUSOPPA,240.0,223.0
2026-05-07T17:28:58,07/05/2026 17:25,49.97,14798.0,1617.0,7543.0,2941.0,1432.0,478.0,620.0,JOG,139.2,47.0
2026-05-07T17:28:58,07/05/2026 17:25,49.97,14798.0,1617.0,7543.0,2941.0,1432.0,478.0,620.0,LPH,55.0,12.0
2026-05-07T17:28:58,07/05/2026 17:25,49.97,14798.0,1617.0,7543.0,2941.0,1432.0,478.0,620.0,SUPA,100.0,74.0
2026-05-07T17:28:58,07/05/2026 17:25,49.97,14798.0,1617.0,7543.0,2941.0,1432.0,478.0,620.0,SHIMSHA,17.2,0.0
2026-05-07T17:28:58,07/05/2026 17:25,49.97,14798.0,1617.0,7543.0,2941.0,1432.0,478.0,620.0,SHIVASAMUDRA,42.0,0.0
2026-05-07T17:28:58,07/05/2026 17:25,49.97,14798.0,1617.0,7543.0,2941.0,1432.0,478.0,620.0,MANIDAM,9.0,2.0
2026-05-07T17:28:58,07/05/2026 17:25,49.97,14798.0,1617.0,7543.0,2941.0,1432.0,478.0,620.0,MUNRABAD,38.0,0.0
2026-05-07T17:28:58,07/05/2026 17:25,49.97,14798.0,1617.0,7543.0,2941.0,1432.0,478.0,620.0,BHADRA,39.2,0.0
2026-05-07T17:28:58,07/05/2026 17:25,49.97,14798.0,1617.0,7543.0,2941.0,1432.0,478.0,620.0,GHATAPRABHA,32.0,0.0
2026-05-07T17:28:58,07/05/2026 17:25,49.97,14798.0,1617.0,7543.0,2941.0,1432.0,478.0,620.0,ALMATTI,290.0,0.0
2026-05-07T17:28:58,07/05/2026 17:25,49.97,14798.0,1617.0,7543.0,2941.0,1432.0,478.0,620.0,JINDAL,1460.0,157.0
2026-05-07T17:28:58,07/05/2026 17:25,49.97,14798.0,1617.0,7543.0,2941.0,1432.0,478.0,620.0,UPCL,1200.0,478.0
2026-05-07T17:28:58,07/05/2026 17:25,49.97,14798.0,1617.0,7543.0,2941.0,1432.0,478.0,620.0,YCCP,370.0,0.0
2026-05-07T17:29:58,07/05/2026 17:25,49.97,14798.0,1617.0,7543.0,2941.0,1432.0,478.0,620.0,RTPS,1720.0,864.0
2026-05-07T17:29:58,07/05/2026 17:25,49.97,14798.0,1617.0,7543.0,2941.0,1432.0,478.0,620.0,BTPS,1700.0,1499.0
2026-05-07T17:29:58,07/05/2026 17:25,49.97,14798.0,1617.0,7543.0,2941.0,1432.0,478.0,620.0,YTPS,1600.0,578.0
2026-05-07T17:29:58,07/05/2026 17:25,49.97,14798.0,1617.0,7543.0,2941.0,1432.0,478.0,620.0,SHARAVATHI,1035.0,683.0
2026-05-07T17:29:58,07/05/2026 17:25,49.97,14798.0,1617.0,7543.0,2941.0,1432.0,478.0,620.0,NAGJHARI,900.0,559.0
2026-05-07T17:29:58,07/05/2026 17:25,49.97,14798.0,1617.0,7543.0,2941.0,1432.0,478.0,620.0,VARAHI,460.0,190.0
2026-05-07T17:29:58,07/05/2026 17:25,49.97,14798.0,1617.0,7543.0,2941.0,1432.0,478.0,620.0,KODSALLI,120.0,115.0
2026-05-07T17:29:58,07/05/2026 17:25,49.97,14798.0,1617.0,7543.0,2941.0,1432.0,478.0,620.0,KADRA,150.0,147.0
2026-05-07T17:29:58,07/05/2026 17:25,49.97,14798.0,1617.0,7543.0,2941.0,1432.0,478.0,620.0,GERUSOPPA,240.0,223.0
2026-05-07T17:29:58,07/05/2026 17:25,49.97,14798.0,1617.0,7543.0,2941.0,1432.0,478.0,620.0,JOG,139.2,47.0
2026-05-07T17:29:58,07/05/2026 17:25,49.97,14798.0,1617.0,7543.0,2941.0,1432.0,478.0,620.0,LPH,55.0,12.0
2026-05-07T17:29:58,07/05/2026 17:25,49.97,14798.0,1617.0,7543.0,2941.0,1432.0,478.0,620.0,SUPA,100.0,74.0
2026-05-07T17:29:58,07/05/2026 17:25,49.97,14798.0,1617.0,7543.0,2941.0,1432.0,478.0,620.0,SHIMSHA,17.2,0.0
2026-05-07T17:29:58,07/05/2026 17:25,49.97,14798.0,1617.0,7543.0,2941.0,1432.0,478.0,620.0,SHIVASAMUDRA,42.0,0.0
2026-05-07T17:29:58,07/05/2026 17:25,49.97,14798.0,1617.0,7543.0,2941.0,1432.0,478.0,620.0,MANIDAM,9.0,2.0
2026-05-07T17:29:58,07/05/2026 17:25,49.97,14798.0,1617.0,7543.0,2941.0,1432.0,478.0,620.0,MUNRABAD,38.0,0.0
2026-05-07T17:29:58,07/05/2026 17:25,49.97,14798.0,1617.0,7543.0,2941.0,1432.0,478.0,620.0,BHADRA,39.2,0.0
2026-05-07T17:29:58,07/05/2026 17:25,49.97,14798.0,1617.0,7543.0,2941.0,1432.0,478.0,620.0,GHATAPRABHA,32.0,0.0
2026-05-07T17:29:58,07/05/2026 17:25,49.97,14798.0,1617.0,7543.0,2941.0,1432.0,478.0,620.0,ALMATTI,290.0,0.0
2026-05-07T17:29:58,07/05/2026 17:25,49.97,14798.0,1617.0,7543.0,2941.0,1432.0,478.0,620.0,JINDAL,1460.0,157.0
2026-05-07T17:29:58,07/05/2026 17:25,49.97,14798.0,1617.0,7543.0,2941.0,1432.0,478.0,620.0,UPCL,1200.0,478.0
2026-05-07T17:29:58,07/05/2026 17:25,49.97,14798.0,1617.0,7543.0,2941.0,1432.0,478.0,620.0,YCCP,370.0,0.0
2026-05-07T17:30:58,07/05/2026 17:25,49.97,14798.0,1617.0,7543.0,2941.0,1432.0,478.0,620.0,RTPS,1720.0,864.0
2026-05-07T17:30:58,07/05/2026 17:25,49.97,14798.0,1617.0,7543.0,2941.0,1432.0,478.0,620.0,BTPS,1700.0,1499.0
2026-05-07T17:30:58,07/05/2026 17:25,49.97,14798.0,1617.0,7543.0,2941.0,1432.0,478.0,620.0,YTPS,1600.0,578.0
2026-05-07T17:30:58,07/05/2026 17:25,49.97,14798.0,1617.0,7543.0,2941.0,1432.0,478.0,620.0,SHARAVATHI,1035.0,683.0
2026-05-07T17:30:58,07/05/2026 17:25,49.97,14798.0,1617.0,7543.0,2941.0,1432.0,478.0,620.0,NAGJHARI,900.0,559.0
2026-05-07T17:30:58,07/05/2026 17:25,49.97,14798.0,1617.0,7543.0,2941.0,1432.0,478.0,620.0,VARAHI,460.0,190.0
2026-05-07T17:30:58,07/05/2026 17:25,49.97,14798.0,1617.0,7543.0,2941.0,1432.0,478.0,620.0,KODSALLI,120.0,115.0
2026-05-07T17:30:58,07/05/2026 17:25,49.97,14798.0,1617.0,7543.0,2941.0,1432.0,478.0,620.0,KADRA,150.0,147.0
2026-05-07T17:30:58,07/05/2026 17:25,49.97,14798.0,1617.0,7543.0,2941.0,1432.0,478.0,620.0,GERUSOPPA,240.0,223.0
2026-05-07T17:30:58,07/05/2026 17:25,49.97,14798.0,1617.0,7543.0,2941.0,1432.0,478.0,620.0,JOG,139.2,47.0
2026-05-07T17:30:58,07/05/2026 17:25,49.97,14798.0,1617.0,7543.0,2941.0,1432.0,478.0,620.0,LPH,55.0,12.0
2026-05-07T17:30:58,07/05/2026 17:25,49.97,14798.0,1617.0,7543.0,2941.0,1432.0,478.0,620.0,SUPA,100.0,74.0
2026-05-07T17:30:58,07/05/2026 17:25,49.97,14798.0,1617.0,7543.0,2941.0,1432.0,478.0,620.0,SHIMSHA,17.2,0.0
2026-05-07T17:30:58,07/05/2026 17:25,49.97,14798.0,1617.0,7543.0,2941.0,1432.0,478.0,620.0,SHIVASAMUDRA,42.0,0.0
2026-05-07T17:30:58,07/05/2026 17:25,49.97,14798.0,1617.0,7543.0,2941.0,1432.0,478.0,620.0,MANIDAM,9.0,2.0
2026-05-07T17:30:58,07/05/2026 17:25,49.97,14798.0,1617.0,7543.0,2941.0,1432.0,478.0,620.0,MUNRABAD,38.0,0.0
2026-05-07T17:30:58,07/05/2026 17:25,49.97,14798.0,1617.0,7543.0,2941.0,1432.0,478.0,620.0,BHADRA,39.2,0.0
2026-05-07T17:30:58,07/05/2026 17:25,49.97,14798.0,1617.0,7543.0,2941.0,1432.0,478.0,620.0,GHATAPRABHA,32.0,0.0
2026-05-07T17:30:58,07/05/2026 17:25,49.97,14798.0,1617.0,7543.0,2941.0,1432.0,478.0,620.0,ALMATTI,290.0,0.0
2026-05-07T17:30:58,07/05/2026 17:25,49.97,14798.0,1617.0,7543.0,2941.0,1432.0,478.0,620.0,JINDAL,1460.0,157.0
2026-05-07T17:30:58,07/05/2026 17:25,49.97,14798.0,1617.0,7543.0,2941.0,1432.0,478.0,620.0,UPCL,1200.0,478.0
2026-05-07T17:30:58,07/05/2026 17:25,49.97,14798.0,1617.0,7543.0,2941.0,1432.0,478.0,620.0,YCCP,370.0,0.0
2026-05-07T17:31:58,07/05/2026 17:25,49.97,14798.0,1617.0,7543.0,2941.0,1432.0,478.0,620.0,RTPS,1720.0,864.0
2026-05-07T17:31:58,07/05/2026 17:25,49.97,14798.0,1617.0,7543.0,2941.0,1432.0,478.0,620.0,BTPS,1700.0,1499.0
2026-05-07T17:31:58,07/05/2026 17:25,49.97,14798.0,1617.0,7543.0,2941.0,1432.0,478.0,620.0,YTPS,1600.0,578.0
2026-05-07T17:31:58,07/05/2026 17:25,49.97,14798.0,1617.0,7543.0,2941.0,1432.0,478.0,620.0,SHARAVATHI,1035.0,683.0
2026-05-07T17:31:58,07/05/2026 17:25,49.97,14798.0,1617.0,7543.0,2941.0,1432.0,478.0,620.0,NAGJHARI,900.0,559.0
2026-05-07T17:31:58,07/05/2026 17:25,49.97,14798.0,1617.0,7543.0,2941.0,1432.0,478.0,620.0,VARAHI,460.0,190.0
2026-05-07T17:31:58,07/05/2026 17:25,49.97,14798.0,1617.0,7543.0,2941.0,1432.0,478.0,620.0,KODSALLI,120.0,115.0
2026-05-07T17:31:58,07/05/2026 17:25,49.97,14798.0,1617.0,7543.0,2941.0,1432.0,478.0,620.0,KADRA,150.0,147.0
2026-05-07T17:31:58,07/05/2026 17:25,49.97,14798.0,1617.0,7543.0,2941.0,1432.0,478.0,620.0,GERUSOPPA,240.0,223.0
2026-05-07T17:31:58,07/05/2026 17:25,49.97,14798.0,1617.0,7543.0,2941.0,1432.0,478.0,620.0,JOG,139.2,47.0
2026-05-07T17:31:58,07/05/2026 17:25,49.97,14798.0,1617.0,7543.0,2941.0,1432.0,478.0,620.0,LPH,55.0,12.0
2026-05-07T17:31:58,07/05/2026 17:25,49.97,14798.0,1617.0,7543.0,2941.0,1432.0,478.0,620.0,SUPA,100.0,74.0
2026-05-07T17:31:58,07/05/2026 17:25,49.97,14798.0,1617.0,7543.0,2941.0,1432.0,478.0,620.0,SHIMSHA,17.2,0.0
2026-05-07T17:31:58,07/05/2026 17:25,49.97,14798.0,1617.0,7543.0,2941.0,1432.0,478.0,620.0,SHIVASAMUDRA,42.0,0.0
2026-05-07T17:31:58,07/05/2026 17:25,49.97,14798.0,1617.0,7543.0,2941.0,1432.0,478.0,620.0,MANIDAM,9.0,2.0
2026-05-07T17:31:58,07/05/2026 17:25,49.97,14798.0,1617.0,7543.0,2941.0,1432.0,478.0,620.0,MUNRABAD,38.0,0.0
2026-05-07T17:31:58,07/05/2026 17:25,49.97,14798.0,1617.0,7543.0,2941.0,1432.0,478.0,620.0,BHADRA,39.2,0.0
2026-05-07T17:31:58,07/05/2026 17:25,49.97,14798.0,1617.0,7543.0,2941.0,1432.0,478.0,620.0,GHATAPRABHA,32.0,0.0
2026-05-07T17:31:58,07/05/2026 17:25,49.97,14798.0,1617.0,7543.0,2941.0,1432.0,478.0,620.0,ALMATTI,290.0,0.0
2026-05-07T17:31:58,07/05/2026 17:25,49.97,14798.0,1617.0,7543.0,2941.0,1432.0,478.0,620.0,JINDAL,1460.0,157.0
2026-05-07T17:31:58,07/05/2026 17:25,49.97,14798.0,1617.0,7543.0,2941.0,1432.0,478.0,620.0,UPCL,1200.0,478.0
2026-05-07T17:31:58,07/05/2026 17:25,49.97,14798.0,1617.0,7543.0,2941.0,1432.0,478.0,620.0,YCCP,370.0,0.0
2026-05-07T17:32:58,07/05/2026 17:25,49.97,14798.0,1617.0,7543.0,2941.0,1432.0,478.0,620.0,RTPS,1720.0,864.0
2026-05-07T17:32:58,07/05/2026 17:25,49.97,14798.0,1617.0,7543.0,2941.0,1432.0,478.0,620.0,BTPS,1700.0,1499.0
2026-05-07T17:32:58,07/05/2026 17:25,49.97,14798.0,1617.0,7543.0,2941.0,1432.0,478.0,620.0,YTPS,1600.0,578.0
2026-05-07T17:32:58,07/05/2026 17:25,49.97,14798.0,1617.0,7543.0,2941.0,1432.0,478.0,620.0,SHARAVATHI,1035.0,683.0
2026-05-07T17:32:58,07/05/2026 17:25,49.97,14798.0,1617.0,7543.0,2941.0,1432.0,478.0,620.0,NAGJHARI,900.0,559.0
2026-05-07T17:32:58,07/05/2026 17:25,49.97,14798.0,1617.0,7543.0,2941.0,1432.0,478.0,620.0,VARAHI,460.0,190.0
2026-05-07T17:32:58,07/05/2026 17:25,49.97,14798.0,1617.0,7543.0,2941.0,1432.0,478.0,620.0,KODSALLI,120.0,115.0
2026-05-07T17:32:58,07/05/2026 17:25,49.97,14798.0,1617.0,7543.0,2941.0,1432.0,478.0,620.0,KADRA,150.0,147.0
2026-05-07T17:32:58,07/05/2026 17:25,49.97,14798.0,1617.0,7543.0,2941.0,1432.0,478.0,620.0,GERUSOPPA,240.0,223.0
2026-05-07T17:32:58,07/05/2026 17:25,49.97,14798.0,1617.0,7543.0,2941.0,1432.0,478.0,620.0,JOG,139.2,47.0
2026-05-07T17:32:58,07/05/2026 17:25,49.97,14798.0,1617.0,7543.0,2941.0,1432.0,478.0,620.0,LPH,55.0,12.0
2026-05-07T17:32:58,07/05/2026 17:25,49.97,14798.0,1617.0,7543.0,2941.0,1432.0,478.0,620.0,SUPA,100.0,74.0
2026-05-07T17:32:58,07/05/2026 17:25,49.97,14798.0,1617.0,7543.0,2941.0,1432.0,478.0,620.0,SHIMSHA,17.2,0.0
2026-05-07T17:32:58,07/05/2026 17:25,49.97,14798.0,1617.0,7543.0,2941.0,1432.0,478.0,620.0,SHIVASAMUDRA,42.0,0.0
2026-05-07T17:32:58,07/05/2026 17:25,49.97,14798.0,1617.0,7543.0,2941.0,1432.0,478.0,620.0,MANIDAM,9.0,2.0
2026-05-07T17:32:58,07/05/2026 17:25,49.97,14798.0,1617.0,7543.0,2941.0,1432.0,478.0,620.0,MUNRABAD,38.0,0.0
2026-05-07T17:32:58,07/05/2026 17:25,49.97,14798.0,1617.0,7543.0,2941.0,1432.0,478.0,620.0,BHADRA,39.2,0.0
2026-05-07T17:32:58,07/05/2026 17:25,49.97,14798.0,1617.0,7543.0,2941.0,1432.0,478.0,620.0,GHATAPRABHA,32.0,0.0
2026-05-07T17:32:58,07/05/2026 17:25,49.97,14798.0,1617.0,7543.0,2941.0,1432.0,478.0,620.0,ALMATTI,290.0,0.0
2026-05-07T17:32:58,07/05/2026 17:25,49.97,14798.0,1617.0,7543.0,2941.0,1432.0,478.0,620.0,JINDAL,1460.0,157.0
2026-05-07T17:32:58,07/05/2026 17:25,49.97,14798.0,1617.0,7543.0,2941.0,1432.0,478.0,620.0,UPCL,1200.0,478.0
2026-05-07T17:32:58,07/05/2026 17:25,49.97,14798.0,1617.0,7543.0,2941.0,1432.0,478.0,620.0,YCCP,370.0,0.0
2026-05-07T17:33:58,07/05/2026 17:30,50.05,14753.0,1524.0,7588.0,2924.0,1454.0,479.0,620.0,RTPS,1720.0,862.0
2026-05-07T17:33:58,07/05/2026 17:30,50.05,14753.0,1524.0,7588.0,2924.0,1454.0,479.0,620.0,BTPS,1700.0,1482.0
2026-05-07T17:33:58,07/05/2026 17:30,50.05,14753.0,1524.0,7588.0,2924.0,1454.0,479.0,620.0,YTPS,1600.0,580.0
2026-05-07T17:33:58,07/05/2026 17:30,50.05,14753.0,1524.0,7588.0,2924.0,1454.0,479.0,620.0,SHARAVATHI,1035.0,679.0
2026-05-07T17:33:58,07/05/2026 17:30,50.05,14753.0,1524.0,7588.0,2924.0,1454.0,479.0,620.0,NAGJHARI,900.0,589.0
2026-05-07T17:33:58,07/05/2026 17:30,50.05,14753.0,1524.0,7588.0,2924.0,1454.0,479.0,620.0,VARAHI,460.0,186.0
2026-05-07T17:33:58,07/05/2026 17:30,50.05,14753.0,1524.0,7588.0,2924.0,1454.0,479.0,620.0,KODSALLI,120.0,115.0
2026-05-07T17:33:58,07/05/2026 17:30,50.05,14753.0,1524.0,7588.0,2924.0,1454.0,479.0,620.0,KADRA,150.0,147.0
2026-05-07T17:33:58,07/05/2026 17:30,50.05,14753.0,1524.0,7588.0,2924.0,1454.0,479.0,620.0,GERUSOPPA,240.0,223.0
2026-05-07T17:33:58,07/05/2026 17:30,50.05,14753.0,1524.0,7588.0,2924.0,1454.0,479.0,620.0,JOG,139.2,47.0
2026-05-07T17:33:58,07/05/2026 17:30,50.05,14753.0,1524.0,7588.0,2924.0,1454.0,479.0,620.0,LPH,55.0,13.0
2026-05-07T17:33:58,07/05/2026 17:30,50.05,14753.0,1524.0,7588.0,2924.0,1454.0,479.0,620.0,SUPA,100.0,74.0
2026-05-07T17:33:58,07/05/2026 17:30,50.05,14753.0,1524.0,7588.0,2924.0,1454.0,479.0,620.0,SHIMSHA,17.2,0.0
2026-05-07T17:33:58,07/05/2026 17:30,50.05,14753.0,1524.0,7588.0,2924.0,1454.0,479.0,620.0,SHIVASAMUDRA,42.0,0.0
2026-05-07T17:33:58,07/05/2026 17:30,50.05,14753.0,1524.0,7588.0,2924.0,1454.0,479.0,620.0,MANIDAM,9.0,1.0
2026-05-07T17:33:58,07/05/2026 17:30,50.05,14753.0,1524.0,7588.0,2924.0,1454.0,479.0,620.0,MUNRABAD,38.0,0.0
2026-05-07T17:33:58,07/05/2026 17:30,50.05,14753.0,1524.0,7588.0,2924.0,1454.0,479.0,620.0,BHADRA,39.2,0.0
2026-05-07T17:33:58,07/05/2026 17:30,50.05,14753.0,1524.0,7588.0,2924.0,1454.0,479.0,620.0,GHATAPRABHA,32.0,0.0
2026-05-07T17:33:58,07/05/2026 17:30,50.05,14753.0,1524.0,7588.0,2924.0,1454.0,479.0,620.0,ALMATTI,290.0,0.0
2026-05-07T17:33:58,07/05/2026 17:30,50.05,14753.0,1524.0,7588.0,2924.0,1454.0,479.0,620.0,JINDAL,1460.0,175.0
2026-05-07T17:33:58,07/05/2026 17:30,50.05,14753.0,1524.0,7588.0,2924.0,1454.0,479.0,620.0,UPCL,1200.0,479.0
2026-05-07T17:33:58,07/05/2026 17:30,50.05,14753.0,1524.0,7588.0,2924.0,1454.0,479.0,620.0,YCCP,370.0,0.0
2026-05-07T17:34:58,07/05/2026 17:30,50.05,14753.0,1524.0,7588.0,2924.0,1454.0,479.0,620.0,RTPS,1720.0,862.0
2026-05-07T17:34:58,07/05/2026 17:30,50.05,14753.0,1524.0,7588.0,2924.0,1454.0,479.0,620.0,BTPS,1700.0,1482.0
2026-05-07T17:34:58,07/05/2026 17:30,50.05,14753.0,1524.0,7588.0,2924.0,1454.0,479.0,620.0,YTPS,1600.0,580.0
2026-05-07T17:34:58,07/05/2026 17:30,50.05,14753.0,1524.0,7588.0,2924.0,1454.0,479.0,620.0,SHARAVATHI,1035.0,679.0
2026-05-07T17:34:58,07/05/2026 17:30,50.05,14753.0,1524.0,7588.0,2924.0,1454.0,479.0,620.0,NAGJHARI,900.0,589.0
2026-05-07T17:34:58,07/05/2026 17:30,50.05,14753.0,1524.0,7588.0,2924.0,1454.0,479.0,620.0,VARAHI,460.0,186.0
2026-05-07T17:34:58,07/05/2026 17:30,50.05,14753.0,1524.0,7588.0,2924.0,1454.0,479.0,620.0,KODSALLI,120.0,115.0
2026-05-07T17:34:58,07/05/2026 17:30,50.05,14753.0,1524.0,7588.0,2924.0,1454.0,479.0,620.0,KADRA,150.0,147.0
2026-05-07T17:34:58,07/05/2026 17:30,50.05,14753.0,1524.0,7588.0,2924.0,1454.0,479.0,620.0,GERUSOPPA,240.0,223.0
2026-05-07T17:34:58,07/05/2026 17:30,50.05,14753.0,1524.0,7588.0,2924.0,1454.0,479.0,620.0,JOG,139.2,47.0
2026-05-07T17:34:58,07/05/2026 17:30,50.05,14753.0,1524.0,7588.0,2924.0,1454.0,479.0,620.0,LPH,55.0,13.0
2026-05-07T17:34:58,07/05/2026 17:30,50.05,14753.0,1524.0,7588.0,2924.0,1454.0,479.0,620.0,SUPA,100.0,74.0
2026-05-07T17:34:58,07/05/2026 17:30,50.05,14753.0,1524.0,7588.0,2924.0,1454.0,479.0,620.0,SHIMSHA,17.2,0.0
2026-05-07T17:34:58,07/05/2026 17:30,50.05,14753.0,1524.0,7588.0,2924.0,1454.0,479.0,620.0,SHIVASAMUDRA,42.0,0.0
2026-05-07T17:34:58,07/05/2026 17:30,50.05,14753.0,1524.0,7588.0,2924.0,1454.0,479.0,620.0,MANIDAM,9.0,1.0
2026-05-07T17:34:58,07/05/2026 17:30,50.05,14753.0,1524.0,7588.0,2924.0,1454.0,479.0,620.0,MUNRABAD,38.0,0.0
2026-05-07T17:34:58,07/05/2026 17:30,50.05,14753.0,1524.0,7588.0,2924.0,1454.0,479.0,620.0,BHADRA,39.2,0.0
2026-05-07T17:34:58,07/05/2026 17:30,50.05,14753.0,1524.0,7588.0,2924.0,1454.0,479.0,620.0,GHATAPRABHA,32.0,0.0
2026-05-07T17:34:58,07/05/2026 17:30,50.05,14753.0,1524.0,7588.0,2924.0,1454.0,479.0,620.0,ALMATTI,290.0,0.0
2026-05-07T17:34:58,07/05/2026 17:30,50.05,14753.0,1524.0,7588.0,2924.0,1454.0,479.0,620.0,JINDAL,1460.0,175.0
2026-05-07T17:34:58,07/05/2026 17:30,50.05,14753.0,1524.0,7588.0,2924.0,1454.0,479.0,620.0,UPCL,1200.0,479.0
2026-05-07T17:34:58,07/05/2026 17:30,50.05,14753.0,1524.0,7588.0,2924.0,1454.0,479.0,620.0,YCCP,370.0,0.0
2026-05-07T17:35:58,07/05/2026 17:30,50.05,14753.0,1524.0,7588.0,2924.0,1454.0,479.0,620.0,RTPS,1720.0,862.0
2026-05-07T17:35:58,07/05/2026 17:30,50.05,14753.0,1524.0,7588.0,2924.0,1454.0,479.0,620.0,BTPS,1700.0,1482.0
2026-05-07T17:35:58,07/05/2026 17:30,50.05,14753.0,1524.0,7588.0,2924.0,1454.0,479.0,620.0,YTPS,1600.0,580.0
2026-05-07T17:35:58,07/05/2026 17:30,50.05,14753.0,1524.0,7588.0,2924.0,1454.0,479.0,620.0,SHARAVATHI,1035.0,679.0
2026-05-07T17:35:58,07/05/2026 17:30,50.05,14753.0,1524.0,7588.0,2924.0,1454.0,479.0,620.0,NAGJHARI,900.0,589.0
2026-05-07T17:35:58,07/05/2026 17:30,50.05,14753.0,1524.0,7588.0,2924.0,1454.0,479.0,620.0,VARAHI,460.0,186.0
2026-05-07T17:35:58,07/05/2026 17:30,50.05,14753.0,1524.0,7588.0,2924.0,1454.0,479.0,620.0,KODSALLI,120.0,115.0
2026-05-07T17:35:58,07/05/2026 17:30,50.05,14753.0,1524.0,7588.0,2924.0,1454.0,479.0,620.0,KADRA,150.0,147.0
2026-05-07T17:35:58,07/05/2026 17:30,50.05,14753.0,1524.0,7588.0,2924.0,1454.0,479.0,620.0,GERUSOPPA,240.0,223.0
2026-05-07T17:35:58,07/05/2026 17:30,50.05,14753.0,1524.0,7588.0,2924.0,1454.0,479.0,620.0,JOG,139.2,47.0
2026-05-07T17:35:58,07/05/2026 17:30,50.05,14753.0,1524.0,7588.0,2924.0,1454.0,479.0,620.0,LPH,55.0,13.0
2026-05-07T17:35:58,07/05/2026 17:30,50.05,14753.0,1524.0,7588.0,2924.0,1454.0,479.0,620.0,SUPA,100.0,74.0
2026-05-07T17:35:58,07/05/2026 17:30,50.05,14753.0,1524.0,7588.0,2924.0,1454.0,479.0,620.0,SHIMSHA,17.2,0.0
2026-05-07T17:35:58,07/05/2026 17:30,50.05,14753.0,1524.0,7588.0,2924.0,1454.0,479.0,620.0,SHIVASAMUDRA,42.0,0.0
2026-05-07T17:35:58,07/05/2026 17:30,50.05,14753.0,1524.0,7588.0,2924.0,1454.0,479.0,620.0,MANIDAM,9.0,1.0
2026-05-07T17:35:58,07/05/2026 17:30,50.05,14753.0,1524.0,7588.0,2924.0,1454.0,479.0,620.0,MUNRABAD,38.0,0.0
2026-05-07T17:35:58,07/05/2026 17:30,50.05,14753.0,1524.0,7588.0,2924.0,1454.0,479.0,620.0,BHADRA,39.2,0.0
2026-05-07T17:35:58,07/05/2026 17:30,50.05,14753.0,1524.0,7588.0,2924.0,1454.0,479.0,620.0,GHATAPRABHA,32.0,0.0
2026-05-07T17:35:58,07/05/2026 17:30,50.05,14753.0,1524.0,7588.0,2924.0,1454.0,479.0,620.0,ALMATTI,290.0,0.0
2026-05-07T17:35:58,07/05/2026 17:30,50.05,14753.0,1524.0,7588.0,2924.0,1454.0,479.0,620.0,JINDAL,1460.0,175.0
2026-05-07T17:35:58,07/05/2026 17:30,50.05,14753.0,1524.0,7588.0,2924.0,1454.0,479.0,620.0,UPCL,1200.0,479.0
2026-05-07T17:35:58,07/05/2026 17:30,50.05,14753.0,1524.0,7588.0,2924.0,1454.0,479.0,620.0,YCCP,370.0,0.0
2026-05-07T17:36:58,07/05/2026 17:30,50.05,14753.0,1524.0,7588.0,2924.0,1454.0,479.0,620.0,RTPS,1720.0,862.0
2026-05-07T17:36:58,07/05/2026 17:30,50.05,14753.0,1524.0,7588.0,2924.0,1454.0,479.0,620.0,BTPS,1700.0,1482.0
2026-05-07T17:36:58,07/05/2026 17:30,50.05,14753.0,1524.0,7588.0,2924.0,1454.0,479.0,620.0,YTPS,1600.0,580.0
2026-05-07T17:36:58,07/05/2026 17:30,50.05,14753.0,1524.0,7588.0,2924.0,1454.0,479.0,620.0,SHARAVATHI,1035.0,679.0
2026-05-07T17:36:58,07/05/2026 17:30,50.05,14753.0,1524.0,7588.0,2924.0,1454.0,479.0,620.0,NAGJHARI,900.0,589.0
2026-05-07T17:36:58,07/05/2026 17:30,50.05,14753.0,1524.0,7588.0,2924.0,1454.0,479.0,620.0,VARAHI,460.0,186.0
2026-05-07T17:36:58,07/05/2026 17:30,50.05,14753.0,1524.0,7588.0,2924.0,1454.0,479.0,620.0,KODSALLI,120.0,115.0
2026-05-07T17:36:58,07/05/2026 17:30,50.05,14753.0,1524.0,7588.0,2924.0,1454.0,479.0,620.0,KADRA,150.0,147.0
2026-05-07T17:36:58,07/05/2026 17:30,50.05,14753.0,1524.0,7588.0,2924.0,1454.0,479.0,620.0,GERUSOPPA,240.0,223.0
2026-05-07T17:36:58,07/05/2026 17:30,50.05,14753.0,1524.0,7588.0,2924.0,1454.0,479.0,620.0,JOG,139.2,47.0
2026-05-07T17:36:58,07/05/2026 17:30,50.05,14753.0,1524.0,7588.0,2924.0,1454.0,479.0,620.0,LPH,55.0,13.0
2026-05-07T17:36:58,07/05/2026 17:30,50.05,14753.0,1524.0,7588.0,2924.0,1454.0,479.0,620.0,SUPA,100.0,74.0
2026-05-07T17:36:58,07/05/2026 17:30,50.05,14753.0,1524.0,7588.0,2924.0,1454.0,479.0,620.0,SHIMSHA,17.2,0.0
2026-05-07T17:36:58,07/05/2026 17:30,50.05,14753.0,1524.0,7588.0,2924.0,1454.0,479.0,620.0,SHIVASAMUDRA,42.0,0.0
2026-05-07T17:36:58,07/05/2026 17:30,50.05,14753.0,1524.0,7588.0,2924.0,1454.0,479.0,620.0,MANIDAM,9.0,1.0
2026-05-07T17:36:58,07/05/2026 17:30,50.05,14753.0,1524.0,7588.0,2924.0,1454.0,479.0,620.0,MUNRABAD,38.0,0.0
2026-05-07T17:36:58,07/05/2026 17:30,50.05,14753.0,1524.0,7588.0,2924.0,1454.0,479.0,620.0,BHADRA,39.2,0.0
2026-05-07T17:36:58,07/05/2026 17:30,50.05,14753.0,1524.0,7588.0,2924.0,1454.0,479.0,620.0,GHATAPRABHA,32.0,0.0
2026-05-07T17:36:58,07/05/2026 17:30,50.05,14753.0,1524.0,7588.0,2924.0,1454.0,479.0,620.0,ALMATTI,290.0,0.0
2026-05-07T17:36:58,07/05/2026 17:30,50.05,14753.0,1524.0,7588.0,2924.0,1454.0,479.0,620.0,JINDAL,1460.0,175.0
2026-05-07T17:36:58,07/05/2026 17:30,50.05,14753.0,1524.0,7588.0,2924.0,1454.0,479.0,620.0,UPCL,1200.0,479.0
2026-05-07T17:36:58,07/05/2026 17:30,50.05,14753.0,1524.0,7588.0,2924.0,1454.0,479.0,620.0,YCCP,370.0,0.0
2026-05-07T17:37:58,07/05/2026 17:35,50.03,14644.0,1412.0,7533.0,2922.0,1510.0,479.0,628.0,RTPS,1720.0,867.0
2026-05-07T17:37:58,07/05/2026 17:35,50.03,14644.0,1412.0,7533.0,2922.0,1510.0,479.0,628.0,BTPS,1700.0,1474.0
2026-05-07T17:37:58,07/05/2026 17:35,50.03,14644.0,1412.0,7533.0,2922.0,1510.0,479.0,628.0,YTPS,1600.0,581.0
2026-05-07T17:37:58,07/05/2026 17:35,50.03,14644.0,1412.0,7533.0,2922.0,1510.0,479.0,628.0,SHARAVATHI,1035.0,681.0
2026-05-07T17:37:58,07/05/2026 17:35,50.03,14644.0,1412.0,7533.0,2922.0,1510.0,479.0,628.0,NAGJHARI,900.0,645.0
2026-05-07T17:37:58,07/05/2026 17:35,50.03,14644.0,1412.0,7533.0,2922.0,1510.0,479.0,628.0,VARAHI,460.0,184.0
2026-05-07T17:37:58,07/05/2026 17:35,50.03,14644.0,1412.0,7533.0,2922.0,1510.0,479.0,628.0,KODSALLI,120.0,115.0
2026-05-07T17:37:58,07/05/2026 17:35,50.03,14644.0,1412.0,7533.0,2922.0,1510.0,479.0,628.0,KADRA,150.0,147.0
2026-05-07T17:37:58,07/05/2026 17:35,50.03,14644.0,1412.0,7533.0,2922.0,1510.0,479.0,628.0,GERUSOPPA,240.0,223.0
2026-05-07T17:37:58,07/05/2026 17:35,50.03,14644.0,1412.0,7533.0,2922.0,1510.0,479.0,628.0,JOG,139.2,55.0
2026-05-07T17:37:58,07/05/2026 17:35,50.03,14644.0,1412.0,7533.0,2922.0,1510.0,479.0,628.0,LPH,55.0,12.0
2026-05-07T17:37:58,07/05/2026 17:35,50.03,14644.0,1412.0,7533.0,2922.0,1510.0,479.0,628.0,SUPA,100.0,74.0
2026-05-07T17:37:58,07/05/2026 17:35,50.03,14644.0,1412.0,7533.0,2922.0,1510.0,479.0,628.0,SHIMSHA,17.2,0.0
2026-05-07T17:37:58,07/05/2026 17:35,50.03,14644.0,1412.0,7533.0,2922.0,1510.0,479.0,628.0,SHIVASAMUDRA,42.0,0.0
2026-05-07T17:37:58,07/05/2026 17:35,50.03,14644.0,1412.0,7533.0,2922.0,1510.0,479.0,628.0,MANIDAM,9.0,2.0
2026-05-07T17:37:58,07/05/2026 17:35,50.03,14644.0,1412.0,7533.0,2922.0,1510.0,479.0,628.0,MUNRABAD,38.0,0.0
2026-05-07T17:37:58,07/05/2026 17:35,50.03,14644.0,1412.0,7533.0,2922.0,1510.0,479.0,628.0,BHADRA,39.2,0.0
2026-05-07T17:37:58,07/05/2026 17:35,50.03,14644.0,1412.0,7533.0,2922.0,1510.0,479.0,628.0,GHATAPRABHA,32.0,0.0
2026-05-07T17:37:58,07/05/2026 17:35,50.03,14644.0,1412.0,7533.0,2922.0,1510.0,479.0,628.0,ALMATTI,290.0,0.0
2026-05-07T17:37:58,07/05/2026 17:35,50.03,14644.0,1412.0,7533.0,2922.0,1510.0,479.0,628.0,JINDAL,1460.0,138.0
2026-05-07T17:37:58,07/05/2026 17:35,50.03,14644.0,1412.0,7533.0,2922.0,1510.0,479.0,628.0,UPCL,1200.0,479.0
2026-05-07T17:37:58,07/05/2026 17:35,50.03,14644.0,1412.0,7533.0,2922.0,1510.0,479.0,628.0,YCCP,370.0,0.0
2026-05-07T17:38:58,07/05/2026 17:35,50.03,14644.0,1412.0,7533.0,2922.0,1510.0,479.0,628.0,RTPS,1720.0,867.0
2026-05-07T17:38:58,07/05/2026 17:35,50.03,14644.0,1412.0,7533.0,2922.0,1510.0,479.0,628.0,BTPS,1700.0,1474.0
2026-05-07T17:38:58,07/05/2026 17:35,50.03,14644.0,1412.0,7533.0,2922.0,1510.0,479.0,628.0,YTPS,1600.0,581.0
2026-05-07T17:38:58,07/05/2026 17:35,50.03,14644.0,1412.0,7533.0,2922.0,1510.0,479.0,628.0,SHARAVATHI,1035.0,681.0
2026-05-07T17:38:58,07/05/2026 17:35,50.03,14644.0,1412.0,7533.0,2922.0,1510.0,479.0,628.0,NAGJHARI,900.0,645.0
2026-05-07T17:38:58,07/05/2026 17:35,50.03,14644.0,1412.0,7533.0,2922.0,1510.0,479.0,628.0,VARAHI,460.0,184.0
2026-05-07T17:38:58,07/05/2026 17:35,50.03,14644.0,1412.0,7533.0,2922.0,1510.0,479.0,628.0,KODSALLI,120.0,115.0
2026-05-07T17:38:58,07/05/2026 17:35,50.03,14644.0,1412.0,7533.0,2922.0,1510.0,479.0,628.0,KADRA,150.0,147.0
2026-05-07T17:38:58,07/05/2026 17:35,50.03,14644.0,1412.0,7533.0,2922.0,1510.0,479.0,628.0,GERUSOPPA,240.0,223.0
2026-05-07T17:38:58,07/05/2026 17:35,50.03,14644.0,1412.0,7533.0,2922.0,1510.0,479.0,628.0,JOG,139.2,55.0
2026-05-07T17:38:58,07/05/2026 17:35,50.03,14644.0,1412.0,7533.0,2922.0,1510.0,479.0,628.0,LPH,55.0,12.0
2026-05-07T17:38:58,07/05/2026 17:35,50.03,14644.0,1412.0,7533.0,2922.0,1510.0,479.0,628.0,SUPA,100.0,74.0
2026-05-07T17:38:58,07/05/2026 17:35,50.03,14644.0,1412.0,7533.0,2922.0,1510.0,479.0,628.0,SHIMSHA,17.2,0.0
2026-05-07T17:38:58,07/05/2026 17:35,50.03,14644.0,1412.0,7533.0,2922.0,1510.0,479.0,628.0,SHIVASAMUDRA,42.0,0.0
2026-05-07T17:38:58,07/05/2026 17:35,50.03,14644.0,1412.0,7533.0,2922.0,1510.0,479.0,628.0,MANIDAM,9.0,2.0
2026-05-07T17:38:58,07/05/2026 17:35,50.03,14644.0,1412.0,7533.0,2922.0,1510.0,479.0,628.0,MUNRABAD,38.0,0.0
2026-05-07T17:38:58,07/05/2026 17:35,50.03,14644.0,1412.0,7533.0,2922.0,1510.0,479.0,628.0,BHADRA,39.2,0.0
2026-05-07T17:38:58,07/05/2026 17:35,50.03,14644.0,1412.0,7533.0,2922.0,1510.0,479.0,628.0,GHATAPRABHA,32.0,0.0
2026-05-07T17:38:58,07/05/2026 17:35,50.03,14644.0,1412.0,7533.0,2922.0,1510.0,479.0,628.0,ALMATTI,290.0,0.0
2026-05-07T17:38:58,07/05/2026 17:35,50.03,14644.0,1412.0,7533.0,2922.0,1510.0,479.0,628.0,JINDAL,1460.0,138.0
2026-05-07T17:38:58,07/05/2026 17:35,50.03,14644.0,1412.0,7533.0,2922.0,1510.0,479.0,628.0,UPCL,1200.0,479.0
2026-05-07T17:38:58,07/05/2026 17:35,50.03,14644.0,1412.0,7533.0,2922.0,1510.0,479.0,628.0,YCCP,370.0,0.0
2026-05-07T17:39:58,07/05/2026 17:35,50.03,14644.0,1412.0,7533.0,2922.0,1510.0,479.0,628.0,RTPS,1720.0,867.0
2026-05-07T17:39:58,07/05/2026 17:35,50.03,14644.0,1412.0,7533.0,2922.0,1510.0,479.0,628.0,BTPS,1700.0,1474.0
2026-05-07T17:39:58,07/05/2026 17:35,50.03,14644.0,1412.0,7533.0,2922.0,1510.0,479.0,628.0,YTPS,1600.0,581.0
2026-05-07T17:39:58,07/05/2026 17:35,50.03,14644.0,1412.0,7533.0,2922.0,1510.0,479.0,628.0,SHARAVATHI,1035.0,681.0
2026-05-07T17:39:58,07/05/2026 17:35,50.03,14644.0,1412.0,7533.0,2922.0,1510.0,479.0,628.0,NAGJHARI,900.0,645.0
2026-05-07T17:39:58,07/05/2026 17:35,50.03,14644.0,1412.0,7533.0,2922.0,1510.0,479.0,628.0,VARAHI,460.0,184.0
2026-05-07T17:39:58,07/05/2026 17:35,50.03,14644.0,1412.0,7533.0,2922.0,1510.0,479.0,628.0,KODSALLI,120.0,115.0
2026-05-07T17:39:58,07/05/2026 17:35,50.03,14644.0,1412.0,7533.0,2922.0,1510.0,479.0,628.0,KADRA,150.0,147.0
2026-05-07T17:39:58,07/05/2026 17:35,50.03,14644.0,1412.0,7533.0,2922.0,1510.0,479.0,628.0,GERUSOPPA,240.0,223.0
2026-05-07T17:39:58,07/05/2026 17:35,50.03,14644.0,1412.0,7533.0,2922.0,1510.0,479.0,628.0,JOG,139.2,55.0
2026-05-07T17:39:58,07/05/2026 17:35,50.03,14644.0,1412.0,7533.0,2922.0,1510.0,479.0,628.0,LPH,55.0,12.0
2026-05-07T17:39:58,07/05/2026 17:35,50.03,14644.0,1412.0,7533.0,2922.0,1510.0,479.0,628.0,SUPA,100.0,74.0
2026-05-07T17:39:58,07/05/2026 17:35,50.03,14644.0,1412.0,7533.0,2922.0,1510.0,479.0,628.0,SHIMSHA,17.2,0.0
2026-05-07T17:39:58,07/05/2026 17:35,50.03,14644.0,1412.0,7533.0,2922.0,1510.0,479.0,628.0,SHIVASAMUDRA,42.0,0.0
2026-05-07T17:39:58,07/05/2026 17:35,50.03,14644.0,1412.0,7533.0,2922.0,1510.0,479.0,628.0,MANIDAM,9.0,2.0
2026-05-07T17:39:58,07/05/2026 17:35,50.03,14644.0,1412.0,7533.0,2922.0,1510.0,479.0,628.0,MUNRABAD,38.0,0.0
2026-05-07T17:39:58,07/05/2026 17:35,50.03,14644.0,1412.0,7533.0,2922.0,1510.0,479.0,628.0,BHADRA,39.2,0.0
2026-05-07T17:39:58,07/05/2026 17:35,50.03,14644.0,1412.0,7533.0,2922.0,1510.0,479.0,628.0,GHATAPRABHA,32.0,0.0
2026-05-07T17:39:58,07/05/2026 17:35,50.03,14644.0,1412.0,7533.0,2922.0,1510.0,479.0,628.0,ALMATTI,290.0,0.0
2026-05-07T17:39:58,07/05/2026 17:35,50.03,14644.0,1412.0,7533.0,2922.0,1510.0,479.0,628.0,JINDAL,1460.0,138.0
2026-05-07T17:39:58,07/05/2026 17:35,50.03,14644.0,1412.0,7533.0,2922.0,1510.0,479.0,628.0,UPCL,1200.0,479.0
2026-05-07T17:39:58,07/05/2026 17:35,50.03,14644.0,1412.0,7533.0,2922.0,1510.0,479.0,628.0,YCCP,370.0,0.0
2026-05-07T17:40:58,07/05/2026 17:35,50.03,14644.0,1412.0,7533.0,2922.0,1510.0,479.0,628.0,RTPS,1720.0,867.0
2026-05-07T17:40:58,07/05/2026 17:35,50.03,14644.0,1412.0,7533.0,2922.0,1510.0,479.0,628.0,BTPS,1700.0,1474.0
2026-05-07T17:40:58,07/05/2026 17:35,50.03,14644.0,1412.0,7533.0,2922.0,1510.0,479.0,628.0,YTPS,1600.0,581.0
2026-05-07T17:40:58,07/05/2026 17:35,50.03,14644.0,1412.0,7533.0,2922.0,1510.0,479.0,628.0,SHARAVATHI,1035.0,681.0
2026-05-07T17:40:58,07/05/2026 17:35,50.03,14644.0,1412.0,7533.0,2922.0,1510.0,479.0,628.0,NAGJHARI,900.0,645.0
2026-05-07T17:40:58,07/05/2026 17:35,50.03,14644.0,1412.0,7533.0,2922.0,1510.0,479.0,628.0,VARAHI,460.0,184.0
2026-05-07T17:40:58,07/05/2026 17:35,50.03,14644.0,1412.0,7533.0,2922.0,1510.0,479.0,628.0,KODSALLI,120.0,115.0
2026-05-07T17:40:58,07/05/2026 17:35,50.03,14644.0,1412.0,7533.0,2922.0,1510.0,479.0,628.0,KADRA,150.0,147.0
2026-05-07T17:40:58,07/05/2026 17:35,50.03,14644.0,1412.0,7533.0,2922.0,1510.0,479.0,628.0,GERUSOPPA,240.0,223.0
2026-05-07T17:40:58,07/05/2026 17:35,50.03,14644.0,1412.0,7533.0,2922.0,1510.0,479.0,628.0,JOG,139.2,55.0
2026-05-07T17:40:58,07/05/2026 17:35,50.03,14644.0,1412.0,7533.0,2922.0,1510.0,479.0,628.0,LPH,55.0,12.0
2026-05-07T17:40:58,07/05/2026 17:35,50.03,14644.0,1412.0,7533.0,2922.0,1510.0,479.0,628.0,SUPA,100.0,74.0
2026-05-07T17:40:58,07/05/2026 17:35,50.03,14644.0,1412.0,7533.0,2922.0,1510.0,479.0,628.0,SHIMSHA,17.2,0.0
2026-05-07T17:40:58,07/05/2026 17:35,50.03,14644.0,1412.0,7533.0,2922.0,1510.0,479.0,628.0,SHIVASAMUDRA,42.0,0.0
2026-05-07T17:40:58,07/05/2026 17:35,50.03,14644.0,1412.0,7533.0,2922.0,1510.0,479.0,628.0,MANIDAM,9.0,2.0
2026-05-07T17:40:58,07/05/2026 17:35,50.03,14644.0,1412.0,7533.0,2922.0,1510.0,479.0,628.0,MUNRABAD,38.0,0.0
2026-05-07T17:40:58,07/05/2026 17:35,50.03,14644.0,1412.0,7533.0,2922.0,1510.0,479.0,628.0,BHADRA,39.2,0.0
2026-05-07T17:40:58,07/05/2026 17:35,50.03,14644.0,1412.0,7533.0,2922.0,1510.0,479.0,628.0,GHATAPRABHA,32.0,0.0
2026-05-07T17:40:58,07/05/2026 17:35,50.03,14644.0,1412.0,7533.0,2922.0,1510.0,479.0,628.0,ALMATTI,290.0,0.0
2026-05-07T17:40:58,07/05/2026 17:35,50.03,14644.0,1412.0,7533.0,2922.0,1510.0,479.0,628.0,JINDAL,1460.0,138.0
2026-05-07T17:40:58,07/05/2026 17:35,50.03,14644.0,1412.0,7533.0,2922.0,1510.0,479.0,628.0,UPCL,1200.0,479.0
2026-05-07T17:40:58,07/05/2026 17:35,50.03,14644.0,1412.0,7533.0,2922.0,1510.0,479.0,628.0,YCCP,370.0,0.0
2026-05-07T17:41:58,07/05/2026 17:35,50.03,14644.0,1412.0,7533.0,2922.0,1510.0,479.0,628.0,RTPS,1720.0,867.0
2026-05-07T17:41:58,07/05/2026 17:35,50.03,14644.0,1412.0,7533.0,2922.0,1510.0,479.0,628.0,BTPS,1700.0,1474.0
2026-05-07T17:41:58,07/05/2026 17:35,50.03,14644.0,1412.0,7533.0,2922.0,1510.0,479.0,628.0,YTPS,1600.0,581.0
2026-05-07T17:41:58,07/05/2026 17:35,50.03,14644.0,1412.0,7533.0,2922.0,1510.0,479.0,628.0,SHARAVATHI,1035.0,681.0
2026-05-07T17:41:58,07/05/2026 17:35,50.03,14644.0,1412.0,7533.0,2922.0,1510.0,479.0,628.0,NAGJHARI,900.0,645.0
2026-05-07T17:41:58,07/05/2026 17:35,50.03,14644.0,1412.0,7533.0,2922.0,1510.0,479.0,628.0,VARAHI,460.0,184.0
2026-05-07T17:41:58,07/05/2026 17:35,50.03,14644.0,1412.0,7533.0,2922.0,1510.0,479.0,628.0,KODSALLI,120.0,115.0
2026-05-07T17:41:58,07/05/2026 17:35,50.03,14644.0,1412.0,7533.0,2922.0,1510.0,479.0,628.0,KADRA,150.0,147.0
2026-05-07T17:41:58,07/05/2026 17:35,50.03,14644.0,1412.0,7533.0,2922.0,1510.0,479.0,628.0,GERUSOPPA,240.0,223.0
2026-05-07T17:41:58,07/05/2026 17:35,50.03,14644.0,1412.0,7533.0,2922.0,1510.0,479.0,628.0,JOG,139.2,55.0
2026-05-07T17:41:58,07/05/2026 17:35,50.03,14644.0,1412.0,7533.0,2922.0,1510.0,479.0,628.0,LPH,55.0,12.0
2026-05-07T17:41:58,07/05/2026 17:35,50.03,14644.0,1412.0,7533.0,2922.0,1510.0,479.0,628.0,SUPA,100.0,74.0
2026-05-07T17:41:58,07/05/2026 17:35,50.03,14644.0,1412.0,7533.0,2922.0,1510.0,479.0,628.0,SHIMSHA,17.2,0.0
2026-05-07T17:41:58,07/05/2026 17:35,50.03,14644.0,1412.0,7533.0,2922.0,1510.0,479.0,628.0,SHIVASAMUDRA,42.0,0.0
2026-05-07T17:41:58,07/05/2026 17:35,50.03,14644.0,1412.0,7533.0,2922.0,1510.0,479.0,628.0,MANIDAM,9.0,2.0
2026-05-07T17:41:58,07/05/2026 17:35,50.03,14644.0,1412.0,7533.0,2922.0,1510.0,479.0,628.0,MUNRABAD,38.0,0.0
2026-05-07T17:41:58,07/05/2026 17:35,50.03,14644.0,1412.0,7533.0,2922.0,1510.0,479.0,628.0,BHADRA,39.2,0.0
2026-05-07T17:41:58,07/05/2026 17:35,50.03,14644.0,1412.0,7533.0,2922.0,1510.0,479.0,628.0,GHATAPRABHA,32.0,0.0
2026-05-07T17:41:58,07/05/2026 17:35,50.03,14644.0,1412.0,7533.0,2922.0,1510.0,479.0,628.0,ALMATTI,290.0,0.0
2026-05-07T17:41:58,07/05/2026 17:35,50.03,14644.0,1412.0,7533.0,2922.0,1510.0,479.0,628.0,JINDAL,1460.0,138.0
2026-05-07T17:41:58,07/05/2026 17:35,50.03,14644.0,1412.0,7533.0,2922.0,1510.0,479.0,628.0,UPCL,1200.0,479.0
2026-05-07T17:41:58,07/05/2026 17:35,50.03,14644.0,1412.0,7533.0,2922.0,1510.0,479.0,628.0,YCCP,370.0,0.0
2026-05-07T17:42:58,07/05/2026 17:35,50.03,14644.0,1412.0,7533.0,2922.0,1510.0,479.0,628.0,RTPS,1720.0,867.0
2026-05-07T17:42:58,07/05/2026 17:35,50.03,14644.0,1412.0,7533.0,2922.0,1510.0,479.0,628.0,BTPS,1700.0,1474.0
2026-05-07T17:42:58,07/05/2026 17:35,50.03,14644.0,1412.0,7533.0,2922.0,1510.0,479.0,628.0,YTPS,1600.0,581.0
2026-05-07T17:42:58,07/05/2026 17:35,50.03,14644.0,1412.0,7533.0,2922.0,1510.0,479.0,628.0,SHARAVATHI,1035.0,681.0
2026-05-07T17:42:58,07/05/2026 17:35,50.03,14644.0,1412.0,7533.0,2922.0,1510.0,479.0,628.0,NAGJHARI,900.0,645.0
2026-05-07T17:42:58,07/05/2026 17:35,50.03,14644.0,1412.0,7533.0,2922.0,1510.0,479.0,628.0,VARAHI,460.0,184.0
2026-05-07T17:42:58,07/05/2026 17:35,50.03,14644.0,1412.0,7533.0,2922.0,1510.0,479.0,628.0,KODSALLI,120.0,115.0
2026-05-07T17:42:58,07/05/2026 17:35,50.03,14644.0,1412.0,7533.0,2922.0,1510.0,479.0,628.0,KADRA,150.0,147.0
2026-05-07T17:42:58,07/05/2026 17:35,50.03,14644.0,1412.0,7533.0,2922.0,1510.0,479.0,628.0,GERUSOPPA,240.0,223.0
2026-05-07T17:42:58,07/05/2026 17:35,50.03,14644.0,1412.0,7533.0,2922.0,1510.0,479.0,628.0,JOG,139.2,55.0
2026-05-07T17:42:58,07/05/2026 17:35,50.03,14644.0,1412.0,7533.0,2922.0,1510.0,479.0,628.0,LPH,55.0,12.0
2026-05-07T17:42:58,07/05/2026 17:35,50.03,14644.0,1412.0,7533.0,2922.0,1510.0,479.0,628.0,SUPA,100.0,74.0
2026-05-07T17:42:58,07/05/2026 17:35,50.03,14644.0,1412.0,7533.0,2922.0,1510.0,479.0,628.0,SHIMSHA,17.2,0.0
2026-05-07T17:42:58,07/05/2026 17:35,50.03,14644.0,1412.0,7533.0,2922.0,1510.0,479.0,628.0,SHIVASAMUDRA,42.0,0.0
2026-05-07T17:42:58,07/05/2026 17:35,50.03,14644.0,1412.0,7533.0,2922.0,1510.0,479.0,628.0,MANIDAM,9.0,2.0
2026-05-07T17:42:58,07/05/2026 17:35,50.03,14644.0,1412.0,7533.0,2922.0,1510.0,479.0,628.0,MUNRABAD,38.0,0.0
2026-05-07T17:42:58,07/05/2026 17:35,50.03,14644.0,1412.0,7533.0,2922.0,1510.0,479.0,628.0,BHADRA,39.2,0.0
2026-05-07T17:42:58,07/05/2026 17:35,50.03,14644.0,1412.0,7533.0,2922.0,1510.0,479.0,628.0,GHATAPRABHA,32.0,0.0
2026-05-07T17:42:58,07/05/2026 17:35,50.03,14644.0,1412.0,7533.0,2922.0,1510.0,479.0,628.0,ALMATTI,290.0,0.0
2026-05-07T17:42:58,07/05/2026 17:35,50.03,14644.0,1412.0,7533.0,2922.0,1510.0,479.0,628.0,JINDAL,1460.0,138.0
2026-05-07T17:42:58,07/05/2026 17:35,50.03,14644.0,1412.0,7533.0,2922.0,1510.0,479.0,628.0,UPCL,1200.0,479.0
2026-05-07T17:42:58,07/05/2026 17:35,50.03,14644.0,1412.0,7533.0,2922.0,1510.0,479.0,628.0,YCCP,370.0,0.0
2026-05-07T17:43:58,07/05/2026 17:35,50.03,14644.0,1412.0,7533.0,2922.0,1510.0,479.0,628.0,RTPS,1720.0,867.0
2026-05-07T17:43:58,07/05/2026 17:35,50.03,14644.0,1412.0,7533.0,2922.0,1510.0,479.0,628.0,BTPS,1700.0,1474.0
2026-05-07T17:43:58,07/05/2026 17:35,50.03,14644.0,1412.0,7533.0,2922.0,1510.0,479.0,628.0,YTPS,1600.0,581.0
2026-05-07T17:43:58,07/05/2026 17:35,50.03,14644.0,1412.0,7533.0,2922.0,1510.0,479.0,628.0,SHARAVATHI,1035.0,681.0
2026-05-07T17:43:58,07/05/2026 17:35,50.03,14644.0,1412.0,7533.0,2922.0,1510.0,479.0,628.0,NAGJHARI,900.0,645.0
2026-05-07T17:43:58,07/05/2026 17:35,50.03,14644.0,1412.0,7533.0,2922.0,1510.0,479.0,628.0,VARAHI,460.0,184.0
2026-05-07T17:43:58,07/05/2026 17:35,50.03,14644.0,1412.0,7533.0,2922.0,1510.0,479.0,628.0,KODSALLI,120.0,115.0
2026-05-07T17:43:58,07/05/2026 17:35,50.03,14644.0,1412.0,7533.0,2922.0,1510.0,479.0,628.0,KADRA,150.0,147.0
2026-05-07T17:43:58,07/05/2026 17:35,50.03,14644.0,1412.0,7533.0,2922.0,1510.0,479.0,628.0,GERUSOPPA,240.0,223.0
2026-05-07T17:43:58,07/05/2026 17:35,50.03,14644.0,1412.0,7533.0,2922.0,1510.0,479.0,628.0,JOG,139.2,55.0
2026-05-07T17:43:58,07/05/2026 17:35,50.03,14644.0,1412.0,7533.0,2922.0,1510.0,479.0,628.0,LPH,55.0,12.0
2026-05-07T17:43:58,07/05/2026 17:35,50.03,14644.0,1412.0,7533.0,2922.0,1510.0,479.0,628.0,SUPA,100.0,74.0
2026-05-07T17:43:58,07/05/2026 17:35,50.03,14644.0,1412.0,7533.0,2922.0,1510.0,479.0,628.0,SHIMSHA,17.2,0.0
2026-05-07T17:43:58,07/05/2026 17:35,50.03,14644.0,1412.0,7533.0,2922.0,1510.0,479.0,628.0,SHIVASAMUDRA,42.0,0.0
2026-05-07T17:43:58,07/05/2026 17:35,50.03,14644.0,1412.0,7533.0,2922.0,1510.0,479.0,628.0,MANIDAM,9.0,2.0
2026-05-07T17:43:58,07/05/2026 17:35,50.03,14644.0,1412.0,7533.0,2922.0,1510.0,479.0,628.0,MUNRABAD,38.0,0.0
2026-05-07T17:43:58,07/05/2026 17:35,50.03,14644.0,1412.0,7533.0,2922.0,1510.0,479.0,628.0,BHADRA,39.2,0.0
2026-05-07T17:43:58,07/05/2026 17:35,50.03,14644.0,1412.0,7533.0,2922.0,1510.0,479.0,628.0,GHATAPRABHA,32.0,0.0
2026-05-07T17:43:58,07/05/2026 17:35,50.03,14644.0,1412.0,7533.0,2922.0,1510.0,479.0,628.0,ALMATTI,290.0,0.0
2026-05-07T17:43:58,07/05/2026 17:35,50.03,14644.0,1412.0,7533.0,2922.0,1510.0,479.0,628.0,JINDAL,1460.0,138.0
2026-05-07T17:43:58,07/05/2026 17:35,50.03,14644.0,1412.0,7533.0,2922.0,1510.0,479.0,628.0,UPCL,1200.0,479.0
2026-05-07T17:43:58,07/05/2026 17:35,50.03,14644.0,1412.0,7533.0,2922.0,1510.0,479.0,628.0,YCCP,370.0,0.0
2026-05-07T17:44:58,07/05/2026 17:35,50.03,14644.0,1412.0,7533.0,2922.0,1510.0,479.0,628.0,RTPS,1720.0,867.0
2026-05-07T17:44:58,07/05/2026 17:35,50.03,14644.0,1412.0,7533.0,2922.0,1510.0,479.0,628.0,BTPS,1700.0,1474.0
2026-05-07T17:44:58,07/05/2026 17:35,50.03,14644.0,1412.0,7533.0,2922.0,1510.0,479.0,628.0,YTPS,1600.0,581.0
2026-05-07T17:44:58,07/05/2026 17:35,50.03,14644.0,1412.0,7533.0,2922.0,1510.0,479.0,628.0,SHARAVATHI,1035.0,681.0
2026-05-07T17:44:58,07/05/2026 17:35,50.03,14644.0,1412.0,7533.0,2922.0,1510.0,479.0,628.0,NAGJHARI,900.0,645.0
2026-05-07T17:44:58,07/05/2026 17:35,50.03,14644.0,1412.0,7533.0,2922.0,1510.0,479.0,628.0,VARAHI,460.0,184.0
2026-05-07T17:44:58,07/05/2026 17:35,50.03,14644.0,1412.0,7533.0,2922.0,1510.0,479.0,628.0,KODSALLI,120.0,115.0
2026-05-07T17:44:58,07/05/2026 17:35,50.03,14644.0,1412.0,7533.0,2922.0,1510.0,479.0,628.0,KADRA,150.0,147.0
2026-05-07T17:44:58,07/05/2026 17:35,50.03,14644.0,1412.0,7533.0,2922.0,1510.0,479.0,628.0,GERUSOPPA,240.0,223.0
2026-05-07T17:44:58,07/05/2026 17:35,50.03,14644.0,1412.0,7533.0,2922.0,1510.0,479.0,628.0,JOG,139.2,55.0
2026-05-07T17:44:58,07/05/2026 17:35,50.03,14644.0,1412.0,7533.0,2922.0,1510.0,479.0,628.0,LPH,55.0,12.0
2026-05-07T17:44:58,07/05/2026 17:35,50.03,14644.0,1412.0,7533.0,2922.0,1510.0,479.0,628.0,SUPA,100.0,74.0
2026-05-07T17:44:58,07/05/2026 17:35,50.03,14644.0,1412.0,7533.0,2922.0,1510.0,479.0,628.0,SHIMSHA,17.2,0.0
2026-05-07T17:44:58,07/05/2026 17:35,50.03,14644.0,1412.0,7533.0,2922.0,1510.0,479.0,628.0,SHIVASAMUDRA,42.0,0.0
2026-05-07T17:44:58,07/05/2026 17:35,50.03,14644.0,1412.0,7533.0,2922.0,1510.0,479.0,628.0,MANIDAM,9.0,2.0
2026-05-07T17:44:58,07/05/2026 17:35,50.03,14644.0,1412.0,7533.0,2922.0,1510.0,479.0,628.0,MUNRABAD,38.0,0.0
2026-05-07T17:44:58,07/05/2026 17:35,50.03,14644.0,1412.0,7533.0,2922.0,1510.0,479.0,628.0,BHADRA,39.2,0.0
2026-05-07T17:44:58,07/05/2026 17:35,50.03,14644.0,1412.0,7533.0,2922.0,1510.0,479.0,628.0,GHATAPRABHA,32.0,0.0
2026-05-07T17:44:58,07/05/2026 17:35,50.03,14644.0,1412.0,7533.0,2922.0,1510.0,479.0,628.0,ALMATTI,290.0,0.0
2026-05-07T17:44:58,07/05/2026 17:35,50.03,14644.0,1412.0,7533.0,2922.0,1510.0,479.0,628.0,JINDAL,1460.0,138.0
2026-05-07T17:44:58,07/05/2026 17:35,50.03,14644.0,1412.0,7533.0,2922.0,1510.0,479.0,628.0,UPCL,1200.0,479.0
2026-05-07T17:44:58,07/05/2026 17:35,50.03,14644.0,1412.0,7533.0,2922.0,1510.0,479.0,628.0,YCCP,370.0,0.0
2026-05-07T17:45:58,07/05/2026 17:35,50.03,14644.0,1412.0,7533.0,2922.0,1510.0,479.0,628.0,RTPS,1720.0,867.0
2026-05-07T17:45:58,07/05/2026 17:35,50.03,14644.0,1412.0,7533.0,2922.0,1510.0,479.0,628.0,BTPS,1700.0,1474.0
2026-05-07T17:45:58,07/05/2026 17:35,50.03,14644.0,1412.0,7533.0,2922.0,1510.0,479.0,628.0,YTPS,1600.0,581.0
2026-05-07T17:45:58,07/05/2026 17:35,50.03,14644.0,1412.0,7533.0,2922.0,1510.0,479.0,628.0,SHARAVATHI,1035.0,681.0
2026-05-07T17:45:58,07/05/2026 17:35,50.03,14644.0,1412.0,7533.0,2922.0,1510.0,479.0,628.0,NAGJHARI,900.0,645.0
2026-05-07T17:45:58,07/05/2026 17:35,50.03,14644.0,1412.0,7533.0,2922.0,1510.0,479.0,628.0,VARAHI,460.0,184.0
2026-05-07T17:45:58,07/05/2026 17:35,50.03,14644.0,1412.0,7533.0,2922.0,1510.0,479.0,628.0,KODSALLI,120.0,115.0
2026-05-07T17:45:58,07/05/2026 17:35,50.03,14644.0,1412.0,7533.0,2922.0,1510.0,479.0,628.0,KADRA,150.0,147.0
2026-05-07T17:45:58,07/05/2026 17:35,50.03,14644.0,1412.0,7533.0,2922.0,1510.0,479.0,628.0,GERUSOPPA,240.0,223.0
2026-05-07T17:45:58,07/05/2026 17:35,50.03,14644.0,1412.0,7533.0,2922.0,1510.0,479.0,628.0,JOG,139.2,55.0
2026-05-07T17:45:58,07/05/2026 17:35,50.03,14644.0,1412.0,7533.0,2922.0,1510.0,479.0,628.0,LPH,55.0,12.0
2026-05-07T17:45:58,07/05/2026 17:35,50.03,14644.0,1412.0,7533.0,2922.0,1510.0,479.0,628.0,SUPA,100.0,74.0
2026-05-07T17:45:58,07/05/2026 17:35,50.03,14644.0,1412.0,7533.0,2922.0,1510.0,479.0,628.0,SHIMSHA,17.2,0.0
2026-05-07T17:45:58,07/05/2026 17:35,50.03,14644.0,1412.0,7533.0,2922.0,1510.0,479.0,628.0,SHIVASAMUDRA,42.0,0.0
2026-05-07T17:45:58,07/05/2026 17:35,50.03,14644.0,1412.0,7533.0,2922.0,1510.0,479.0,628.0,MANIDAM,9.0,2.0
2026-05-07T17:45:58,07/05/2026 17:35,50.03,14644.0,1412.0,7533.0,2922.0,1510.0,479.0,628.0,MUNRABAD,38.0,0.0
2026-05-07T17:45:58,07/05/2026 17:35,50.03,14644.0,1412.0,7533.0,2922.0,1510.0,479.0,628.0,BHADRA,39.2,0.0
2026-05-07T17:45:58,07/05/2026 17:35,50.03,14644.0,1412.0,7533.0,2922.0,1510.0,479.0,628.0,GHATAPRABHA,32.0,0.0
2026-05-07T17:45:58,07/05/2026 17:35,50.03,14644.0,1412.0,7533.0,2922.0,1510.0,479.0,628.0,ALMATTI,290.0,0.0
2026-05-07T17:45:58,07/05/2026 17:35,50.03,14644.0,1412.0,7533.0,2922.0,1510.0,479.0,628.0,JINDAL,1460.0,138.0
2026-05-07T17:45:58,07/05/2026 17:35,50.03,14644.0,1412.0,7533.0,2922.0,1510.0,479.0,628.0,UPCL,1200.0,479.0
2026-05-07T17:45:58,07/05/2026 17:35,50.03,14644.0,1412.0,7533.0,2922.0,1510.0,479.0,628.0,YCCP,370.0,0.0
2026-05-07T17:46:58,07/05/2026 17:35,50.03,14644.0,1412.0,7533.0,2922.0,1510.0,479.0,628.0,RTPS,1720.0,867.0
2026-05-07T17:46:58,07/05/2026 17:35,50.03,14644.0,1412.0,7533.0,2922.0,1510.0,479.0,628.0,BTPS,1700.0,1474.0
2026-05-07T17:46:58,07/05/2026 17:35,50.03,14644.0,1412.0,7533.0,2922.0,1510.0,479.0,628.0,YTPS,1600.0,581.0
2026-05-07T17:46:58,07/05/2026 17:35,50.03,14644.0,1412.0,7533.0,2922.0,1510.0,479.0,628.0,SHARAVATHI,1035.0,681.0
2026-05-07T17:46:58,07/05/2026 17:35,50.03,14644.0,1412.0,7533.0,2922.0,1510.0,479.0,628.0,NAGJHARI,900.0,645.0
2026-05-07T17:46:58,07/05/2026 17:35,50.03,14644.0,1412.0,7533.0,2922.0,1510.0,479.0,628.0,VARAHI,460.0,184.0
2026-05-07T17:46:58,07/05/2026 17:35,50.03,14644.0,1412.0,7533.0,2922.0,1510.0,479.0,628.0,KODSALLI,120.0,115.0
2026-05-07T17:46:58,07/05/2026 17:35,50.03,14644.0,1412.0,7533.0,2922.0,1510.0,479.0,628.0,KADRA,150.0,147.0
2026-05-07T17:46:58,07/05/2026 17:35,50.03,14644.0,1412.0,7533.0,2922.0,1510.0,479.0,628.0,GERUSOPPA,240.0,223.0
2026-05-07T17:46:58,07/05/2026 17:35,50.03,14644.0,1412.0,7533.0,2922.0,1510.0,479.0,628.0,JOG,139.2,55.0
2026-05-07T17:46:58,07/05/2026 17:35,50.03,14644.0,1412.0,7533.0,2922.0,1510.0,479.0,628.0,LPH,55.0,12.0
2026-05-07T17:46:58,07/05/2026 17:35,50.03,14644.0,1412.0,7533.0,2922.0,1510.0,479.0,628.0,SUPA,100.0,74.0
2026-05-07T17:46:58,07/05/2026 17:35,50.03,14644.0,1412.0,7533.0,2922.0,1510.0,479.0,628.0,SHIMSHA,17.2,0.0
2026-05-07T17:46:58,07/05/2026 17:35,50.03,14644.0,1412.0,7533.0,2922.0,1510.0,479.0,628.0,SHIVASAMUDRA,42.0,0.0
2026-05-07T17:46:58,07/05/2026 17:35,50.03,14644.0,1412.0,7533.0,2922.0,1510.0,479.0,628.0,MANIDAM,9.0,2.0
2026-05-07T17:46:58,07/05/2026 17:35,50.03,14644.0,1412.0,7533.0,2922.0,1510.0,479.0,628.0,MUNRABAD,38.0,0.0
2026-05-07T17:46:58,07/05/2026 17:35,50.03,14644.0,1412.0,7533.0,2922.0,1510.0,479.0,628.0,BHADRA,39.2,0.0
2026-05-07T17:46:58,07/05/2026 17:35,50.03,14644.0,1412.0,7533.0,2922.0,1510.0,479.0,628.0,GHATAPRABHA,32.0,0.0
2026-05-07T17:46:58,07/05/2026 17:35,50.03,14644.0,1412.0,7533.0,2922.0,1510.0,479.0,628.0,ALMATTI,290.0,0.0
2026-05-07T17:46:58,07/05/2026 17:35,50.03,14644.0,1412.0,7533.0,2922.0,1510.0,479.0,628.0,JINDAL,1460.0,138.0
2026-05-07T17:46:58,07/05/2026 17:35,50.03,14644.0,1412.0,7533.0,2922.0,1510.0,479.0,628.0,UPCL,1200.0,479.0
2026-05-07T17:46:58,07/05/2026 17:35,50.03,14644.0,1412.0,7533.0,2922.0,1510.0,479.0,628.0,YCCP,370.0,0.0
2026-05-07T17:47:58,07/05/2026 17:35,50.03,14644.0,1412.0,7533.0,2922.0,1510.0,479.0,628.0,RTPS,1720.0,867.0
2026-05-07T17:47:58,07/05/2026 17:35,50.03,14644.0,1412.0,7533.0,2922.0,1510.0,479.0,628.0,BTPS,1700.0,1474.0
2026-05-07T17:47:58,07/05/2026 17:35,50.03,14644.0,1412.0,7533.0,2922.0,1510.0,479.0,628.0,YTPS,1600.0,581.0
2026-05-07T17:47:58,07/05/2026 17:35,50.03,14644.0,1412.0,7533.0,2922.0,1510.0,479.0,628.0,SHARAVATHI,1035.0,681.0
2026-05-07T17:47:58,07/05/2026 17:35,50.03,14644.0,1412.0,7533.0,2922.0,1510.0,479.0,628.0,NAGJHARI,900.0,645.0
2026-05-07T17:47:58,07/05/2026 17:35,50.03,14644.0,1412.0,7533.0,2922.0,1510.0,479.0,628.0,VARAHI,460.0,184.0
2026-05-07T17:47:58,07/05/2026 17:35,50.03,14644.0,1412.0,7533.0,2922.0,1510.0,479.0,628.0,KODSALLI,120.0,115.0
2026-05-07T17:47:58,07/05/2026 17:35,50.03,14644.0,1412.0,7533.0,2922.0,1510.0,479.0,628.0,KADRA,150.0,147.0
2026-05-07T17:47:58,07/05/2026 17:35,50.03,14644.0,1412.0,7533.0,2922.0,1510.0,479.0,628.0,GERUSOPPA,240.0,223.0
2026-05-07T17:47:58,07/05/2026 17:35,50.03,14644.0,1412.0,7533.0,2922.0,1510.0,479.0,628.0,JOG,139.2,55.0
2026-05-07T17:47:58,07/05/2026 17:35,50.03,14644.0,1412.0,7533.0,2922.0,1510.0,479.0,628.0,LPH,55.0,12.0
2026-05-07T17:47:58,07/05/2026 17:35,50.03,14644.0,1412.0,7533.0,2922.0,1510.0,479.0,628.0,SUPA,100.0,74.0
2026-05-07T17:47:58,07/05/2026 17:35,50.03,14644.0,1412.0,7533.0,2922.0,1510.0,479.0,628.0,SHIMSHA,17.2,0.0
2026-05-07T17:47:58,07/05/2026 17:35,50.03,14644.0,1412.0,7533.0,2922.0,1510.0,479.0,628.0,SHIVASAMUDRA,42.0,0.0
2026-05-07T17:47:58,07/05/2026 17:35,50.03,14644.0,1412.0,7533.0,2922.0,1510.0,479.0,628.0,MANIDAM,9.0,2.0
2026-05-07T17:47:58,07/05/2026 17:35,50.03,14644.0,1412.0,7533.0,2922.0,1510.0,479.0,628.0,MUNRABAD,38.0,0.0
2026-05-07T17:47:58,07/05/2026 17:35,50.03,14644.0,1412.0,7533.0,2922.0,1510.0,479.0,628.0,BHADRA,39.2,0.0
2026-05-07T17:47:58,07/05/2026 17:35,50.03,14644.0,1412.0,7533.0,2922.0,1510.0,479.0,628.0,GHATAPRABHA,32.0,0.0
2026-05-07T17:47:58,07/05/2026 17:35,50.03,14644.0,1412.0,7533.0,2922.0,1510.0,479.0,628.0,ALMATTI,290.0,0.0
2026-05-07T17:47:58,07/05/2026 17:35,50.03,14644.0,1412.0,7533.0,2922.0,1510.0,479.0,628.0,JINDAL,1460.0,138.0
2026-05-07T17:47:58,07/05/2026 17:35,50.03,14644.0,1412.0,7533.0,2922.0,1510.0,479.0,628.0,UPCL,1200.0,479.0
2026-05-07T17:47:58,07/05/2026 17:35,50.03,14644.0,1412.0,7533.0,2922.0,1510.0,479.0,628.0,YCCP,370.0,0.0
2026-05-07T17:48:58,07/05/2026 17:35,50.03,14644.0,1412.0,7533.0,2922.0,1510.0,479.0,628.0,RTPS,1720.0,867.0
2026-05-07T17:48:58,07/05/2026 17:35,50.03,14644.0,1412.0,7533.0,2922.0,1510.0,479.0,628.0,BTPS,1700.0,1474.0
2026-05-07T17:48:58,07/05/2026 17:35,50.03,14644.0,1412.0,7533.0,2922.0,1510.0,479.0,628.0,YTPS,1600.0,581.0
2026-05-07T17:48:58,07/05/2026 17:35,50.03,14644.0,1412.0,7533.0,2922.0,1510.0,479.0,628.0,SHARAVATHI,1035.0,681.0
2026-05-07T17:48:58,07/05/2026 17:35,50.03,14644.0,1412.0,7533.0,2922.0,1510.0,479.0,628.0,NAGJHARI,900.0,645.0
2026-05-07T17:48:58,07/05/2026 17:35,50.03,14644.0,1412.0,7533.0,2922.0,1510.0,479.0,628.0,VARAHI,460.0,184.0
2026-05-07T17:48:58,07/05/2026 17:35,50.03,14644.0,1412.0,7533.0,2922.0,1510.0,479.0,628.0,KODSALLI,120.0,115.0
2026-05-07T17:48:58,07/05/2026 17:35,50.03,14644.0,1412.0,7533.0,2922.0,1510.0,479.0,628.0,KADRA,150.0,147.0
2026-05-07T17:48:58,07/05/2026 17:35,50.03,14644.0,1412.0,7533.0,2922.0,1510.0,479.0,628.0,GERUSOPPA,240.0,223.0
2026-05-07T17:48:58,07/05/2026 17:35,50.03,14644.0,1412.0,7533.0,2922.0,1510.0,479.0,628.0,JOG,139.2,55.0
2026-05-07T17:48:58,07/05/2026 17:35,50.03,14644.0,1412.0,7533.0,2922.0,1510.0,479.0,628.0,LPH,55.0,12.0
2026-05-07T17:48:58,07/05/2026 17:35,50.03,14644.0,1412.0,7533.0,2922.0,1510.0,479.0,628.0,SUPA,100.0,74.0
2026-05-07T17:48:58,07/05/2026 17:35,50.03,14644.0,1412.0,7533.0,2922.0,1510.0,479.0,628.0,SHIMSHA,17.2,0.0
2026-05-07T17:48:58,07/05/2026 17:35,50.03,14644.0,1412.0,7533.0,2922.0,1510.0,479.0,628.0,SHIVASAMUDRA,42.0,0.0
2026-05-07T17:48:58,07/05/2026 17:35,50.03,14644.0,1412.0,7533.0,2922.0,1510.0,479.0,628.0,MANIDAM,9.0,2.0
2026-05-07T17:48:58,07/05/2026 17:35,50.03,14644.0,1412.0,7533.0,2922.0,1510.0,479.0,628.0,MUNRABAD,38.0,0.0
2026-05-07T17:48:58,07/05/2026 17:35,50.03,14644.0,1412.0,7533.0,2922.0,1510.0,479.0,628.0,BHADRA,39.2,0.0
2026-05-07T17:48:58,07/05/2026 17:35,50.03,14644.0,1412.0,7533.0,2922.0,1510.0,479.0,628.0,GHATAPRABHA,32.0,0.0
2026-05-07T17:48:58,07/05/2026 17:35,50.03,14644.0,1412.0,7533.0,2922.0,1510.0,479.0,628.0,ALMATTI,290.0,0.0
2026-05-07T17:48:58,07/05/2026 17:35,50.03,14644.0,1412.0,7533.0,2922.0,1510.0,479.0,628.0,JINDAL,1460.0,138.0
2026-05-07T17:48:58,07/05/2026 17:35,50.03,14644.0,1412.0,7533.0,2922.0,1510.0,479.0,628.0,UPCL,1200.0,479.0
2026-05-07T17:48:58,07/05/2026 17:35,50.03,14644.0,1412.0,7533.0,2922.0,1510.0,479.0,628.0,YCCP,370.0,0.0
2026-05-07T17:49:58,07/05/2026 17:35,50.03,14644.0,1412.0,7533.0,2922.0,1510.0,479.0,628.0,RTPS,1720.0,867.0
2026-05-07T17:49:58,07/05/2026 17:35,50.03,14644.0,1412.0,7533.0,2922.0,1510.0,479.0,628.0,BTPS,1700.0,1474.0
2026-05-07T17:49:58,07/05/2026 17:35,50.03,14644.0,1412.0,7533.0,2922.0,1510.0,479.0,628.0,YTPS,1600.0,581.0
2026-05-07T17:49:58,07/05/2026 17:35,50.03,14644.0,1412.0,7533.0,2922.0,1510.0,479.0,628.0,SHARAVATHI,1035.0,681.0
2026-05-07T17:49:58,07/05/2026 17:35,50.03,14644.0,1412.0,7533.0,2922.0,1510.0,479.0,628.0,NAGJHARI,900.0,645.0
2026-05-07T17:49:58,07/05/2026 17:35,50.03,14644.0,1412.0,7533.0,2922.0,1510.0,479.0,628.0,VARAHI,460.0,184.0
2026-05-07T17:49:58,07/05/2026 17:35,50.03,14644.0,1412.0,7533.0,2922.0,1510.0,479.0,628.0,KODSALLI,120.0,115.0
2026-05-07T17:49:58,07/05/2026 17:35,50.03,14644.0,1412.0,7533.0,2922.0,1510.0,479.0,628.0,KADRA,150.0,147.0
2026-05-07T17:49:58,07/05/2026 17:35,50.03,14644.0,1412.0,7533.0,2922.0,1510.0,479.0,628.0,GERUSOPPA,240.0,223.0
2026-05-07T17:49:58,07/05/2026 17:35,50.03,14644.0,1412.0,7533.0,2922.0,1510.0,479.0,628.0,JOG,139.2,55.0
2026-05-07T17:49:58,07/05/2026 17:35,50.03,14644.0,1412.0,7533.0,2922.0,1510.0,479.0,628.0,LPH,55.0,12.0
2026-05-07T17:49:58,07/05/2026 17:35,50.03,14644.0,1412.0,7533.0,2922.0,1510.0,479.0,628.0,SUPA,100.0,74.0
2026-05-07T17:49:58,07/05/2026 17:35,50.03,14644.0,1412.0,7533.0,2922.0,1510.0,479.0,628.0,SHIMSHA,17.2,0.0
2026-05-07T17:49:58,07/05/2026 17:35,50.03,14644.0,1412.0,7533.0,2922.0,1510.0,479.0,628.0,SHIVASAMUDRA,42.0,0.0
2026-05-07T17:49:58,07/05/2026 17:35,50.03,14644.0,1412.0,7533.0,2922.0,1510.0,479.0,628.0,MANIDAM,9.0,2.0
2026-05-07T17:49:58,07/05/2026 17:35,50.03,14644.0,1412.0,7533.0,2922.0,1510.0,479.0,628.0,MUNRABAD,38.0,0.0
2026-05-07T17:49:58,07/05/2026 17:35,50.03,14644.0,1412.0,7533.0,2922.0,1510.0,479.0,628.0,BHADRA,39.2,0.0
2026-05-07T17:49:58,07/05/2026 17:35,50.03,14644.0,1412.0,7533.0,2922.0,1510.0,479.0,628.0,GHATAPRABHA,32.0,0.0
2026-05-07T17:49:58,07/05/2026 17:35,50.03,14644.0,1412.0,7533.0,2922.0,1510.0,479.0,628.0,ALMATTI,290.0,0.0
2026-05-07T17:49:58,07/05/2026 17:35,50.03,14644.0,1412.0,7533.0,2922.0,1510.0,479.0,628.0,JINDAL,1460.0,138.0
2026-05-07T17:49:58,07/05/2026 17:35,50.03,14644.0,1412.0,7533.0,2922.0,1510.0,479.0,628.0,UPCL,1200.0,479.0
2026-05-07T17:49:58,07/05/2026 17:35,50.03,14644.0,1412.0,7533.0,2922.0,1510.0,479.0,628.0,YCCP,370.0,0.0
2026-05-07T17:50:58,07/05/2026 17:35,50.03,14644.0,1412.0,7533.0,2922.0,1510.0,479.0,628.0,RTPS,1720.0,867.0
2026-05-07T17:50:58,07/05/2026 17:35,50.03,14644.0,1412.0,7533.0,2922.0,1510.0,479.0,628.0,BTPS,1700.0,1474.0
2026-05-07T17:50:58,07/05/2026 17:35,50.03,14644.0,1412.0,7533.0,2922.0,1510.0,479.0,628.0,YTPS,1600.0,581.0
2026-05-07T17:50:58,07/05/2026 17:35,50.03,14644.0,1412.0,7533.0,2922.0,1510.0,479.0,628.0,SHARAVATHI,1035.0,681.0
2026-05-07T17:50:58,07/05/2026 17:35,50.03,14644.0,1412.0,7533.0,2922.0,1510.0,479.0,628.0,NAGJHARI,900.0,645.0
2026-05-07T17:50:58,07/05/2026 17:35,50.03,14644.0,1412.0,7533.0,2922.0,1510.0,479.0,628.0,VARAHI,460.0,184.0
2026-05-07T17:50:58,07/05/2026 17:35,50.03,14644.0,1412.0,7533.0,2922.0,1510.0,479.0,628.0,KODSALLI,120.0,115.0
2026-05-07T17:50:58,07/05/2026 17:35,50.03,14644.0,1412.0,7533.0,2922.0,1510.0,479.0,628.0,KADRA,150.0,147.0
2026-05-07T17:50:58,07/05/2026 17:35,50.03,14644.0,1412.0,7533.0,2922.0,1510.0,479.0,628.0,GERUSOPPA,240.0,223.0
2026-05-07T17:50:58,07/05/2026 17:35,50.03,14644.0,1412.0,7533.0,2922.0,1510.0,479.0,628.0,JOG,139.2,55.0
2026-05-07T17:50:58,07/05/2026 17:35,50.03,14644.0,1412.0,7533.0,2922.0,1510.0,479.0,628.0,LPH,55.0,12.0
2026-05-07T17:50:58,07/05/2026 17:35,50.03,14644.0,1412.0,7533.0,2922.0,1510.0,479.0,628.0,SUPA,100.0,74.0
2026-05-07T17:50:58,07/05/2026 17:35,50.03,14644.0,1412.0,7533.0,2922.0,1510.0,479.0,628.0,SHIMSHA,17.2,0.0
2026-05-07T17:50:58,07/05/2026 17:35,50.03,14644.0,1412.0,7533.0,2922.0,1510.0,479.0,628.0,SHIVASAMUDRA,42.0,0.0
2026-05-07T17:50:58,07/05/2026 17:35,50.03,14644.0,1412.0,7533.0,2922.0,1510.0,479.0,628.0,MANIDAM,9.0,2.0
2026-05-07T17:50:58,07/05/2026 17:35,50.03,14644.0,1412.0,7533.0,2922.0,1510.0,479.0,628.0,MUNRABAD,38.0,0.0
2026-05-07T17:50:58,07/05/2026 17:35,50.03,14644.0,1412.0,7533.0,2922.0,1510.0,479.0,628.0,BHADRA,39.2,0.0
2026-05-07T17:50:58,07/05/2026 17:35,50.03,14644.0,1412.0,7533.0,2922.0,1510.0,479.0,628.0,GHATAPRABHA,32.0,0.0
2026-05-07T17:50:58,07/05/2026 17:35,50.03,14644.0,1412.0,7533.0,2922.0,1510.0,479.0,628.0,ALMATTI,290.0,0.0
2026-05-07T17:50:58,07/05/2026 17:35,50.03,14644.0,1412.0,7533.0,2922.0,1510.0,479.0,628.0,JINDAL,1460.0,138.0
2026-05-07T17:50:58,07/05/2026 17:35,50.03,14644.0,1412.0,7533.0,2922.0,1510.0,479.0,628.0,UPCL,1200.0,479.0
2026-05-07T17:50:58,07/05/2026 17:35,50.03,14644.0,1412.0,7533.0,2922.0,1510.0,479.0,628.0,YCCP,370.0,0.0
2026-05-07T17:51:58,07/05/2026 17:35,50.03,14644.0,1412.0,7533.0,2922.0,1510.0,479.0,628.0,RTPS,1720.0,867.0
2026-05-07T17:51:58,07/05/2026 17:35,50.03,14644.0,1412.0,7533.0,2922.0,1510.0,479.0,628.0,BTPS,1700.0,1474.0
2026-05-07T17:51:58,07/05/2026 17:35,50.03,14644.0,1412.0,7533.0,2922.0,1510.0,479.0,628.0,YTPS,1600.0,581.0
2026-05-07T17:51:58,07/05/2026 17:35,50.03,14644.0,1412.0,7533.0,2922.0,1510.0,479.0,628.0,SHARAVATHI,1035.0,681.0
2026-05-07T17:51:58,07/05/2026 17:35,50.03,14644.0,1412.0,7533.0,2922.0,1510.0,479.0,628.0,NAGJHARI,900.0,645.0
2026-05-07T17:51:58,07/05/2026 17:35,50.03,14644.0,1412.0,7533.0,2922.0,1510.0,479.0,628.0,VARAHI,460.0,184.0
2026-05-07T17:51:58,07/05/2026 17:35,50.03,14644.0,1412.0,7533.0,2922.0,1510.0,479.0,628.0,KODSALLI,120.0,115.0
2026-05-07T17:51:58,07/05/2026 17:35,50.03,14644.0,1412.0,7533.0,2922.0,1510.0,479.0,628.0,KADRA,150.0,147.0
2026-05-07T17:51:58,07/05/2026 17:35,50.03,14644.0,1412.0,7533.0,2922.0,1510.0,479.0,628.0,GERUSOPPA,240.0,223.0
2026-05-07T17:51:58,07/05/2026 17:35,50.03,14644.0,1412.0,7533.0,2922.0,1510.0,479.0,628.0,JOG,139.2,55.0
2026-05-07T17:51:58,07/05/2026 17:35,50.03,14644.0,1412.0,7533.0,2922.0,1510.0,479.0,628.0,LPH,55.0,12.0
2026-05-07T17:51:58,07/05/2026 17:35,50.03,14644.0,1412.0,7533.0,2922.0,1510.0,479.0,628.0,SUPA,100.0,74.0
2026-05-07T17:51:58,07/05/2026 17:35,50.03,14644.0,1412.0,7533.0,2922.0,1510.0,479.0,628.0,SHIMSHA,17.2,0.0
2026-05-07T17:51:58,07/05/2026 17:35,50.03,14644.0,1412.0,7533.0,2922.0,1510.0,479.0,628.0,SHIVASAMUDRA,42.0,0.0
2026-05-07T17:51:58,07/05/2026 17:35,50.03,14644.0,1412.0,7533.0,2922.0,1510.0,479.0,628.0,MANIDAM,9.0,2.0
2026-05-07T17:51:58,07/05/2026 17:35,50.03,14644.0,1412.0,7533.0,2922.0,1510.0,479.0,628.0,MUNRABAD,38.0,0.0
2026-05-07T17:51:58,07/05/2026 17:35,50.03,14644.0,1412.0,7533.0,2922.0,1510.0,479.0,628.0,BHADRA,39.2,0.0
2026-05-07T17:51:58,07/05/2026 17:35,50.03,14644.0,1412.0,7533.0,2922.0,1510.0,479.0,628.0,GHATAPRABHA,32.0,0.0
2026-05-07T17:51:58,07/05/2026 17:35,50.03,14644.0,1412.0,7533.0,2922.0,1510.0,479.0,628.0,ALMATTI,290.0,0.0
2026-05-07T17:51:58,07/05/2026 17:35,50.03,14644.0,1412.0,7533.0,2922.0,1510.0,479.0,628.0,JINDAL,1460.0,138.0
2026-05-07T17:51:58,07/05/2026 17:35,50.03,14644.0,1412.0,7533.0,2922.0,1510.0,479.0,628.0,UPCL,1200.0,479.0
2026-05-07T17:51:58,07/05/2026 17:35,50.03,14644.0,1412.0,7533.0,2922.0,1510.0,479.0,628.0,YCCP,370.0,0.0
2026-05-07T17:52:58,07/05/2026 17:35,50.03,14644.0,1412.0,7533.0,2922.0,1510.0,479.0,628.0,RTPS,1720.0,867.0
2026-05-07T17:52:58,07/05/2026 17:35,50.03,14644.0,1412.0,7533.0,2922.0,1510.0,479.0,628.0,BTPS,1700.0,1474.0
2026-05-07T17:52:58,07/05/2026 17:35,50.03,14644.0,1412.0,7533.0,2922.0,1510.0,479.0,628.0,YTPS,1600.0,581.0
2026-05-07T17:52:58,07/05/2026 17:35,50.03,14644.0,1412.0,7533.0,2922.0,1510.0,479.0,628.0,SHARAVATHI,1035.0,681.0
2026-05-07T17:52:58,07/05/2026 17:35,50.03,14644.0,1412.0,7533.0,2922.0,1510.0,479.0,628.0,NAGJHARI,900.0,645.0
2026-05-07T17:52:58,07/05/2026 17:35,50.03,14644.0,1412.0,7533.0,2922.0,1510.0,479.0,628.0,VARAHI,460.0,184.0
2026-05-07T17:52:58,07/05/2026 17:35,50.03,14644.0,1412.0,7533.0,2922.0,1510.0,479.0,628.0,KODSALLI,120.0,115.0
2026-05-07T17:52:58,07/05/2026 17:35,50.03,14644.0,1412.0,7533.0,2922.0,1510.0,479.0,628.0,KADRA,150.0,147.0
2026-05-07T17:52:58,07/05/2026 17:35,50.03,14644.0,1412.0,7533.0,2922.0,1510.0,479.0,628.0,GERUSOPPA,240.0,223.0
2026-05-07T17:52:58,07/05/2026 17:35,50.03,14644.0,1412.0,7533.0,2922.0,1510.0,479.0,628.0,JOG,139.2,55.0
2026-05-07T17:52:58,07/05/2026 17:35,50.03,14644.0,1412.0,7533.0,2922.0,1510.0,479.0,628.0,LPH,55.0,12.0
2026-05-07T17:52:58,07/05/2026 17:35,50.03,14644.0,1412.0,7533.0,2922.0,1510.0,479.0,628.0,SUPA,100.0,74.0
2026-05-07T17:52:58,07/05/2026 17:35,50.03,14644.0,1412.0,7533.0,2922.0,1510.0,479.0,628.0,SHIMSHA,17.2,0.0
2026-05-07T17:52:58,07/05/2026 17:35,50.03,14644.0,1412.0,7533.0,2922.0,1510.0,479.0,628.0,SHIVASAMUDRA,42.0,0.0
2026-05-07T17:52:58,07/05/2026 17:35,50.03,14644.0,1412.0,7533.0,2922.0,1510.0,479.0,628.0,MANIDAM,9.0,2.0
2026-05-07T17:52:58,07/05/2026 17:35,50.03,14644.0,1412.0,7533.0,2922.0,1510.0,479.0,628.0,MUNRABAD,38.0,0.0
2026-05-07T17:52:58,07/05/2026 17:35,50.03,14644.0,1412.0,7533.0,2922.0,1510.0,479.0,628.0,BHADRA,39.2,0.0
2026-05-07T17:52:58,07/05/2026 17:35,50.03,14644.0,1412.0,7533.0,2922.0,1510.0,479.0,628.0,GHATAPRABHA,32.0,0.0
2026-05-07T17:52:58,07/05/2026 17:35,50.03,14644.0,1412.0,7533.0,2922.0,1510.0,479.0,628.0,ALMATTI,290.0,0.0
2026-05-07T17:52:58,07/05/2026 17:35,50.03,14644.0,1412.0,7533.0,2922.0,1510.0,479.0,628.0,JINDAL,1460.0,138.0
2026-05-07T17:52:58,07/05/2026 17:35,50.03,14644.0,1412.0,7533.0,2922.0,1510.0,479.0,628.0,UPCL,1200.0,479.0
2026-05-07T17:52:58,07/05/2026 17:35,50.03,14644.0,1412.0,7533.0,2922.0,1510.0,479.0,628.0,YCCP,370.0,0.0
2026-05-07T17:53:58,07/05/2026 17:50,50.0,14535.0,1246.0,7523.0,2901.0,1615.0,478.0,636.0,RTPS,1720.0,860.0
2026-05-07T17:53:58,07/05/2026 17:50,50.0,14535.0,1246.0,7523.0,2901.0,1615.0,478.0,636.0,BTPS,1700.0,1461.0
2026-05-07T17:53:58,07/05/2026 17:50,50.0,14535.0,1246.0,7523.0,2901.0,1615.0,478.0,636.0,YTPS,1600.0,580.0
2026-05-07T17:53:58,07/05/2026 17:50,50.0,14535.0,1246.0,7523.0,2901.0,1615.0,478.0,636.0,SHARAVATHI,1035.0,731.0
2026-05-07T17:53:58,07/05/2026 17:50,50.0,14535.0,1246.0,7523.0,2901.0,1615.0,478.0,636.0,NAGJHARI,900.0,652.0
2026-05-07T17:53:58,07/05/2026 17:50,50.0,14535.0,1246.0,7523.0,2901.0,1615.0,478.0,636.0,VARAHI,460.0,232.0
2026-05-07T17:53:58,07/05/2026 17:50,50.0,14535.0,1246.0,7523.0,2901.0,1615.0,478.0,636.0,KODSALLI,120.0,116.0
2026-05-07T17:53:58,07/05/2026 17:50,50.0,14535.0,1246.0,7523.0,2901.0,1615.0,478.0,636.0,KADRA,150.0,146.0
2026-05-07T17:53:58,07/05/2026 17:50,50.0,14535.0,1246.0,7523.0,2901.0,1615.0,478.0,636.0,GERUSOPPA,240.0,222.0
2026-05-07T17:53:58,07/05/2026 17:50,50.0,14535.0,1246.0,7523.0,2901.0,1615.0,478.0,636.0,JOG,139.2,64.0
2026-05-07T17:53:58,07/05/2026 17:50,50.0,14535.0,1246.0,7523.0,2901.0,1615.0,478.0,636.0,LPH,55.0,12.0
2026-05-07T17:53:58,07/05/2026 17:50,50.0,14535.0,1246.0,7523.0,2901.0,1615.0,478.0,636.0,SUPA,100.0,74.0
2026-05-07T17:53:58,07/05/2026 17:50,50.0,14535.0,1246.0,7523.0,2901.0,1615.0,478.0,636.0,SHIMSHA,17.2,0.0
2026-05-07T17:53:58,07/05/2026 17:50,50.0,14535.0,1246.0,7523.0,2901.0,1615.0,478.0,636.0,SHIVASAMUDRA,42.0,0.0
2026-05-07T17:53:58,07/05/2026 17:50,50.0,14535.0,1246.0,7523.0,2901.0,1615.0,478.0,636.0,MANIDAM,9.0,2.0
2026-05-07T17:53:58,07/05/2026 17:50,50.0,14535.0,1246.0,7523.0,2901.0,1615.0,478.0,636.0,MUNRABAD,38.0,0.0
2026-05-07T17:53:58,07/05/2026 17:50,50.0,14535.0,1246.0,7523.0,2901.0,1615.0,478.0,636.0,BHADRA,39.2,0.0
2026-05-07T17:53:58,07/05/2026 17:50,50.0,14535.0,1246.0,7523.0,2901.0,1615.0,478.0,636.0,GHATAPRABHA,32.0,0.0
2026-05-07T17:53:58,07/05/2026 17:50,50.0,14535.0,1246.0,7523.0,2901.0,1615.0,478.0,636.0,ALMATTI,290.0,0.0
2026-05-07T17:53:58,07/05/2026 17:50,50.0,14535.0,1246.0,7523.0,2901.0,1615.0,478.0,636.0,JINDAL,1460.0,126.0
2026-05-07T17:53:58,07/05/2026 17:50,50.0,14535.0,1246.0,7523.0,2901.0,1615.0,478.0,636.0,UPCL,1200.0,478.0
2026-05-07T17:53:58,07/05/2026 17:50,50.0,14535.0,1246.0,7523.0,2901.0,1615.0,478.0,636.0,YCCP,370.0,0.0
2026-05-07T17:54:58,07/05/2026 17:50,50.0,14535.0,1246.0,7523.0,2901.0,1615.0,478.0,636.0,RTPS,1720.0,860.0
2026-05-07T17:54:58,07/05/2026 17:50,50.0,14535.0,1246.0,7523.0,2901.0,1615.0,478.0,636.0,BTPS,1700.0,1461.0
2026-05-07T17:54:58,07/05/2026 17:50,50.0,14535.0,1246.0,7523.0,2901.0,1615.0,478.0,636.0,YTPS,1600.0,580.0
2026-05-07T17:54:58,07/05/2026 17:50,50.0,14535.0,1246.0,7523.0,2901.0,1615.0,478.0,636.0,SHARAVATHI,1035.0,731.0
2026-05-07T17:54:58,07/05/2026 17:50,50.0,14535.0,1246.0,7523.0,2901.0,1615.0,478.0,636.0,NAGJHARI,900.0,652.0
2026-05-07T17:54:58,07/05/2026 17:50,50.0,14535.0,1246.0,7523.0,2901.0,1615.0,478.0,636.0,VARAHI,460.0,232.0
2026-05-07T17:54:58,07/05/2026 17:50,50.0,14535.0,1246.0,7523.0,2901.0,1615.0,478.0,636.0,KODSALLI,120.0,116.0
2026-05-07T17:54:58,07/05/2026 17:50,50.0,14535.0,1246.0,7523.0,2901.0,1615.0,478.0,636.0,KADRA,150.0,146.0
2026-05-07T17:54:58,07/05/2026 17:50,50.0,14535.0,1246.0,7523.0,2901.0,1615.0,478.0,636.0,GERUSOPPA,240.0,222.0
2026-05-07T17:54:58,07/05/2026 17:50,50.0,14535.0,1246.0,7523.0,2901.0,1615.0,478.0,636.0,JOG,139.2,64.0
2026-05-07T17:54:58,07/05/2026 17:50,50.0,14535.0,1246.0,7523.0,2901.0,1615.0,478.0,636.0,LPH,55.0,12.0
2026-05-07T17:54:58,07/05/2026 17:50,50.0,14535.0,1246.0,7523.0,2901.0,1615.0,478.0,636.0,SUPA,100.0,74.0
2026-05-07T17:54:58,07/05/2026 17:50,50.0,14535.0,1246.0,7523.0,2901.0,1615.0,478.0,636.0,SHIMSHA,17.2,0.0
2026-05-07T17:54:58,07/05/2026 17:50,50.0,14535.0,1246.0,7523.0,2901.0,1615.0,478.0,636.0,SHIVASAMUDRA,42.0,0.0
2026-05-07T17:54:58,07/05/2026 17:50,50.0,14535.0,1246.0,7523.0,2901.0,1615.0,478.0,636.0,MANIDAM,9.0,2.0
2026-05-07T17:54:58,07/05/2026 17:50,50.0,14535.0,1246.0,7523.0,2901.0,1615.0,478.0,636.0,MUNRABAD,38.0,0.0
2026-05-07T17:54:58,07/05/2026 17:50,50.0,14535.0,1246.0,7523.0,2901.0,1615.0,478.0,636.0,BHADRA,39.2,0.0
2026-05-07T17:54:58,07/05/2026 17:50,50.0,14535.0,1246.0,7523.0,2901.0,1615.0,478.0,636.0,GHATAPRABHA,32.0,0.0
2026-05-07T17:54:58,07/05/2026 17:50,50.0,14535.0,1246.0,7523.0,2901.0,1615.0,478.0,636.0,ALMATTI,290.0,0.0
2026-05-07T17:54:58,07/05/2026 17:50,50.0,14535.0,1246.0,7523.0,2901.0,1615.0,478.0,636.0,JINDAL,1460.0,126.0
2026-05-07T17:54:58,07/05/2026 17:50,50.0,14535.0,1246.0,7523.0,2901.0,1615.0,478.0,636.0,UPCL,1200.0,478.0
2026-05-07T17:54:58,07/05/2026 17:50,50.0,14535.0,1246.0,7523.0,2901.0,1615.0,478.0,636.0,YCCP,370.0,0.0
2026-05-07T17:55:58,07/05/2026 17:50,50.0,14535.0,1246.0,7523.0,2901.0,1615.0,478.0,636.0,RTPS,1720.0,860.0
2026-05-07T17:55:58,07/05/2026 17:50,50.0,14535.0,1246.0,7523.0,2901.0,1615.0,478.0,636.0,BTPS,1700.0,1461.0
2026-05-07T17:55:58,07/05/2026 17:50,50.0,14535.0,1246.0,7523.0,2901.0,1615.0,478.0,636.0,YTPS,1600.0,580.0
2026-05-07T17:55:58,07/05/2026 17:50,50.0,14535.0,1246.0,7523.0,2901.0,1615.0,478.0,636.0,SHARAVATHI,1035.0,731.0
2026-05-07T17:55:58,07/05/2026 17:50,50.0,14535.0,1246.0,7523.0,2901.0,1615.0,478.0,636.0,NAGJHARI,900.0,652.0
2026-05-07T17:55:58,07/05/2026 17:50,50.0,14535.0,1246.0,7523.0,2901.0,1615.0,478.0,636.0,VARAHI,460.0,232.0
2026-05-07T17:55:58,07/05/2026 17:50,50.0,14535.0,1246.0,7523.0,2901.0,1615.0,478.0,636.0,KODSALLI,120.0,116.0
2026-05-07T17:55:58,07/05/2026 17:50,50.0,14535.0,1246.0,7523.0,2901.0,1615.0,478.0,636.0,KADRA,150.0,146.0
2026-05-07T17:55:58,07/05/2026 17:50,50.0,14535.0,1246.0,7523.0,2901.0,1615.0,478.0,636.0,GERUSOPPA,240.0,222.0
2026-05-07T17:55:58,07/05/2026 17:50,50.0,14535.0,1246.0,7523.0,2901.0,1615.0,478.0,636.0,JOG,139.2,64.0
2026-05-07T17:55:58,07/05/2026 17:50,50.0,14535.0,1246.0,7523.0,2901.0,1615.0,478.0,636.0,LPH,55.0,12.0
2026-05-07T17:55:58,07/05/2026 17:50,50.0,14535.0,1246.0,7523.0,2901.0,1615.0,478.0,636.0,SUPA,100.0,74.0
2026-05-07T17:55:58,07/05/2026 17:50,50.0,14535.0,1246.0,7523.0,2901.0,1615.0,478.0,636.0,SHIMSHA,17.2,0.0
2026-05-07T17:55:58,07/05/2026 17:50,50.0,14535.0,1246.0,7523.0,2901.0,1615.0,478.0,636.0,SHIVASAMUDRA,42.0,0.0
2026-05-07T17:55:58,07/05/2026 17:50,50.0,14535.0,1246.0,7523.0,2901.0,1615.0,478.0,636.0,MANIDAM,9.0,2.0
2026-05-07T17:55:58,07/05/2026 17:50,50.0,14535.0,1246.0,7523.0,2901.0,1615.0,478.0,636.0,MUNRABAD,38.0,0.0
2026-05-07T17:55:58,07/05/2026 17:50,50.0,14535.0,1246.0,7523.0,2901.0,1615.0,478.0,636.0,BHADRA,39.2,0.0
2026-05-07T17:55:58,07/05/2026 17:50,50.0,14535.0,1246.0,7523.0,2901.0,1615.0,478.0,636.0,GHATAPRABHA,32.0,0.0
2026-05-07T17:55:58,07/05/2026 17:50,50.0,14535.0,1246.0,7523.0,2901.0,1615.0,478.0,636.0,ALMATTI,290.0,0.0
2026-05-07T17:55:58,07/05/2026 17:50,50.0,14535.0,1246.0,7523.0,2901.0,1615.0,478.0,636.0,JINDAL,1460.0,126.0
2026-05-07T17:55:58,07/05/2026 17:50,50.0,14535.0,1246.0,7523.0,2901.0,1615.0,478.0,636.0,UPCL,1200.0,478.0
2026-05-07T17:55:58,07/05/2026 17:50,50.0,14535.0,1246.0,7523.0,2901.0,1615.0,478.0,636.0,YCCP,370.0,0.0
2026-05-07T17:56:58,07/05/2026 17:50,50.0,14535.0,1246.0,7523.0,2901.0,1615.0,478.0,636.0,RTPS,1720.0,860.0
2026-05-07T17:56:58,07/05/2026 17:50,50.0,14535.0,1246.0,7523.0,2901.0,1615.0,478.0,636.0,BTPS,1700.0,1461.0
2026-05-07T17:56:58,07/05/2026 17:50,50.0,14535.0,1246.0,7523.0,2901.0,1615.0,478.0,636.0,YTPS,1600.0,580.0
2026-05-07T17:56:58,07/05/2026 17:50,50.0,14535.0,1246.0,7523.0,2901.0,1615.0,478.0,636.0,SHARAVATHI,1035.0,731.0
2026-05-07T17:56:58,07/05/2026 17:50,50.0,14535.0,1246.0,7523.0,2901.0,1615.0,478.0,636.0,NAGJHARI,900.0,652.0
2026-05-07T17:56:58,07/05/2026 17:50,50.0,14535.0,1246.0,7523.0,2901.0,1615.0,478.0,636.0,VARAHI,460.0,232.0
2026-05-07T17:56:58,07/05/2026 17:50,50.0,14535.0,1246.0,7523.0,2901.0,1615.0,478.0,636.0,KODSALLI,120.0,116.0
2026-05-07T17:56:58,07/05/2026 17:50,50.0,14535.0,1246.0,7523.0,2901.0,1615.0,478.0,636.0,KADRA,150.0,146.0
2026-05-07T17:56:58,07/05/2026 17:50,50.0,14535.0,1246.0,7523.0,2901.0,1615.0,478.0,636.0,GERUSOPPA,240.0,222.0
2026-05-07T17:56:58,07/05/2026 17:50,50.0,14535.0,1246.0,7523.0,2901.0,1615.0,478.0,636.0,JOG,139.2,64.0
2026-05-07T17:56:58,07/05/2026 17:50,50.0,14535.0,1246.0,7523.0,2901.0,1615.0,478.0,636.0,LPH,55.0,12.0
2026-05-07T17:56:58,07/05/2026 17:50,50.0,14535.0,1246.0,7523.0,2901.0,1615.0,478.0,636.0,SUPA,100.0,74.0
2026-05-07T17:56:58,07/05/2026 17:50,50.0,14535.0,1246.0,7523.0,2901.0,1615.0,478.0,636.0,SHIMSHA,17.2,0.0
2026-05-07T17:56:58,07/05/2026 17:50,50.0,14535.0,1246.0,7523.0,2901.0,1615.0,478.0,636.0,SHIVASAMUDRA,42.0,0.0
2026-05-07T17:56:58,07/05/2026 17:50,50.0,14535.0,1246.0,7523.0,2901.0,1615.0,478.0,636.0,MANIDAM,9.0,2.0
2026-05-07T17:56:58,07/05/2026 17:50,50.0,14535.0,1246.0,7523.0,2901.0,1615.0,478.0,636.0,MUNRABAD,38.0,0.0
2026-05-07T17:56:58,07/05/2026 17:50,50.0,14535.0,1246.0,7523.0,2901.0,1615.0,478.0,636.0,BHADRA,39.2,0.0
2026-05-07T17:56:58,07/05/2026 17:50,50.0,14535.0,1246.0,7523.0,2901.0,1615.0,478.0,636.0,GHATAPRABHA,32.0,0.0
2026-05-07T17:56:58,07/05/2026 17:50,50.0,14535.0,1246.0,7523.0,2901.0,1615.0,478.0,636.0,ALMATTI,290.0,0.0
2026-05-07T17:56:58,07/05/2026 17:50,50.0,14535.0,1246.0,7523.0,2901.0,1615.0,478.0,636.0,JINDAL,1460.0,126.0
2026-05-07T17:56:58,07/05/2026 17:50,50.0,14535.0,1246.0,7523.0,2901.0,1615.0,478.0,636.0,UPCL,1200.0,478.0
2026-05-07T17:56:58,07/05/2026 17:50,50.0,14535.0,1246.0,7523.0,2901.0,1615.0,478.0,636.0,YCCP,370.0,0.0
2026-05-07T17:57:58,07/05/2026 17:55,50.03,14521.0,1195.0,7584.0,2923.0,1599.0,478.0,636.0,RTPS,1720.0,869.0
2026-05-07T17:57:58,07/05/2026 17:55,50.03,14521.0,1195.0,7584.0,2923.0,1599.0,478.0,636.0,BTPS,1700.0,1473.0
2026-05-07T17:57:58,07/05/2026 17:55,50.03,14521.0,1195.0,7584.0,2923.0,1599.0,478.0,636.0,YTPS,1600.0,581.0
2026-05-07T17:57:58,07/05/2026 17:55,50.03,14521.0,1195.0,7584.0,2923.0,1599.0,478.0,636.0,SHARAVATHI,1035.0,715.0
2026-05-07T17:57:58,07/05/2026 17:55,50.03,14521.0,1195.0,7584.0,2923.0,1599.0,478.0,636.0,NAGJHARI,900.0,653.0
2026-05-07T17:57:58,07/05/2026 17:55,50.03,14521.0,1195.0,7584.0,2923.0,1599.0,478.0,636.0,VARAHI,460.0,231.0
2026-05-07T17:57:58,07/05/2026 17:55,50.03,14521.0,1195.0,7584.0,2923.0,1599.0,478.0,636.0,KODSALLI,120.0,116.0
2026-05-07T17:57:58,07/05/2026 17:55,50.03,14521.0,1195.0,7584.0,2923.0,1599.0,478.0,636.0,KADRA,150.0,146.0
2026-05-07T17:57:58,07/05/2026 17:55,50.03,14521.0,1195.0,7584.0,2923.0,1599.0,478.0,636.0,GERUSOPPA,240.0,221.0
2026-05-07T17:57:58,07/05/2026 17:55,50.03,14521.0,1195.0,7584.0,2923.0,1599.0,478.0,636.0,JOG,139.2,65.0
2026-05-07T17:57:58,07/05/2026 17:55,50.03,14521.0,1195.0,7584.0,2923.0,1599.0,478.0,636.0,LPH,55.0,12.0
2026-05-07T17:57:58,07/05/2026 17:55,50.03,14521.0,1195.0,7584.0,2923.0,1599.0,478.0,636.0,SUPA,100.0,74.0
2026-05-07T17:57:58,07/05/2026 17:55,50.03,14521.0,1195.0,7584.0,2923.0,1599.0,478.0,636.0,SHIMSHA,17.2,0.0
2026-05-07T17:57:58,07/05/2026 17:55,50.03,14521.0,1195.0,7584.0,2923.0,1599.0,478.0,636.0,SHIVASAMUDRA,42.0,0.0
2026-05-07T17:57:58,07/05/2026 17:55,50.03,14521.0,1195.0,7584.0,2923.0,1599.0,478.0,636.0,MANIDAM,9.0,2.0
2026-05-07T17:57:58,07/05/2026 17:55,50.03,14521.0,1195.0,7584.0,2923.0,1599.0,478.0,636.0,MUNRABAD,38.0,0.0
2026-05-07T17:57:58,07/05/2026 17:55,50.03,14521.0,1195.0,7584.0,2923.0,1599.0,478.0,636.0,BHADRA,39.2,0.0
2026-05-07T17:57:58,07/05/2026 17:55,50.03,14521.0,1195.0,7584.0,2923.0,1599.0,478.0,636.0,GHATAPRABHA,32.0,0.0
2026-05-07T17:57:58,07/05/2026 17:55,50.03,14521.0,1195.0,7584.0,2923.0,1599.0,478.0,636.0,ALMATTI,290.0,0.0
2026-05-07T17:57:58,07/05/2026 17:55,50.03,14521.0,1195.0,7584.0,2923.0,1599.0,478.0,636.0,JINDAL,1460.0,121.0
2026-05-07T17:57:58,07/05/2026 17:55,50.03,14521.0,1195.0,7584.0,2923.0,1599.0,478.0,636.0,UPCL,1200.0,478.0
2026-05-07T17:57:58,07/05/2026 17:55,50.03,14521.0,1195.0,7584.0,2923.0,1599.0,478.0,636.0,YCCP,370.0,0.0
2026-05-07T19:10:07,07/05/2026 19:05,50.13,13126.0,833.0,6786.0,2888.0,1435.0,480.0,631.0,RTPS,1720.0,869.0
2026-05-07T19:10:07,07/05/2026 19:05,50.13,13126.0,833.0,6786.0,2888.0,1435.0,480.0,631.0,BTPS,1700.0,1437.0
2026-05-07T19:10:07,07/05/2026 19:05,50.13,13126.0,833.0,6786.0,2888.0,1435.0,480.0,631.0,YTPS,1600.0,582.0
2026-05-07T19:10:07,07/05/2026 19:05,50.13,13126.0,833.0,6786.0,2888.0,1435.0,480.0,631.0,SHARAVATHI,1035.0,625.0
2026-05-07T19:10:07,07/05/2026 19:05,50.13,13126.0,833.0,6786.0,2888.0,1435.0,480.0,631.0,NAGJHARI,900.0,645.0
2026-05-07T19:10:07,07/05/2026 19:05,50.13,13126.0,833.0,6786.0,2888.0,1435.0,480.0,631.0,VARAHI,460.0,165.0
2026-05-07T19:10:07,07/05/2026 19:05,50.13,13126.0,833.0,6786.0,2888.0,1435.0,480.0,631.0,KODSALLI,120.0,112.0
2026-05-07T19:10:07,07/05/2026 19:05,50.13,13126.0,833.0,6786.0,2888.0,1435.0,480.0,631.0,KADRA,150.0,147.0
2026-05-07T19:10:07,07/05/2026 19:05,50.13,13126.0,833.0,6786.0,2888.0,1435.0,480.0,631.0,GERUSOPPA,240.0,220.0
2026-05-07T19:10:07,07/05/2026 19:05,50.13,13126.0,833.0,6786.0,2888.0,1435.0,480.0,631.0,JOG,139.2,64.0
2026-05-07T19:10:07,07/05/2026 19:05,50.13,13126.0,833.0,6786.0,2888.0,1435.0,480.0,631.0,LPH,55.0,12.0
2026-05-07T19:10:07,07/05/2026 19:05,50.13,13126.0,833.0,6786.0,2888.0,1435.0,480.0,631.0,SUPA,100.0,74.0
2026-05-07T19:10:07,07/05/2026 19:05,50.13,13126.0,833.0,6786.0,2888.0,1435.0,480.0,631.0,SHIMSHA,17.2,0.0
2026-05-07T19:10:07,07/05/2026 19:05,50.13,13126.0,833.0,6786.0,2888.0,1435.0,480.0,631.0,SHIVASAMUDRA,42.0,0.0
2026-05-07T19:10:07,07/05/2026 19:05,50.13,13126.0,833.0,6786.0,2888.0,1435.0,480.0,631.0,MANIDAM,9.0,2.0
2026-05-07T19:10:07,07/05/2026 19:05,50.13,13126.0,833.0,6786.0,2888.0,1435.0,480.0,631.0,MUNRABAD,38.0,0.0
2026-05-07T19:10:07,07/05/2026 19:05,50.13,13126.0,833.0,6786.0,2888.0,1435.0,480.0,631.0,BHADRA,39.2,0.0
2026-05-07T19:10:07,07/05/2026 19:05,50.13,13126.0,833.0,6786.0,2888.0,1435.0,480.0,631.0,GHATAPRABHA,32.0,0.0
2026-05-07T19:10:07,07/05/2026 19:05,50.13,13126.0,833.0,6786.0,2888.0,1435.0,480.0,631.0,ALMATTI,290.0,0.0
2026-05-07T19:10:07,07/05/2026 19:05,50.13,13126.0,833.0,6786.0,2888.0,1435.0,480.0,631.0,JINDAL,1460.0,79.0
2026-05-07T19:10:07,07/05/2026 19:05,50.13,13126.0,833.0,6786.0,2888.0,1435.0,480.0,631.0,UPCL,1200.0,480.0
2026-05-07T19:10:07,07/05/2026 19:05,50.13,13126.0,833.0,6786.0,2888.0,1435.0,480.0,631.0,YCCP,370.0,0.0
2026-05-07T19:11:06,07/05/2026 19:05,50.13,13126.0,833.0,6786.0,2888.0,1435.0,480.0,631.0,RTPS,1720.0,869.0
2026-05-07T19:11:06,07/05/2026 19:05,50.13,13126.0,833.0,6786.0,2888.0,1435.0,480.0,631.0,BTPS,1700.0,1437.0
2026-05-07T19:11:06,07/05/2026 19:05,50.13,13126.0,833.0,6786.0,2888.0,1435.0,480.0,631.0,YTPS,1600.0,582.0
2026-05-07T19:11:06,07/05/2026 19:05,50.13,13126.0,833.0,6786.0,2888.0,1435.0,480.0,631.0,SHARAVATHI,1035.0,625.0
2026-05-07T19:11:06,07/05/2026 19:05,50.13,13126.0,833.0,6786.0,2888.0,1435.0,480.0,631.0,NAGJHARI,900.0,645.0
2026-05-07T19:11:06,07/05/2026 19:05,50.13,13126.0,833.0,6786.0,2888.0,1435.0,480.0,631.0,VARAHI,460.0,165.0
2026-05-07T19:11:06,07/05/2026 19:05,50.13,13126.0,833.0,6786.0,2888.0,1435.0,480.0,631.0,KODSALLI,120.0,112.0
2026-05-07T19:11:06,07/05/2026 19:05,50.13,13126.0,833.0,6786.0,2888.0,1435.0,480.0,631.0,KADRA,150.0,147.0
2026-05-07T19:11:06,07/05/2026 19:05,50.13,13126.0,833.0,6786.0,2888.0,1435.0,480.0,631.0,GERUSOPPA,240.0,220.0
2026-05-07T19:11:06,07/05/2026 19:05,50.13,13126.0,833.0,6786.0,2888.0,1435.0,480.0,631.0,JOG,139.2,64.0
2026-05-07T19:11:06,07/05/2026 19:05,50.13,13126.0,833.0,6786.0,2888.0,1435.0,480.0,631.0,LPH,55.0,12.0
2026-05-07T19:11:06,07/05/2026 19:05,50.13,13126.0,833.0,6786.0,2888.0,1435.0,480.0,631.0,SUPA,100.0,74.0
2026-05-07T19:11:06,07/05/2026 19:05,50.13,13126.0,833.0,6786.0,2888.0,1435.0,480.0,631.0,SHIMSHA,17.2,0.0
2026-05-07T19:11:06,07/05/2026 19:05,50.13,13126.0,833.0,6786.0,2888.0,1435.0,480.0,631.0,SHIVASAMUDRA,42.0,0.0
2026-05-07T19:11:06,07/05/2026 19:05,50.13,13126.0,833.0,6786.0,2888.0,1435.0,480.0,631.0,MANIDAM,9.0,2.0
2026-05-07T19:11:06,07/05/2026 19:05,50.13,13126.0,833.0,6786.0,2888.0,1435.0,480.0,631.0,MUNRABAD,38.0,0.0
2026-05-07T19:11:06,07/05/2026 19:05,50.13,13126.0,833.0,6786.0,2888.0,1435.0,480.0,631.0,BHADRA,39.2,0.0
2026-05-07T19:11:06,07/05/2026 19:05,50.13,13126.0,833.0,6786.0,2888.0,1435.0,480.0,631.0,GHATAPRABHA,32.0,0.0
2026-05-07T19:11:06,07/05/2026 19:05,50.13,13126.0,833.0,6786.0,2888.0,1435.0,480.0,631.0,ALMATTI,290.0,0.0
2026-05-07T19:11:06,07/05/2026 19:05,50.13,13126.0,833.0,6786.0,2888.0,1435.0,480.0,631.0,JINDAL,1460.0,79.0
2026-05-07T19:11:06,07/05/2026 19:05,50.13,13126.0,833.0,6786.0,2888.0,1435.0,480.0,631.0,UPCL,1200.0,480.0
2026-05-07T19:11:06,07/05/2026 19:05,50.13,13126.0,833.0,6786.0,2888.0,1435.0,480.0,631.0,YCCP,370.0,0.0
2026-05-07T19:12:52,07/05/2026 19:05,50.13,13126.0,833.0,6786.0,2888.0,1435.0,480.0,631.0,RTPS,1720.0,869.0
2026-05-07T19:12:52,07/05/2026 19:05,50.13,13126.0,833.0,6786.0,2888.0,1435.0,480.0,631.0,BTPS,1700.0,1437.0
2026-05-07T19:12:52,07/05/2026 19:05,50.13,13126.0,833.0,6786.0,2888.0,1435.0,480.0,631.0,YTPS,1600.0,582.0
2026-05-07T19:12:52,07/05/2026 19:05,50.13,13126.0,833.0,6786.0,2888.0,1435.0,480.0,631.0,SHARAVATHI,1035.0,625.0
2026-05-07T19:12:52,07/05/2026 19:05,50.13,13126.0,833.0,6786.0,2888.0,1435.0,480.0,631.0,NAGJHARI,900.0,645.0
2026-05-07T19:12:52,07/05/2026 19:05,50.13,13126.0,833.0,6786.0,2888.0,1435.0,480.0,631.0,VARAHI,460.0,165.0
2026-05-07T19:12:52,07/05/2026 19:05,50.13,13126.0,833.0,6786.0,2888.0,1435.0,480.0,631.0,KODSALLI,120.0,112.0
2026-05-07T19:12:52,07/05/2026 19:05,50.13,13126.0,833.0,6786.0,2888.0,1435.0,480.0,631.0,KADRA,150.0,147.0
2026-05-07T19:12:52,07/05/2026 19:05,50.13,13126.0,833.0,6786.0,2888.0,1435.0,480.0,631.0,GERUSOPPA,240.0,220.0
2026-05-07T19:12:52,07/05/2026 19:05,50.13,13126.0,833.0,6786.0,2888.0,1435.0,480.0,631.0,JOG,139.2,64.0
2026-05-07T19:12:52,07/05/2026 19:05,50.13,13126.0,833.0,6786.0,2888.0,1435.0,480.0,631.0,LPH,55.0,12.0
2026-05-07T19:12:52,07/05/2026 19:05,50.13,13126.0,833.0,6786.0,2888.0,1435.0,480.0,631.0,SUPA,100.0,74.0
2026-05-07T19:12:52,07/05/2026 19:05,50.13,13126.0,833.0,6786.0,2888.0,1435.0,480.0,631.0,SHIMSHA,17.2,0.0
2026-05-07T19:12:52,07/05/2026 19:05,50.13,13126.0,833.0,6786.0,2888.0,1435.0,480.0,631.0,SHIVASAMUDRA,42.0,0.0
2026-05-07T19:12:52,07/05/2026 19:05,50.13,13126.0,833.0,6786.0,2888.0,1435.0,480.0,631.0,MANIDAM,9.0,2.0
2026-05-07T19:12:52,07/05/2026 19:05,50.13,13126.0,833.0,6786.0,2888.0,1435.0,480.0,631.0,MUNRABAD,38.0,0.0
2026-05-07T19:12:52,07/05/2026 19:05,50.13,13126.0,833.0,6786.0,2888.0,1435.0,480.0,631.0,BHADRA,39.2,0.0
2026-05-07T19:12:52,07/05/2026 19:05,50.13,13126.0,833.0,6786.0,2888.0,1435.0,480.0,631.0,GHATAPRABHA,32.0,0.0
2026-05-07T19:12:52,07/05/2026 19:05,50.13,13126.0,833.0,6786.0,2888.0,1435.0,480.0,631.0,ALMATTI,290.0,0.0
2026-05-07T19:12:52,07/05/2026 19:05,50.13,13126.0,833.0,6786.0,2888.0,1435.0,480.0,631.0,JINDAL,1460.0,79.0
2026-05-07T19:12:52,07/05/2026 19:05,50.13,13126.0,833.0,6786.0,2888.0,1435.0,480.0,631.0,UPCL,1200.0,480.0
2026-05-07T19:12:52,07/05/2026 19:05,50.13,13126.0,833.0,6786.0,2888.0,1435.0,480.0,631.0,YCCP,370.0,0.0
2026-05-07T19:17:29,07/05/2026 19:10,50.05,13055.0,947.0,6567.0,2925.0,1416.0,479.0,631.0,RTPS,1720.0,875.0
2026-05-07T19:17:29,07/05/2026 19:10,50.05,13055.0,947.0,6567.0,2925.0,1416.0,479.0,631.0,BTPS,1700.0,1464.0
2026-05-07T19:17:29,07/05/2026 19:10,50.05,13055.0,947.0,6567.0,2925.0,1416.0,479.0,631.0,YTPS,1600.0,586.0
2026-05-07T19:17:29,07/05/2026 19:10,50.05,13055.0,947.0,6567.0,2925.0,1416.0,479.0,631.0,SHARAVATHI,1035.0,633.0
2026-05-07T19:17:29,07/05/2026 19:10,50.05,13055.0,947.0,6567.0,2925.0,1416.0,479.0,631.0,NAGJHARI,900.0,655.0
2026-05-07T19:17:29,07/05/2026 19:10,50.05,13055.0,947.0,6567.0,2925.0,1416.0,479.0,631.0,VARAHI,460.0,128.0
2026-05-07T19:17:29,07/05/2026 19:10,50.05,13055.0,947.0,6567.0,2925.0,1416.0,479.0,631.0,KODSALLI,120.0,114.0
2026-05-07T19:17:29,07/05/2026 19:10,50.05,13055.0,947.0,6567.0,2925.0,1416.0,479.0,631.0,KADRA,150.0,146.0
2026-05-07T19:17:29,07/05/2026 19:10,50.05,13055.0,947.0,6567.0,2925.0,1416.0,479.0,631.0,GERUSOPPA,240.0,219.0
2026-05-07T19:17:29,07/05/2026 19:10,50.05,13055.0,947.0,6567.0,2925.0,1416.0,479.0,631.0,JOG,139.2,64.0
2026-05-07T19:17:29,07/05/2026 19:10,50.05,13055.0,947.0,6567.0,2925.0,1416.0,479.0,631.0,LPH,55.0,12.0
2026-05-07T19:17:29,07/05/2026 19:10,50.05,13055.0,947.0,6567.0,2925.0,1416.0,479.0,631.0,SUPA,100.0,74.0
2026-05-07T19:17:29,07/05/2026 19:10,50.05,13055.0,947.0,6567.0,2925.0,1416.0,479.0,631.0,SHIMSHA,17.2,0.0
2026-05-07T19:17:29,07/05/2026 19:10,50.05,13055.0,947.0,6567.0,2925.0,1416.0,479.0,631.0,SHIVASAMUDRA,42.0,0.0
2026-05-07T19:17:29,07/05/2026 19:10,50.05,13055.0,947.0,6567.0,2925.0,1416.0,479.0,631.0,MANIDAM,9.0,2.0
2026-05-07T19:17:29,07/05/2026 19:10,50.05,13055.0,947.0,6567.0,2925.0,1416.0,479.0,631.0,MUNRABAD,38.0,0.0
2026-05-07T19:17:29,07/05/2026 19:10,50.05,13055.0,947.0,6567.0,2925.0,1416.0,479.0,631.0,BHADRA,39.2,0.0
2026-05-07T19:17:29,07/05/2026 19:10,50.05,13055.0,947.0,6567.0,2925.0,1416.0,479.0,631.0,GHATAPRABHA,32.0,0.0
2026-05-07T19:17:29,07/05/2026 19:10,50.05,13055.0,947.0,6567.0,2925.0,1416.0,479.0,631.0,ALMATTI,290.0,0.0
2026-05-07T19:17:29,07/05/2026 19:10,50.05,13055.0,947.0,6567.0,2925.0,1416.0,479.0,631.0,JINDAL,1460.0,89.0
2026-05-07T19:17:29,07/05/2026 19:10,50.05,13055.0,947.0,6567.0,2925.0,1416.0,479.0,631.0,UPCL,1200.0,479.0
2026-05-07T19:17:29,07/05/2026 19:10,50.05,13055.0,947.0,6567.0,2925.0,1416.0,479.0,631.0,YCCP,370.0,0.0
2026-05-07T19:18:36,07/05/2026 19:15,50.02,13028.0,980.0,6499.0,2931.0,1375.0,479.0,633.0,RTPS,1720.0,870.0
2026-05-07T19:18:36,07/05/2026 19:15,50.02,13028.0,980.0,6499.0,2931.0,1375.0,479.0,633.0,BTPS,1700.0,1475.0
2026-05-07T19:18:36,07/05/2026 19:15,50.02,13028.0,980.0,6499.0,2931.0,1375.0,479.0,633.0,YTPS,1600.0,586.0
2026-05-07T19:18:36,07/05/2026 19:15,50.02,13028.0,980.0,6499.0,2931.0,1375.0,479.0,633.0,SHARAVATHI,1035.0,583.0
2026-05-07T19:18:36,07/05/2026 19:15,50.02,13028.0,980.0,6499.0,2931.0,1375.0,479.0,633.0,NAGJHARI,900.0,662.0
2026-05-07T19:18:36,07/05/2026 19:15,50.02,13028.0,980.0,6499.0,2931.0,1375.0,479.0,633.0,VARAHI,460.0,130.0
2026-05-07T19:18:36,07/05/2026 19:15,50.02,13028.0,980.0,6499.0,2931.0,1375.0,479.0,633.0,KODSALLI,120.0,117.0
2026-05-07T19:18:36,07/05/2026 19:15,50.02,13028.0,980.0,6499.0,2931.0,1375.0,479.0,633.0,KADRA,150.0,146.0
2026-05-07T19:18:36,07/05/2026 19:15,50.02,13028.0,980.0,6499.0,2931.0,1375.0,479.0,633.0,GERUSOPPA,240.0,218.0
2026-05-07T19:18:36,07/05/2026 19:15,50.02,13028.0,980.0,6499.0,2931.0,1375.0,479.0,633.0,JOG,139.2,64.0
2026-05-07T19:18:36,07/05/2026 19:15,50.02,13028.0,980.0,6499.0,2931.0,1375.0,479.0,633.0,LPH,55.0,12.0
2026-05-07T19:18:36,07/05/2026 19:15,50.02,13028.0,980.0,6499.0,2931.0,1375.0,479.0,633.0,SUPA,100.0,74.0
2026-05-07T19:18:36,07/05/2026 19:15,50.02,13028.0,980.0,6499.0,2931.0,1375.0,479.0,633.0,SHIMSHA,17.2,0.0
2026-05-07T19:18:36,07/05/2026 19:15,50.02,13028.0,980.0,6499.0,2931.0,1375.0,479.0,633.0,SHIVASAMUDRA,42.0,0.0
2026-05-07T19:18:36,07/05/2026 19:15,50.02,13028.0,980.0,6499.0,2931.0,1375.0,479.0,633.0,MANIDAM,9.0,2.0
2026-05-07T19:18:36,07/05/2026 19:15,50.02,13028.0,980.0,6499.0,2931.0,1375.0,479.0,633.0,MUNRABAD,38.0,0.0
2026-05-07T19:18:36,07/05/2026 19:15,50.02,13028.0,980.0,6499.0,2931.0,1375.0,479.0,633.0,BHADRA,39.2,0.0
2026-05-07T19:18:36,07/05/2026 19:15,50.02,13028.0,980.0,6499.0,2931.0,1375.0,479.0,633.0,GHATAPRABHA,32.0,0.0
2026-05-07T19:18:36,07/05/2026 19:15,50.02,13028.0,980.0,6499.0,2931.0,1375.0,479.0,633.0,ALMATTI,290.0,0.0
2026-05-07T19:18:36,07/05/2026 19:15,50.02,13028.0,980.0,6499.0,2931.0,1375.0,479.0,633.0,JINDAL,1460.0,138.0
2026-05-07T19:18:36,07/05/2026 19:15,50.02,13028.0,980.0,6499.0,2931.0,1375.0,479.0,633.0,UPCL,1200.0,479.0
2026-05-07T19:18:36,07/05/2026 19:15,50.02,13028.0,980.0,6499.0,2931.0,1375.0,479.0,633.0,YCCP,370.0,0.0
2026-05-07T19:19:36,07/05/2026 19:15,50.02,13028.0,980.0,6499.0,2931.0,1375.0,479.0,633.0,RTPS,1720.0,870.0
2026-05-07T19:19:36,07/05/2026 19:15,50.02,13028.0,980.0,6499.0,2931.0,1375.0,479.0,633.0,BTPS,1700.0,1475.0
2026-05-07T19:19:36,07/05/2026 19:15,50.02,13028.0,980.0,6499.0,2931.0,1375.0,479.0,633.0,YTPS,1600.0,586.0
2026-05-07T19:19:36,07/05/2026 19:15,50.02,13028.0,980.0,6499.0,2931.0,1375.0,479.0,633.0,SHARAVATHI,1035.0,583.0
2026-05-07T19:19:36,07/05/2026 19:15,50.02,13028.0,980.0,6499.0,2931.0,1375.0,479.0,633.0,NAGJHARI,900.0,662.0
2026-05-07T19:19:36,07/05/2026 19:15,50.02,13028.0,980.0,6499.0,2931.0,1375.0,479.0,633.0,VARAHI,460.0,130.0
2026-05-07T19:19:36,07/05/2026 19:15,50.02,13028.0,980.0,6499.0,2931.0,1375.0,479.0,633.0,KODSALLI,120.0,117.0
2026-05-07T19:19:36,07/05/2026 19:15,50.02,13028.0,980.0,6499.0,2931.0,1375.0,479.0,633.0,KADRA,150.0,146.0
2026-05-07T19:19:36,07/05/2026 19:15,50.02,13028.0,980.0,6499.0,2931.0,1375.0,479.0,633.0,GERUSOPPA,240.0,218.0
2026-05-07T19:19:36,07/05/2026 19:15,50.02,13028.0,980.0,6499.0,2931.0,1375.0,479.0,633.0,JOG,139.2,64.0
2026-05-07T19:19:36,07/05/2026 19:15,50.02,13028.0,980.0,6499.0,2931.0,1375.0,479.0,633.0,LPH,55.0,12.0
2026-05-07T19:19:36,07/05/2026 19:15,50.02,13028.0,980.0,6499.0,2931.0,1375.0,479.0,633.0,SUPA,100.0,74.0
2026-05-07T19:19:36,07/05/2026 19:15,50.02,13028.0,980.0,6499.0,2931.0,1375.0,479.0,633.0,SHIMSHA,17.2,0.0
2026-05-07T19:19:36,07/05/2026 19:15,50.02,13028.0,980.0,6499.0,2931.0,1375.0,479.0,633.0,SHIVASAMUDRA,42.0,0.0
2026-05-07T19:19:36,07/05/2026 19:15,50.02,13028.0,980.0,6499.0,2931.0,1375.0,479.0,633.0,MANIDAM,9.0,2.0
2026-05-07T19:19:36,07/05/2026 19:15,50.02,13028.0,980.0,6499.0,2931.0,1375.0,479.0,633.0,MUNRABAD,38.0,0.0
2026-05-07T19:19:36,07/05/2026 19:15,50.02,13028.0,980.0,6499.0,2931.0,1375.0,479.0,633.0,BHADRA,39.2,0.0
2026-05-07T19:19:36,07/05/2026 19:15,50.02,13028.0,980.0,6499.0,2931.0,1375.0,479.0,633.0,GHATAPRABHA,32.0,0.0
2026-05-07T19:19:36,07/05/2026 19:15,50.02,13028.0,980.0,6499.0,2931.0,1375.0,479.0,633.0,ALMATTI,290.0,0.0
2026-05-07T19:19:36,07/05/2026 19:15,50.02,13028.0,980.0,6499.0,2931.0,1375.0,479.0,633.0,JINDAL,1460.0,138.0
2026-05-07T19:19:36,07/05/2026 19:15,50.02,13028.0,980.0,6499.0,2931.0,1375.0,479.0,633.0,UPCL,1200.0,479.0
2026-05-07T19:19:36,07/05/2026 19:15,50.02,13028.0,980.0,6499.0,2931.0,1375.0,479.0,633.0,YCCP,370.0,0.0
2026-05-07T19:21:03,07/05/2026 19:15,50.02,13028.0,980.0,6499.0,2931.0,1375.0,479.0,633.0,RTPS,1720.0,870.0
2026-05-07T19:21:03,07/05/2026 19:15,50.02,13028.0,980.0,6499.0,2931.0,1375.0,479.0,633.0,BTPS,1700.0,1475.0
2026-05-07T19:21:03,07/05/2026 19:15,50.02,13028.0,980.0,6499.0,2931.0,1375.0,479.0,633.0,YTPS,1600.0,586.0
2026-05-07T19:21:03,07/05/2026 19:15,50.02,13028.0,980.0,6499.0,2931.0,1375.0,479.0,633.0,SHARAVATHI,1035.0,583.0
2026-05-07T19:21:03,07/05/2026 19:15,50.02,13028.0,980.0,6499.0,2931.0,1375.0,479.0,633.0,NAGJHARI,900.0,662.0
2026-05-07T19:21:03,07/05/2026 19:15,50.02,13028.0,980.0,6499.0,2931.0,1375.0,479.0,633.0,VARAHI,460.0,130.0
2026-05-07T19:21:03,07/05/2026 19:15,50.02,13028.0,980.0,6499.0,2931.0,1375.0,479.0,633.0,KODSALLI,120.0,117.0
2026-05-07T19:21:03,07/05/2026 19:15,50.02,13028.0,980.0,6499.0,2931.0,1375.0,479.0,633.0,KADRA,150.0,146.0
2026-05-07T19:21:03,07/05/2026 19:15,50.02,13028.0,980.0,6499.0,2931.0,1375.0,479.0,633.0,GERUSOPPA,240.0,218.0
2026-05-07T19:21:03,07/05/2026 19:15,50.02,13028.0,980.0,6499.0,2931.0,1375.0,479.0,633.0,JOG,139.2,64.0
2026-05-07T19:21:03,07/05/2026 19:15,50.02,13028.0,980.0,6499.0,2931.0,1375.0,479.0,633.0,LPH,55.0,12.0
2026-05-07T19:21:03,07/05/2026 19:15,50.02,13028.0,980.0,6499.0,2931.0,1375.0,479.0,633.0,SUPA,100.0,74.0
2026-05-07T19:21:03,07/05/2026 19:15,50.02,13028.0,980.0,6499.0,2931.0,1375.0,479.0,633.0,SHIMSHA,17.2,0.0
2026-05-07T19:21:03,07/05/2026 19:15,50.02,13028.0,980.0,6499.0,2931.0,1375.0,479.0,633.0,SHIVASAMUDRA,42.0,0.0
2026-05-07T19:21:03,07/05/2026 19:15,50.02,13028.0,980.0,6499.0,2931.0,1375.0,479.0,633.0,MANIDAM,9.0,2.0
2026-05-07T19:21:03,07/05/2026 19:15,50.02,13028.0,980.0,6499.0,2931.0,1375.0,479.0,633.0,MUNRABAD,38.0,0.0
2026-05-07T19:21:03,07/05/2026 19:15,50.02,13028.0,980.0,6499.0,2931.0,1375.0,479.0,633.0,BHADRA,39.2,0.0
2026-05-07T19:21:03,07/05/2026 19:15,50.02,13028.0,980.0,6499.0,2931.0,1375.0,479.0,633.0,GHATAPRABHA,32.0,0.0
2026-05-07T19:21:03,07/05/2026 19:15,50.02,13028.0,980.0,6499.0,2931.0,1375.0,479.0,633.0,ALMATTI,290.0,0.0
2026-05-07T19:21:03,07/05/2026 19:15,50.02,13028.0,980.0,6499.0,2931.0,1375.0,479.0,633.0,JINDAL,1460.0,138.0
2026-05-07T19:21:03,07/05/2026 19:15,50.02,13028.0,980.0,6499.0,2931.0,1375.0,479.0,633.0,UPCL,1200.0,479.0
2026-05-07T19:21:03,07/05/2026 19:15,50.02,13028.0,980.0,6499.0,2931.0,1375.0,479.0,633.0,YCCP,370.0,0.0
2026-05-07T19:22:18,07/05/2026 19:15,50.02,13028.0,980.0,6499.0,2931.0,1375.0,479.0,633.0,RTPS,1720.0,870.0
2026-05-07T19:22:18,07/05/2026 19:15,50.02,13028.0,980.0,6499.0,2931.0,1375.0,479.0,633.0,BTPS,1700.0,1475.0
2026-05-07T19:22:18,07/05/2026 19:15,50.02,13028.0,980.0,6499.0,2931.0,1375.0,479.0,633.0,YTPS,1600.0,586.0
2026-05-07T19:22:18,07/05/2026 19:15,50.02,13028.0,980.0,6499.0,2931.0,1375.0,479.0,633.0,SHARAVATHI,1035.0,583.0
2026-05-07T19:22:18,07/05/2026 19:15,50.02,13028.0,980.0,6499.0,2931.0,1375.0,479.0,633.0,NAGJHARI,900.0,662.0
2026-05-07T19:22:18,07/05/2026 19:15,50.02,13028.0,980.0,6499.0,2931.0,1375.0,479.0,633.0,VARAHI,460.0,130.0
2026-05-07T19:22:18,07/05/2026 19:15,50.02,13028.0,980.0,6499.0,2931.0,1375.0,479.0,633.0,KODSALLI,120.0,117.0
2026-05-07T19:22:18,07/05/2026 19:15,50.02,13028.0,980.0,6499.0,2931.0,1375.0,479.0,633.0,KADRA,150.0,146.0
2026-05-07T19:22:18,07/05/2026 19:15,50.02,13028.0,980.0,6499.0,2931.0,1375.0,479.0,633.0,GERUSOPPA,240.0,218.0
2026-05-07T19:22:18,07/05/2026 19:15,50.02,13028.0,980.0,6499.0,2931.0,1375.0,479.0,633.0,JOG,139.2,64.0
2026-05-07T19:22:18,07/05/2026 19:15,50.02,13028.0,980.0,6499.0,2931.0,1375.0,479.0,633.0,LPH,55.0,12.0
2026-05-07T19:22:18,07/05/2026 19:15,50.02,13028.0,980.0,6499.0,2931.0,1375.0,479.0,633.0,SUPA,100.0,74.0
2026-05-07T19:22:18,07/05/2026 19:15,50.02,13028.0,980.0,6499.0,2931.0,1375.0,479.0,633.0,SHIMSHA,17.2,0.0
2026-05-07T19:22:18,07/05/2026 19:15,50.02,13028.0,980.0,6499.0,2931.0,1375.0,479.0,633.0,SHIVASAMUDRA,42.0,0.0
2026-05-07T19:22:18,07/05/2026 19:15,50.02,13028.0,980.0,6499.0,2931.0,1375.0,479.0,633.0,MANIDAM,9.0,2.0
2026-05-07T19:22:18,07/05/2026 19:15,50.02,13028.0,980.0,6499.0,2931.0,1375.0,479.0,633.0,MUNRABAD,38.0,0.0
2026-05-07T19:22:18,07/05/2026 19:15,50.02,13028.0,980.0,6499.0,2931.0,1375.0,479.0,633.0,BHADRA,39.2,0.0
2026-05-07T19:22:18,07/05/2026 19:15,50.02,13028.0,980.0,6499.0,2931.0,1375.0,479.0,633.0,GHATAPRABHA,32.0,0.0
2026-05-07T19:22:18,07/05/2026 19:15,50.02,13028.0,980.0,6499.0,2931.0,1375.0,479.0,633.0,ALMATTI,290.0,0.0
2026-05-07T19:22:18,07/05/2026 19:15,50.02,13028.0,980.0,6499.0,2931.0,1375.0,479.0,633.0,JINDAL,1460.0,138.0
2026-05-07T19:22:18,07/05/2026 19:15,50.02,13028.0,980.0,6499.0,2931.0,1375.0,479.0,633.0,UPCL,1200.0,479.0
2026-05-07T19:22:18,07/05/2026 19:15,50.02,13028.0,980.0,6499.0,2931.0,1375.0,479.0,633.0,YCCP,370.0,0.0
2026-05-07T19:23:18,07/05/2026 19:15,50.02,13028.0,980.0,6499.0,2931.0,1375.0,479.0,633.0,RTPS,1720.0,870.0
2026-05-07T19:23:18,07/05/2026 19:15,50.02,13028.0,980.0,6499.0,2931.0,1375.0,479.0,633.0,BTPS,1700.0,1475.0
2026-05-07T19:23:18,07/05/2026 19:15,50.02,13028.0,980.0,6499.0,2931.0,1375.0,479.0,633.0,YTPS,1600.0,586.0
2026-05-07T19:23:18,07/05/2026 19:15,50.02,13028.0,980.0,6499.0,2931.0,1375.0,479.0,633.0,SHARAVATHI,1035.0,583.0
2026-05-07T19:23:18,07/05/2026 19:15,50.02,13028.0,980.0,6499.0,2931.0,1375.0,479.0,633.0,NAGJHARI,900.0,662.0
2026-05-07T19:23:18,07/05/2026 19:15,50.02,13028.0,980.0,6499.0,2931.0,1375.0,479.0,633.0,VARAHI,460.0,130.0
2026-05-07T19:23:18,07/05/2026 19:15,50.02,13028.0,980.0,6499.0,2931.0,1375.0,479.0,633.0,KODSALLI,120.0,117.0
2026-05-07T19:23:18,07/05/2026 19:15,50.02,13028.0,980.0,6499.0,2931.0,1375.0,479.0,633.0,KADRA,150.0,146.0
2026-05-07T19:23:18,07/05/2026 19:15,50.02,13028.0,980.0,6499.0,2931.0,1375.0,479.0,633.0,GERUSOPPA,240.0,218.0
2026-05-07T19:23:18,07/05/2026 19:15,50.02,13028.0,980.0,6499.0,2931.0,1375.0,479.0,633.0,JOG,139.2,64.0
2026-05-07T19:23:18,07/05/2026 19:15,50.02,13028.0,980.0,6499.0,2931.0,1375.0,479.0,633.0,LPH,55.0,12.0
2026-05-07T19:23:18,07/05/2026 19:15,50.02,13028.0,980.0,6499.0,2931.0,1375.0,479.0,633.0,SUPA,100.0,74.0
2026-05-07T19:23:18,07/05/2026 19:15,50.02,13028.0,980.0,6499.0,2931.0,1375.0,479.0,633.0,SHIMSHA,17.2,0.0
2026-05-07T19:23:18,07/05/2026 19:15,50.02,13028.0,980.0,6499.0,2931.0,1375.0,479.0,633.0,SHIVASAMUDRA,42.0,0.0
2026-05-07T19:23:18,07/05/2026 19:15,50.02,13028.0,980.0,6499.0,2931.0,1375.0,479.0,633.0,MANIDAM,9.0,2.0
2026-05-07T19:23:18,07/05/2026 19:15,50.02,13028.0,980.0,6499.0,2931.0,1375.0,479.0,633.0,MUNRABAD,38.0,0.0
2026-05-07T19:23:18,07/05/2026 19:15,50.02,13028.0,980.0,6499.0,2931.0,1375.0,479.0,633.0,BHADRA,39.2,0.0
2026-05-07T19:23:18,07/05/2026 19:15,50.02,13028.0,980.0,6499.0,2931.0,1375.0,479.0,633.0,GHATAPRABHA,32.0,0.0
2026-05-07T19:23:18,07/05/2026 19:15,50.02,13028.0,980.0,6499.0,2931.0,1375.0,479.0,633.0,ALMATTI,290.0,0.0
2026-05-07T19:23:18,07/05/2026 19:15,50.02,13028.0,980.0,6499.0,2931.0,1375.0,479.0,633.0,JINDAL,1460.0,138.0
2026-05-07T19:23:18,07/05/2026 19:15,50.02,13028.0,980.0,6499.0,2931.0,1375.0,479.0,633.0,UPCL,1200.0,479.0
2026-05-07T19:23:18,07/05/2026 19:15,50.02,13028.0,980.0,6499.0,2931.0,1375.0,479.0,633.0,YCCP,370.0,0.0
2026-05-07T19:24:18,07/05/2026 19:20,49.99,13043.0,1026.0,6473.0,2938.0,1377.0,481.0,634.0,RTPS,1720.0,873.0
2026-05-07T19:24:18,07/05/2026 19:20,49.99,13043.0,1026.0,6473.0,2938.0,1377.0,481.0,634.0,BTPS,1700.0,1479.0
2026-05-07T19:24:18,07/05/2026 19:20,49.99,13043.0,1026.0,6473.0,2938.0,1377.0,481.0,634.0,YTPS,1600.0,586.0
2026-05-07T19:24:18,07/05/2026 19:20,49.99,13043.0,1026.0,6473.0,2938.0,1377.0,481.0,634.0,SHARAVATHI,1035.0,579.0
2026-05-07T19:24:18,07/05/2026 19:20,49.99,13043.0,1026.0,6473.0,2938.0,1377.0,481.0,634.0,NAGJHARI,900.0,668.0
2026-05-07T19:24:18,07/05/2026 19:20,49.99,13043.0,1026.0,6473.0,2938.0,1377.0,481.0,634.0,VARAHI,460.0,130.0
2026-05-07T19:24:18,07/05/2026 19:20,49.99,13043.0,1026.0,6473.0,2938.0,1377.0,481.0,634.0,KODSALLI,120.0,117.0
2026-05-07T19:24:18,07/05/2026 19:20,49.99,13043.0,1026.0,6473.0,2938.0,1377.0,481.0,634.0,KADRA,150.0,146.0
2026-05-07T19:24:18,07/05/2026 19:20,49.99,13043.0,1026.0,6473.0,2938.0,1377.0,481.0,634.0,GERUSOPPA,240.0,219.0
2026-05-07T19:24:18,07/05/2026 19:20,49.99,13043.0,1026.0,6473.0,2938.0,1377.0,481.0,634.0,JOG,139.2,64.0
2026-05-07T19:24:18,07/05/2026 19:20,49.99,13043.0,1026.0,6473.0,2938.0,1377.0,481.0,634.0,LPH,55.0,12.0
2026-05-07T19:24:18,07/05/2026 19:20,49.99,13043.0,1026.0,6473.0,2938.0,1377.0,481.0,634.0,SUPA,100.0,74.0
2026-05-07T19:24:18,07/05/2026 19:20,49.99,13043.0,1026.0,6473.0,2938.0,1377.0,481.0,634.0,SHIMSHA,17.2,0.0
2026-05-07T19:24:18,07/05/2026 19:20,49.99,13043.0,1026.0,6473.0,2938.0,1377.0,481.0,634.0,SHIVASAMUDRA,42.0,0.0
2026-05-07T19:24:18,07/05/2026 19:20,49.99,13043.0,1026.0,6473.0,2938.0,1377.0,481.0,634.0,MANIDAM,9.0,2.0
2026-05-07T19:24:18,07/05/2026 19:20,49.99,13043.0,1026.0,6473.0,2938.0,1377.0,481.0,634.0,MUNRABAD,38.0,0.0
2026-05-07T19:24:18,07/05/2026 19:20,49.99,13043.0,1026.0,6473.0,2938.0,1377.0,481.0,634.0,BHADRA,39.2,0.0
2026-05-07T19:24:18,07/05/2026 19:20,49.99,13043.0,1026.0,6473.0,2938.0,1377.0,481.0,634.0,GHATAPRABHA,32.0,0.0
2026-05-07T19:24:18,07/05/2026 19:20,49.99,13043.0,1026.0,6473.0,2938.0,1377.0,481.0,634.0,ALMATTI,290.0,0.0
2026-05-07T19:24:18,07/05/2026 19:20,49.99,13043.0,1026.0,6473.0,2938.0,1377.0,481.0,634.0,JINDAL,1460.0,124.0
2026-05-07T19:24:18,07/05/2026 19:20,49.99,13043.0,1026.0,6473.0,2938.0,1377.0,481.0,634.0,UPCL,1200.0,481.0
2026-05-07T19:24:18,07/05/2026 19:20,49.99,13043.0,1026.0,6473.0,2938.0,1377.0,481.0,634.0,YCCP,370.0,0.0
2026-05-07T19:25:18,07/05/2026 19:20,49.99,13043.0,1026.0,6473.0,2938.0,1377.0,481.0,634.0,RTPS,1720.0,873.0
2026-05-07T19:25:18,07/05/2026 19:20,49.99,13043.0,1026.0,6473.0,2938.0,1377.0,481.0,634.0,BTPS,1700.0,1479.0
2026-05-07T19:25:18,07/05/2026 19:20,49.99,13043.0,1026.0,6473.0,2938.0,1377.0,481.0,634.0,YTPS,1600.0,586.0
2026-05-07T19:25:18,07/05/2026 19:20,49.99,13043.0,1026.0,6473.0,2938.0,1377.0,481.0,634.0,SHARAVATHI,1035.0,579.0
2026-05-07T19:25:18,07/05/2026 19:20,49.99,13043.0,1026.0,6473.0,2938.0,1377.0,481.0,634.0,NAGJHARI,900.0,668.0
2026-05-07T19:25:18,07/05/2026 19:20,49.99,13043.0,1026.0,6473.0,2938.0,1377.0,481.0,634.0,VARAHI,460.0,130.0
2026-05-07T19:25:18,07/05/2026 19:20,49.99,13043.0,1026.0,6473.0,2938.0,1377.0,481.0,634.0,KODSALLI,120.0,117.0
2026-05-07T19:25:18,07/05/2026 19:20,49.99,13043.0,1026.0,6473.0,2938.0,1377.0,481.0,634.0,KADRA,150.0,146.0
2026-05-07T19:25:18,07/05/2026 19:20,49.99,13043.0,1026.0,6473.0,2938.0,1377.0,481.0,634.0,GERUSOPPA,240.0,219.0
2026-05-07T19:25:18,07/05/2026 19:20,49.99,13043.0,1026.0,6473.0,2938.0,1377.0,481.0,634.0,JOG,139.2,64.0
2026-05-07T19:25:18,07/05/2026 19:20,49.99,13043.0,1026.0,6473.0,2938.0,1377.0,481.0,634.0,LPH,55.0,12.0
2026-05-07T19:25:18,07/05/2026 19:20,49.99,13043.0,1026.0,6473.0,2938.0,1377.0,481.0,634.0,SUPA,100.0,74.0
2026-05-07T19:25:18,07/05/2026 19:20,49.99,13043.0,1026.0,6473.0,2938.0,1377.0,481.0,634.0,SHIMSHA,17.2,0.0
2026-05-07T19:25:18,07/05/2026 19:20,49.99,13043.0,1026.0,6473.0,2938.0,1377.0,481.0,634.0,SHIVASAMUDRA,42.0,0.0
2026-05-07T19:25:18,07/05/2026 19:20,49.99,13043.0,1026.0,6473.0,2938.0,1377.0,481.0,634.0,MANIDAM,9.0,2.0
2026-05-07T19:25:18,07/05/2026 19:20,49.99,13043.0,1026.0,6473.0,2938.0,1377.0,481.0,634.0,MUNRABAD,38.0,0.0
2026-05-07T19:25:18,07/05/2026 19:20,49.99,13043.0,1026.0,6473.0,2938.0,1377.0,481.0,634.0,BHADRA,39.2,0.0
2026-05-07T19:25:18,07/05/2026 19:20,49.99,13043.0,1026.0,6473.0,2938.0,1377.0,481.0,634.0,GHATAPRABHA,32.0,0.0
2026-05-07T19:25:18,07/05/2026 19:20,49.99,13043.0,1026.0,6473.0,2938.0,1377.0,481.0,634.0,ALMATTI,290.0,0.0
2026-05-07T19:25:18,07/05/2026 19:20,49.99,13043.0,1026.0,6473.0,2938.0,1377.0,481.0,634.0,JINDAL,1460.0,124.0
2026-05-07T19:25:18,07/05/2026 19:20,49.99,13043.0,1026.0,6473.0,2938.0,1377.0,481.0,634.0,UPCL,1200.0,481.0
2026-05-07T19:25:18,07/05/2026 19:20,49.99,13043.0,1026.0,6473.0,2938.0,1377.0,481.0,634.0,YCCP,370.0,0.0
2026-05-07T19:26:18,07/05/2026 19:20,49.99,13043.0,1026.0,6473.0,2938.0,1377.0,481.0,634.0,RTPS,1720.0,873.0
2026-05-07T19:26:18,07/05/2026 19:20,49.99,13043.0,1026.0,6473.0,2938.0,1377.0,481.0,634.0,BTPS,1700.0,1479.0
2026-05-07T19:26:18,07/05/2026 19:20,49.99,13043.0,1026.0,6473.0,2938.0,1377.0,481.0,634.0,YTPS,1600.0,586.0
2026-05-07T19:26:18,07/05/2026 19:20,49.99,13043.0,1026.0,6473.0,2938.0,1377.0,481.0,634.0,SHARAVATHI,1035.0,579.0
2026-05-07T19:26:18,07/05/2026 19:20,49.99,13043.0,1026.0,6473.0,2938.0,1377.0,481.0,634.0,NAGJHARI,900.0,668.0
2026-05-07T19:26:18,07/05/2026 19:20,49.99,13043.0,1026.0,6473.0,2938.0,1377.0,481.0,634.0,VARAHI,460.0,130.0
2026-05-07T19:26:18,07/05/2026 19:20,49.99,13043.0,1026.0,6473.0,2938.0,1377.0,481.0,634.0,KODSALLI,120.0,117.0
2026-05-07T19:26:18,07/05/2026 19:20,49.99,13043.0,1026.0,6473.0,2938.0,1377.0,481.0,634.0,KADRA,150.0,146.0
2026-05-07T19:26:18,07/05/2026 19:20,49.99,13043.0,1026.0,6473.0,2938.0,1377.0,481.0,634.0,GERUSOPPA,240.0,219.0
2026-05-07T19:26:18,07/05/2026 19:20,49.99,13043.0,1026.0,6473.0,2938.0,1377.0,481.0,634.0,JOG,139.2,64.0
2026-05-07T19:26:18,07/05/2026 19:20,49.99,13043.0,1026.0,6473.0,2938.0,1377.0,481.0,634.0,LPH,55.0,12.0
2026-05-07T19:26:18,07/05/2026 19:20,49.99,13043.0,1026.0,6473.0,2938.0,1377.0,481.0,634.0,SUPA,100.0,74.0
2026-05-07T19:26:18,07/05/2026 19:20,49.99,13043.0,1026.0,6473.0,2938.0,1377.0,481.0,634.0,SHIMSHA,17.2,0.0
2026-05-07T19:26:18,07/05/2026 19:20,49.99,13043.0,1026.0,6473.0,2938.0,1377.0,481.0,634.0,SHIVASAMUDRA,42.0,0.0
2026-05-07T19:26:18,07/05/2026 19:20,49.99,13043.0,1026.0,6473.0,2938.0,1377.0,481.0,634.0,MANIDAM,9.0,2.0
2026-05-07T19:26:18,07/05/2026 19:20,49.99,13043.0,1026.0,6473.0,2938.0,1377.0,481.0,634.0,MUNRABAD,38.0,0.0
2026-05-07T19:26:18,07/05/2026 19:20,49.99,13043.0,1026.0,6473.0,2938.0,1377.0,481.0,634.0,BHADRA,39.2,0.0
2026-05-07T19:26:18,07/05/2026 19:20,49.99,13043.0,1026.0,6473.0,2938.0,1377.0,481.0,634.0,GHATAPRABHA,32.0,0.0
2026-05-07T19:26:18,07/05/2026 19:20,49.99,13043.0,1026.0,6473.0,2938.0,1377.0,481.0,634.0,ALMATTI,290.0,0.0
2026-05-07T19:26:18,07/05/2026 19:20,49.99,13043.0,1026.0,6473.0,2938.0,1377.0,481.0,634.0,JINDAL,1460.0,124.0
2026-05-07T19:26:18,07/05/2026 19:20,49.99,13043.0,1026.0,6473.0,2938.0,1377.0,481.0,634.0,UPCL,1200.0,481.0
2026-05-07T19:26:18,07/05/2026 19:20,49.99,13043.0,1026.0,6473.0,2938.0,1377.0,481.0,634.0,YCCP,370.0,0.0
2026-05-07T19:27:18,07/05/2026 19:20,49.99,13043.0,1026.0,6473.0,2938.0,1377.0,481.0,634.0,RTPS,1720.0,873.0
2026-05-07T19:27:18,07/05/2026 19:20,49.99,13043.0,1026.0,6473.0,2938.0,1377.0,481.0,634.0,BTPS,1700.0,1479.0
2026-05-07T19:27:18,07/05/2026 19:20,49.99,13043.0,1026.0,6473.0,2938.0,1377.0,481.0,634.0,YTPS,1600.0,586.0
2026-05-07T19:27:18,07/05/2026 19:20,49.99,13043.0,1026.0,6473.0,2938.0,1377.0,481.0,634.0,SHARAVATHI,1035.0,579.0
2026-05-07T19:27:18,07/05/2026 19:20,49.99,13043.0,1026.0,6473.0,2938.0,1377.0,481.0,634.0,NAGJHARI,900.0,668.0
2026-05-07T19:27:18,07/05/2026 19:20,49.99,13043.0,1026.0,6473.0,2938.0,1377.0,481.0,634.0,VARAHI,460.0,130.0
2026-05-07T19:27:18,07/05/2026 19:20,49.99,13043.0,1026.0,6473.0,2938.0,1377.0,481.0,634.0,KODSALLI,120.0,117.0
2026-05-07T19:27:18,07/05/2026 19:20,49.99,13043.0,1026.0,6473.0,2938.0,1377.0,481.0,634.0,KADRA,150.0,146.0
2026-05-07T19:27:18,07/05/2026 19:20,49.99,13043.0,1026.0,6473.0,2938.0,1377.0,481.0,634.0,GERUSOPPA,240.0,219.0
2026-05-07T19:27:18,07/05/2026 19:20,49.99,13043.0,1026.0,6473.0,2938.0,1377.0,481.0,634.0,JOG,139.2,64.0
2026-05-07T19:27:18,07/05/2026 19:20,49.99,13043.0,1026.0,6473.0,2938.0,1377.0,481.0,634.0,LPH,55.0,12.0
2026-05-07T19:27:18,07/05/2026 19:20,49.99,13043.0,1026.0,6473.0,2938.0,1377.0,481.0,634.0,SUPA,100.0,74.0
2026-05-07T19:27:18,07/05/2026 19:20,49.99,13043.0,1026.0,6473.0,2938.0,1377.0,481.0,634.0,SHIMSHA,17.2,0.0
2026-05-07T19:27:18,07/05/2026 19:20,49.99,13043.0,1026.0,6473.0,2938.0,1377.0,481.0,634.0,SHIVASAMUDRA,42.0,0.0
2026-05-07T19:27:18,07/05/2026 19:20,49.99,13043.0,1026.0,6473.0,2938.0,1377.0,481.0,634.0,MANIDAM,9.0,2.0
2026-05-07T19:27:18,07/05/2026 19:20,49.99,13043.0,1026.0,6473.0,2938.0,1377.0,481.0,634.0,MUNRABAD,38.0,0.0
2026-05-07T19:27:18,07/05/2026 19:20,49.99,13043.0,1026.0,6473.0,2938.0,1377.0,481.0,634.0,BHADRA,39.2,0.0
2026-05-07T19:27:18,07/05/2026 19:20,49.99,13043.0,1026.0,6473.0,2938.0,1377.0,481.0,634.0,GHATAPRABHA,32.0,0.0
2026-05-07T19:27:18,07/05/2026 19:20,49.99,13043.0,1026.0,6473.0,2938.0,1377.0,481.0,634.0,ALMATTI,290.0,0.0
2026-05-07T19:27:18,07/05/2026 19:20,49.99,13043.0,1026.0,6473.0,2938.0,1377.0,481.0,634.0,JINDAL,1460.0,124.0
2026-05-07T19:27:18,07/05/2026 19:20,49.99,13043.0,1026.0,6473.0,2938.0,1377.0,481.0,634.0,UPCL,1200.0,481.0
2026-05-07T19:27:18,07/05/2026 19:20,49.99,13043.0,1026.0,6473.0,2938.0,1377.0,481.0,634.0,YCCP,370.0,0.0
2026-05-07T19:28:18,07/05/2026 19:25,50.0,13064.0,1081.0,6422.0,2934.0,1372.0,481.0,633.0,RTPS,1720.0,869.0
2026-05-07T19:28:18,07/05/2026 19:25,50.0,13064.0,1081.0,6422.0,2934.0,1372.0,481.0,633.0,BTPS,1700.0,1480.0
2026-05-07T19:28:18,07/05/2026 19:25,50.0,13064.0,1081.0,6422.0,2934.0,1372.0,481.0,633.0,YTPS,1600.0,585.0
2026-05-07T19:28:18,07/05/2026 19:25,50.0,13064.0,1081.0,6422.0,2934.0,1372.0,481.0,633.0,SHARAVATHI,1035.0,580.0
2026-05-07T19:28:18,07/05/2026 19:25,50.0,13064.0,1081.0,6422.0,2934.0,1372.0,481.0,633.0,NAGJHARI,900.0,662.0
2026-05-07T19:28:18,07/05/2026 19:25,50.0,13064.0,1081.0,6422.0,2934.0,1372.0,481.0,633.0,VARAHI,460.0,130.0
2026-05-07T19:28:18,07/05/2026 19:25,50.0,13064.0,1081.0,6422.0,2934.0,1372.0,481.0,633.0,KODSALLI,120.0,116.0
2026-05-07T19:28:18,07/05/2026 19:25,50.0,13064.0,1081.0,6422.0,2934.0,1372.0,481.0,633.0,KADRA,150.0,146.0
2026-05-07T19:28:18,07/05/2026 19:25,50.0,13064.0,1081.0,6422.0,2934.0,1372.0,481.0,633.0,GERUSOPPA,240.0,219.0
2026-05-07T19:28:18,07/05/2026 19:25,50.0,13064.0,1081.0,6422.0,2934.0,1372.0,481.0,633.0,JOG,139.2,64.0
2026-05-07T19:28:18,07/05/2026 19:25,50.0,13064.0,1081.0,6422.0,2934.0,1372.0,481.0,633.0,LPH,55.0,13.0
2026-05-07T19:28:18,07/05/2026 19:25,50.0,13064.0,1081.0,6422.0,2934.0,1372.0,481.0,633.0,SUPA,100.0,74.0
2026-05-07T19:28:18,07/05/2026 19:25,50.0,13064.0,1081.0,6422.0,2934.0,1372.0,481.0,633.0,SHIMSHA,17.2,0.0
2026-05-07T19:28:18,07/05/2026 19:25,50.0,13064.0,1081.0,6422.0,2934.0,1372.0,481.0,633.0,SHIVASAMUDRA,42.0,0.0
2026-05-07T19:28:18,07/05/2026 19:25,50.0,13064.0,1081.0,6422.0,2934.0,1372.0,481.0,633.0,MANIDAM,9.0,1.0
2026-05-07T19:28:18,07/05/2026 19:25,50.0,13064.0,1081.0,6422.0,2934.0,1372.0,481.0,633.0,MUNRABAD,38.0,0.0
2026-05-07T19:28:18,07/05/2026 19:25,50.0,13064.0,1081.0,6422.0,2934.0,1372.0,481.0,633.0,BHADRA,39.2,0.0
2026-05-07T19:28:18,07/05/2026 19:25,50.0,13064.0,1081.0,6422.0,2934.0,1372.0,481.0,633.0,GHATAPRABHA,32.0,0.0
2026-05-07T19:28:18,07/05/2026 19:25,50.0,13064.0,1081.0,6422.0,2934.0,1372.0,481.0,633.0,ALMATTI,290.0,0.0
2026-05-07T19:28:18,07/05/2026 19:25,50.0,13064.0,1081.0,6422.0,2934.0,1372.0,481.0,633.0,JINDAL,1460.0,107.0
2026-05-07T19:28:18,07/05/2026 19:25,50.0,13064.0,1081.0,6422.0,2934.0,1372.0,481.0,633.0,UPCL,1200.0,481.0
2026-05-07T19:28:18,07/05/2026 19:25,50.0,13064.0,1081.0,6422.0,2934.0,1372.0,481.0,633.0,YCCP,370.0,0.0
2026-05-07T19:29:19,07/05/2026 19:25,50.0,13064.0,1081.0,6422.0,2934.0,1372.0,481.0,633.0,RTPS,1720.0,869.0
2026-05-07T19:29:19,07/05/2026 19:25,50.0,13064.0,1081.0,6422.0,2934.0,1372.0,481.0,633.0,BTPS,1700.0,1480.0
2026-05-07T19:29:19,07/05/2026 19:25,50.0,13064.0,1081.0,6422.0,2934.0,1372.0,481.0,633.0,YTPS,1600.0,585.0
2026-05-07T19:29:19,07/05/2026 19:25,50.0,13064.0,1081.0,6422.0,2934.0,1372.0,481.0,633.0,SHARAVATHI,1035.0,580.0
2026-05-07T19:29:19,07/05/2026 19:25,50.0,13064.0,1081.0,6422.0,2934.0,1372.0,481.0,633.0,NAGJHARI,900.0,662.0
2026-05-07T19:29:19,07/05/2026 19:25,50.0,13064.0,1081.0,6422.0,2934.0,1372.0,481.0,633.0,VARAHI,460.0,130.0
2026-05-07T19:29:19,07/05/2026 19:25,50.0,13064.0,1081.0,6422.0,2934.0,1372.0,481.0,633.0,KODSALLI,120.0,116.0
2026-05-07T19:29:19,07/05/2026 19:25,50.0,13064.0,1081.0,6422.0,2934.0,1372.0,481.0,633.0,KADRA,150.0,146.0
2026-05-07T19:29:19,07/05/2026 19:25,50.0,13064.0,1081.0,6422.0,2934.0,1372.0,481.0,633.0,GERUSOPPA,240.0,219.0
2026-05-07T19:29:19,07/05/2026 19:25,50.0,13064.0,1081.0,6422.0,2934.0,1372.0,481.0,633.0,JOG,139.2,64.0
2026-05-07T19:29:19,07/05/2026 19:25,50.0,13064.0,1081.0,6422.0,2934.0,1372.0,481.0,633.0,LPH,55.0,13.0
2026-05-07T19:29:19,07/05/2026 19:25,50.0,13064.0,1081.0,6422.0,2934.0,1372.0,481.0,633.0,SUPA,100.0,74.0
2026-05-07T19:29:19,07/05/2026 19:25,50.0,13064.0,1081.0,6422.0,2934.0,1372.0,481.0,633.0,SHIMSHA,17.2,0.0
2026-05-07T19:29:19,07/05/2026 19:25,50.0,13064.0,1081.0,6422.0,2934.0,1372.0,481.0,633.0,SHIVASAMUDRA,42.0,0.0
2026-05-07T19:29:19,07/05/2026 19:25,50.0,13064.0,1081.0,6422.0,2934.0,1372.0,481.0,633.0,MANIDAM,9.0,1.0
2026-05-07T19:29:19,07/05/2026 19:25,50.0,13064.0,1081.0,6422.0,2934.0,1372.0,481.0,633.0,MUNRABAD,38.0,0.0
2026-05-07T19:29:19,07/05/2026 19:25,50.0,13064.0,1081.0,6422.0,2934.0,1372.0,481.0,633.0,BHADRA,39.2,0.0
2026-05-07T19:29:19,07/05/2026 19:25,50.0,13064.0,1081.0,6422.0,2934.0,1372.0,481.0,633.0,GHATAPRABHA,32.0,0.0
2026-05-07T19:29:19,07/05/2026 19:25,50.0,13064.0,1081.0,6422.0,2934.0,1372.0,481.0,633.0,ALMATTI,290.0,0.0
2026-05-07T19:29:19,07/05/2026 19:25,50.0,13064.0,1081.0,6422.0,2934.0,1372.0,481.0,633.0,JINDAL,1460.0,107.0
2026-05-07T19:29:19,07/05/2026 19:25,50.0,13064.0,1081.0,6422.0,2934.0,1372.0,481.0,633.0,UPCL,1200.0,481.0
2026-05-07T19:29:19,07/05/2026 19:25,50.0,13064.0,1081.0,6422.0,2934.0,1372.0,481.0,633.0,YCCP,370.0,0.0
2026-05-07T19:30:18,07/05/2026 19:25,50.0,13064.0,1081.0,6422.0,2934.0,1372.0,481.0,633.0,RTPS,1720.0,869.0
2026-05-07T19:30:18,07/05/2026 19:25,50.0,13064.0,1081.0,6422.0,2934.0,1372.0,481.0,633.0,BTPS,1700.0,1480.0
2026-05-07T19:30:18,07/05/2026 19:25,50.0,13064.0,1081.0,6422.0,2934.0,1372.0,481.0,633.0,YTPS,1600.0,585.0
2026-05-07T19:30:18,07/05/2026 19:25,50.0,13064.0,1081.0,6422.0,2934.0,1372.0,481.0,633.0,SHARAVATHI,1035.0,580.0
2026-05-07T19:30:18,07/05/2026 19:25,50.0,13064.0,1081.0,6422.0,2934.0,1372.0,481.0,633.0,NAGJHARI,900.0,662.0
2026-05-07T19:30:18,07/05/2026 19:25,50.0,13064.0,1081.0,6422.0,2934.0,1372.0,481.0,633.0,VARAHI,460.0,130.0
2026-05-07T19:30:18,07/05/2026 19:25,50.0,13064.0,1081.0,6422.0,2934.0,1372.0,481.0,633.0,KODSALLI,120.0,116.0
2026-05-07T19:30:18,07/05/2026 19:25,50.0,13064.0,1081.0,6422.0,2934.0,1372.0,481.0,633.0,KADRA,150.0,146.0
2026-05-07T19:30:18,07/05/2026 19:25,50.0,13064.0,1081.0,6422.0,2934.0,1372.0,481.0,633.0,GERUSOPPA,240.0,219.0
2026-05-07T19:30:18,07/05/2026 19:25,50.0,13064.0,1081.0,6422.0,2934.0,1372.0,481.0,633.0,JOG,139.2,64.0
2026-05-07T19:30:18,07/05/2026 19:25,50.0,13064.0,1081.0,6422.0,2934.0,1372.0,481.0,633.0,LPH,55.0,13.0
2026-05-07T19:30:18,07/05/2026 19:25,50.0,13064.0,1081.0,6422.0,2934.0,1372.0,481.0,633.0,SUPA,100.0,74.0
2026-05-07T19:30:18,07/05/2026 19:25,50.0,13064.0,1081.0,6422.0,2934.0,1372.0,481.0,633.0,SHIMSHA,17.2,0.0
2026-05-07T19:30:18,07/05/2026 19:25,50.0,13064.0,1081.0,6422.0,2934.0,1372.0,481.0,633.0,SHIVASAMUDRA,42.0,0.0
2026-05-07T19:30:18,07/05/2026 19:25,50.0,13064.0,1081.0,6422.0,2934.0,1372.0,481.0,633.0,MANIDAM,9.0,1.0
2026-05-07T19:30:18,07/05/2026 19:25,50.0,13064.0,1081.0,6422.0,2934.0,1372.0,481.0,633.0,MUNRABAD,38.0,0.0
2026-05-07T19:30:18,07/05/2026 19:25,50.0,13064.0,1081.0,6422.0,2934.0,1372.0,481.0,633.0,BHADRA,39.2,0.0
2026-05-07T19:30:18,07/05/2026 19:25,50.0,13064.0,1081.0,6422.0,2934.0,1372.0,481.0,633.0,GHATAPRABHA,32.0,0.0
2026-05-07T19:30:18,07/05/2026 19:25,50.0,13064.0,1081.0,6422.0,2934.0,1372.0,481.0,633.0,ALMATTI,290.0,0.0
2026-05-07T19:30:18,07/05/2026 19:25,50.0,13064.0,1081.0,6422.0,2934.0,1372.0,481.0,633.0,JINDAL,1460.0,107.0
2026-05-07T19:30:18,07/05/2026 19:25,50.0,13064.0,1081.0,6422.0,2934.0,1372.0,481.0,633.0,UPCL,1200.0,481.0
2026-05-07T19:30:18,07/05/2026 19:25,50.0,13064.0,1081.0,6422.0,2934.0,1372.0,481.0,633.0,YCCP,370.0,0.0
2026-05-07T19:31:19,07/05/2026 19:25,50.0,13064.0,1081.0,6422.0,2934.0,1372.0,481.0,633.0,RTPS,1720.0,869.0
2026-05-07T19:31:19,07/05/2026 19:25,50.0,13064.0,1081.0,6422.0,2934.0,1372.0,481.0,633.0,BTPS,1700.0,1480.0
2026-05-07T19:31:19,07/05/2026 19:25,50.0,13064.0,1081.0,6422.0,2934.0,1372.0,481.0,633.0,YTPS,1600.0,585.0
2026-05-07T19:31:19,07/05/2026 19:25,50.0,13064.0,1081.0,6422.0,2934.0,1372.0,481.0,633.0,SHARAVATHI,1035.0,580.0
2026-05-07T19:31:19,07/05/2026 19:25,50.0,13064.0,1081.0,6422.0,2934.0,1372.0,481.0,633.0,NAGJHARI,900.0,662.0
2026-05-07T19:31:19,07/05/2026 19:25,50.0,13064.0,1081.0,6422.0,2934.0,1372.0,481.0,633.0,VARAHI,460.0,130.0
2026-05-07T19:31:19,07/05/2026 19:25,50.0,13064.0,1081.0,6422.0,2934.0,1372.0,481.0,633.0,KODSALLI,120.0,116.0
2026-05-07T19:31:19,07/05/2026 19:25,50.0,13064.0,1081.0,6422.0,2934.0,1372.0,481.0,633.0,KADRA,150.0,146.0
2026-05-07T19:31:19,07/05/2026 19:25,50.0,13064.0,1081.0,6422.0,2934.0,1372.0,481.0,633.0,GERUSOPPA,240.0,219.0
2026-05-07T19:31:19,07/05/2026 19:25,50.0,13064.0,1081.0,6422.0,2934.0,1372.0,481.0,633.0,JOG,139.2,64.0
2026-05-07T19:31:19,07/05/2026 19:25,50.0,13064.0,1081.0,6422.0,2934.0,1372.0,481.0,633.0,LPH,55.0,13.0
2026-05-07T19:31:19,07/05/2026 19:25,50.0,13064.0,1081.0,6422.0,2934.0,1372.0,481.0,633.0,SUPA,100.0,74.0
2026-05-07T19:31:19,07/05/2026 19:25,50.0,13064.0,1081.0,6422.0,2934.0,1372.0,481.0,633.0,SHIMSHA,17.2,0.0
2026-05-07T19:31:19,07/05/2026 19:25,50.0,13064.0,1081.0,6422.0,2934.0,1372.0,481.0,633.0,SHIVASAMUDRA,42.0,0.0
2026-05-07T19:31:19,07/05/2026 19:25,50.0,13064.0,1081.0,6422.0,2934.0,1372.0,481.0,633.0,MANIDAM,9.0,1.0
2026-05-07T19:31:19,07/05/2026 19:25,50.0,13064.0,1081.0,6422.0,2934.0,1372.0,481.0,633.0,MUNRABAD,38.0,0.0
2026-05-07T19:31:19,07/05/2026 19:25,50.0,13064.0,1081.0,6422.0,2934.0,1372.0,481.0,633.0,BHADRA,39.2,0.0
2026-05-07T19:31:19,07/05/2026 19:25,50.0,13064.0,1081.0,6422.0,2934.0,1372.0,481.0,633.0,GHATAPRABHA,32.0,0.0
2026-05-07T19:31:19,07/05/2026 19:25,50.0,13064.0,1081.0,6422.0,2934.0,1372.0,481.0,633.0,ALMATTI,290.0,0.0
2026-05-07T19:31:19,07/05/2026 19:25,50.0,13064.0,1081.0,6422.0,2934.0,1372.0,481.0,633.0,JINDAL,1460.0,107.0
2026-05-07T19:31:19,07/05/2026 19:25,50.0,13064.0,1081.0,6422.0,2934.0,1372.0,481.0,633.0,UPCL,1200.0,481.0
2026-05-07T19:31:19,07/05/2026 19:25,50.0,13064.0,1081.0,6422.0,2934.0,1372.0,481.0,633.0,YCCP,370.0,0.0
2026-05-07T19:32:18,07/05/2026 19:25,50.0,13064.0,1081.0,6422.0,2934.0,1372.0,481.0,633.0,RTPS,1720.0,869.0
2026-05-07T19:32:18,07/05/2026 19:25,50.0,13064.0,1081.0,6422.0,2934.0,1372.0,481.0,633.0,BTPS,1700.0,1480.0
2026-05-07T19:32:18,07/05/2026 19:25,50.0,13064.0,1081.0,6422.0,2934.0,1372.0,481.0,633.0,YTPS,1600.0,585.0
2026-05-07T19:32:18,07/05/2026 19:25,50.0,13064.0,1081.0,6422.0,2934.0,1372.0,481.0,633.0,SHARAVATHI,1035.0,580.0
2026-05-07T19:32:18,07/05/2026 19:25,50.0,13064.0,1081.0,6422.0,2934.0,1372.0,481.0,633.0,NAGJHARI,900.0,662.0
2026-05-07T19:32:18,07/05/2026 19:25,50.0,13064.0,1081.0,6422.0,2934.0,1372.0,481.0,633.0,VARAHI,460.0,130.0
2026-05-07T19:32:18,07/05/2026 19:25,50.0,13064.0,1081.0,6422.0,2934.0,1372.0,481.0,633.0,KODSALLI,120.0,116.0
2026-05-07T19:32:18,07/05/2026 19:25,50.0,13064.0,1081.0,6422.0,2934.0,1372.0,481.0,633.0,KADRA,150.0,146.0
2026-05-07T19:32:18,07/05/2026 19:25,50.0,13064.0,1081.0,6422.0,2934.0,1372.0,481.0,633.0,GERUSOPPA,240.0,219.0
2026-05-07T19:32:18,07/05/2026 19:25,50.0,13064.0,1081.0,6422.0,2934.0,1372.0,481.0,633.0,JOG,139.2,64.0
2026-05-07T19:32:18,07/05/2026 19:25,50.0,13064.0,1081.0,6422.0,2934.0,1372.0,481.0,633.0,LPH,55.0,13.0
2026-05-07T19:32:18,07/05/2026 19:25,50.0,13064.0,1081.0,6422.0,2934.0,1372.0,481.0,633.0,SUPA,100.0,74.0
2026-05-07T19:32:18,07/05/2026 19:25,50.0,13064.0,1081.0,6422.0,2934.0,1372.0,481.0,633.0,SHIMSHA,17.2,0.0
2026-05-07T19:32:18,07/05/2026 19:25,50.0,13064.0,1081.0,6422.0,2934.0,1372.0,481.0,633.0,SHIVASAMUDRA,42.0,0.0
2026-05-07T19:32:18,07/05/2026 19:25,50.0,13064.0,1081.0,6422.0,2934.0,1372.0,481.0,633.0,MANIDAM,9.0,1.0
2026-05-07T19:32:18,07/05/2026 19:25,50.0,13064.0,1081.0,6422.0,2934.0,1372.0,481.0,633.0,MUNRABAD,38.0,0.0
2026-05-07T19:32:18,07/05/2026 19:25,50.0,13064.0,1081.0,6422.0,2934.0,1372.0,481.0,633.0,BHADRA,39.2,0.0
2026-05-07T19:32:18,07/05/2026 19:25,50.0,13064.0,1081.0,6422.0,2934.0,1372.0,481.0,633.0,GHATAPRABHA,32.0,0.0
2026-05-07T19:32:18,07/05/2026 19:25,50.0,13064.0,1081.0,6422.0,2934.0,1372.0,481.0,633.0,ALMATTI,290.0,0.0
2026-05-07T19:32:18,07/05/2026 19:25,50.0,13064.0,1081.0,6422.0,2934.0,1372.0,481.0,633.0,JINDAL,1460.0,107.0
2026-05-07T19:32:18,07/05/2026 19:25,50.0,13064.0,1081.0,6422.0,2934.0,1372.0,481.0,633.0,UPCL,1200.0,481.0
2026-05-07T19:32:18,07/05/2026 19:25,50.0,13064.0,1081.0,6422.0,2934.0,1372.0,481.0,633.0,YCCP,370.0,0.0
2026-05-07T19:33:18,07/05/2026 19:25,50.0,13064.0,1081.0,6422.0,2934.0,1372.0,481.0,633.0,RTPS,1720.0,869.0
2026-05-07T19:33:18,07/05/2026 19:25,50.0,13064.0,1081.0,6422.0,2934.0,1372.0,481.0,633.0,BTPS,1700.0,1480.0
2026-05-07T19:33:18,07/05/2026 19:25,50.0,13064.0,1081.0,6422.0,2934.0,1372.0,481.0,633.0,YTPS,1600.0,585.0
2026-05-07T19:33:18,07/05/2026 19:25,50.0,13064.0,1081.0,6422.0,2934.0,1372.0,481.0,633.0,SHARAVATHI,1035.0,580.0
2026-05-07T19:33:18,07/05/2026 19:25,50.0,13064.0,1081.0,6422.0,2934.0,1372.0,481.0,633.0,NAGJHARI,900.0,662.0
2026-05-07T19:33:18,07/05/2026 19:25,50.0,13064.0,1081.0,6422.0,2934.0,1372.0,481.0,633.0,VARAHI,460.0,130.0
2026-05-07T19:33:18,07/05/2026 19:25,50.0,13064.0,1081.0,6422.0,2934.0,1372.0,481.0,633.0,KODSALLI,120.0,116.0
2026-05-07T19:33:18,07/05/2026 19:25,50.0,13064.0,1081.0,6422.0,2934.0,1372.0,481.0,633.0,KADRA,150.0,146.0
2026-05-07T19:33:18,07/05/2026 19:25,50.0,13064.0,1081.0,6422.0,2934.0,1372.0,481.0,633.0,GERUSOPPA,240.0,219.0
2026-05-07T19:33:18,07/05/2026 19:25,50.0,13064.0,1081.0,6422.0,2934.0,1372.0,481.0,633.0,JOG,139.2,64.0
2026-05-07T19:33:18,07/05/2026 19:25,50.0,13064.0,1081.0,6422.0,2934.0,1372.0,481.0,633.0,LPH,55.0,13.0
2026-05-07T19:33:18,07/05/2026 19:25,50.0,13064.0,1081.0,6422.0,2934.0,1372.0,481.0,633.0,SUPA,100.0,74.0
2026-05-07T19:33:18,07/05/2026 19:25,50.0,13064.0,1081.0,6422.0,2934.0,1372.0,481.0,633.0,SHIMSHA,17.2,0.0
2026-05-07T19:33:18,07/05/2026 19:25,50.0,13064.0,1081.0,6422.0,2934.0,1372.0,481.0,633.0,SHIVASAMUDRA,42.0,0.0
2026-05-07T19:33:18,07/05/2026 19:25,50.0,13064.0,1081.0,6422.0,2934.0,1372.0,481.0,633.0,MANIDAM,9.0,1.0
2026-05-07T19:33:18,07/05/2026 19:25,50.0,13064.0,1081.0,6422.0,2934.0,1372.0,481.0,633.0,MUNRABAD,38.0,0.0
2026-05-07T19:33:18,07/05/2026 19:25,50.0,13064.0,1081.0,6422.0,2934.0,1372.0,481.0,633.0,BHADRA,39.2,0.0
2026-05-07T19:33:18,07/05/2026 19:25,50.0,13064.0,1081.0,6422.0,2934.0,1372.0,481.0,633.0,GHATAPRABHA,32.0,0.0
2026-05-07T19:33:18,07/05/2026 19:25,50.0,13064.0,1081.0,6422.0,2934.0,1372.0,481.0,633.0,ALMATTI,290.0,0.0
2026-05-07T19:33:18,07/05/2026 19:25,50.0,13064.0,1081.0,6422.0,2934.0,1372.0,481.0,633.0,JINDAL,1460.0,107.0
2026-05-07T19:33:18,07/05/2026 19:25,50.0,13064.0,1081.0,6422.0,2934.0,1372.0,481.0,633.0,UPCL,1200.0,481.0
2026-05-07T19:33:18,07/05/2026 19:25,50.0,13064.0,1081.0,6422.0,2934.0,1372.0,481.0,633.0,YCCP,370.0,0.0
2026-05-07T19:34:19,07/05/2026 19:25,50.0,13064.0,1081.0,6422.0,2934.0,1372.0,481.0,633.0,RTPS,1720.0,869.0
2026-05-07T19:34:19,07/05/2026 19:25,50.0,13064.0,1081.0,6422.0,2934.0,1372.0,481.0,633.0,BTPS,1700.0,1480.0
2026-05-07T19:34:19,07/05/2026 19:25,50.0,13064.0,1081.0,6422.0,2934.0,1372.0,481.0,633.0,YTPS,1600.0,585.0
2026-05-07T19:34:19,07/05/2026 19:25,50.0,13064.0,1081.0,6422.0,2934.0,1372.0,481.0,633.0,SHARAVATHI,1035.0,580.0
2026-05-07T19:34:19,07/05/2026 19:25,50.0,13064.0,1081.0,6422.0,2934.0,1372.0,481.0,633.0,NAGJHARI,900.0,662.0
2026-05-07T19:34:19,07/05/2026 19:25,50.0,13064.0,1081.0,6422.0,2934.0,1372.0,481.0,633.0,VARAHI,460.0,130.0
2026-05-07T19:34:19,07/05/2026 19:25,50.0,13064.0,1081.0,6422.0,2934.0,1372.0,481.0,633.0,KODSALLI,120.0,116.0
2026-05-07T19:34:19,07/05/2026 19:25,50.0,13064.0,1081.0,6422.0,2934.0,1372.0,481.0,633.0,KADRA,150.0,146.0
2026-05-07T19:34:19,07/05/2026 19:25,50.0,13064.0,1081.0,6422.0,2934.0,1372.0,481.0,633.0,GERUSOPPA,240.0,219.0
2026-05-07T19:34:19,07/05/2026 19:25,50.0,13064.0,1081.0,6422.0,2934.0,1372.0,481.0,633.0,JOG,139.2,64.0
2026-05-07T19:34:19,07/05/2026 19:25,50.0,13064.0,1081.0,6422.0,2934.0,1372.0,481.0,633.0,LPH,55.0,13.0
2026-05-07T19:34:19,07/05/2026 19:25,50.0,13064.0,1081.0,6422.0,2934.0,1372.0,481.0,633.0,SUPA,100.0,74.0
2026-05-07T19:34:19,07/05/2026 19:25,50.0,13064.0,1081.0,6422.0,2934.0,1372.0,481.0,633.0,SHIMSHA,17.2,0.0
2026-05-07T19:34:19,07/05/2026 19:25,50.0,13064.0,1081.0,6422.0,2934.0,1372.0,481.0,633.0,SHIVASAMUDRA,42.0,0.0
2026-05-07T19:34:19,07/05/2026 19:25,50.0,13064.0,1081.0,6422.0,2934.0,1372.0,481.0,633.0,MANIDAM,9.0,1.0
2026-05-07T19:34:19,07/05/2026 19:25,50.0,13064.0,1081.0,6422.0,2934.0,1372.0,481.0,633.0,MUNRABAD,38.0,0.0
2026-05-07T19:34:19,07/05/2026 19:25,50.0,13064.0,1081.0,6422.0,2934.0,1372.0,481.0,633.0,BHADRA,39.2,0.0
2026-05-07T19:34:19,07/05/2026 19:25,50.0,13064.0,1081.0,6422.0,2934.0,1372.0,481.0,633.0,GHATAPRABHA,32.0,0.0
2026-05-07T19:34:19,07/05/2026 19:25,50.0,13064.0,1081.0,6422.0,2934.0,1372.0,481.0,633.0,ALMATTI,290.0,0.0
2026-05-07T19:34:19,07/05/2026 19:25,50.0,13064.0,1081.0,6422.0,2934.0,1372.0,481.0,633.0,JINDAL,1460.0,107.0
2026-05-07T19:34:19,07/05/2026 19:25,50.0,13064.0,1081.0,6422.0,2934.0,1372.0,481.0,633.0,UPCL,1200.0,481.0
2026-05-07T19:34:19,07/05/2026 19:25,50.0,13064.0,1081.0,6422.0,2934.0,1372.0,481.0,633.0,YCCP,370.0,0.0
2026-05-07T19:35:18,07/05/2026 19:25,50.0,13064.0,1081.0,6422.0,2934.0,1372.0,481.0,633.0,RTPS,1720.0,869.0
2026-05-07T19:35:18,07/05/2026 19:25,50.0,13064.0,1081.0,6422.0,2934.0,1372.0,481.0,633.0,BTPS,1700.0,1480.0
2026-05-07T19:35:18,07/05/2026 19:25,50.0,13064.0,1081.0,6422.0,2934.0,1372.0,481.0,633.0,YTPS,1600.0,585.0
2026-05-07T19:35:18,07/05/2026 19:25,50.0,13064.0,1081.0,6422.0,2934.0,1372.0,481.0,633.0,SHARAVATHI,1035.0,580.0
2026-05-07T19:35:18,07/05/2026 19:25,50.0,13064.0,1081.0,6422.0,2934.0,1372.0,481.0,633.0,NAGJHARI,900.0,662.0
2026-05-07T19:35:18,07/05/2026 19:25,50.0,13064.0,1081.0,6422.0,2934.0,1372.0,481.0,633.0,VARAHI,460.0,130.0
2026-05-07T19:35:18,07/05/2026 19:25,50.0,13064.0,1081.0,6422.0,2934.0,1372.0,481.0,633.0,KODSALLI,120.0,116.0
2026-05-07T19:35:18,07/05/2026 19:25,50.0,13064.0,1081.0,6422.0,2934.0,1372.0,481.0,633.0,KADRA,150.0,146.0
2026-05-07T19:35:18,07/05/2026 19:25,50.0,13064.0,1081.0,6422.0,2934.0,1372.0,481.0,633.0,GERUSOPPA,240.0,219.0
2026-05-07T19:35:18,07/05/2026 19:25,50.0,13064.0,1081.0,6422.0,2934.0,1372.0,481.0,633.0,JOG,139.2,64.0
2026-05-07T19:35:18,07/05/2026 19:25,50.0,13064.0,1081.0,6422.0,2934.0,1372.0,481.0,633.0,LPH,55.0,13.0
2026-05-07T19:35:18,07/05/2026 19:25,50.0,13064.0,1081.0,6422.0,2934.0,1372.0,481.0,633.0,SUPA,100.0,74.0
2026-05-07T19:35:18,07/05/2026 19:25,50.0,13064.0,1081.0,6422.0,2934.0,1372.0,481.0,633.0,SHIMSHA,17.2,0.0
2026-05-07T19:35:18,07/05/2026 19:25,50.0,13064.0,1081.0,6422.0,2934.0,1372.0,481.0,633.0,SHIVASAMUDRA,42.0,0.0
2026-05-07T19:35:18,07/05/2026 19:25,50.0,13064.0,1081.0,6422.0,2934.0,1372.0,481.0,633.0,MANIDAM,9.0,1.0
2026-05-07T19:35:18,07/05/2026 19:25,50.0,13064.0,1081.0,6422.0,2934.0,1372.0,481.0,633.0,MUNRABAD,38.0,0.0
2026-05-07T19:35:18,07/05/2026 19:25,50.0,13064.0,1081.0,6422.0,2934.0,1372.0,481.0,633.0,BHADRA,39.2,0.0
2026-05-07T19:35:18,07/05/2026 19:25,50.0,13064.0,1081.0,6422.0,2934.0,1372.0,481.0,633.0,GHATAPRABHA,32.0,0.0
2026-05-07T19:35:18,07/05/2026 19:25,50.0,13064.0,1081.0,6422.0,2934.0,1372.0,481.0,633.0,ALMATTI,290.0,0.0
2026-05-07T19:35:18,07/05/2026 19:25,50.0,13064.0,1081.0,6422.0,2934.0,1372.0,481.0,633.0,JINDAL,1460.0,107.0
2026-05-07T19:35:18,07/05/2026 19:25,50.0,13064.0,1081.0,6422.0,2934.0,1372.0,481.0,633.0,UPCL,1200.0,481.0
2026-05-07T19:35:18,07/05/2026 19:25,50.0,13064.0,1081.0,6422.0,2934.0,1372.0,481.0,633.0,YCCP,370.0,0.0
2026-05-07T19:36:18,07/05/2026 19:25,50.0,13064.0,1081.0,6422.0,2934.0,1372.0,481.0,633.0,RTPS,1720.0,869.0
2026-05-07T19:36:18,07/05/2026 19:25,50.0,13064.0,1081.0,6422.0,2934.0,1372.0,481.0,633.0,BTPS,1700.0,1480.0
2026-05-07T19:36:18,07/05/2026 19:25,50.0,13064.0,1081.0,6422.0,2934.0,1372.0,481.0,633.0,YTPS,1600.0,585.0
2026-05-07T19:36:18,07/05/2026 19:25,50.0,13064.0,1081.0,6422.0,2934.0,1372.0,481.0,633.0,SHARAVATHI,1035.0,580.0
2026-05-07T19:36:18,07/05/2026 19:25,50.0,13064.0,1081.0,6422.0,2934.0,1372.0,481.0,633.0,NAGJHARI,900.0,662.0
2026-05-07T19:36:18,07/05/2026 19:25,50.0,13064.0,1081.0,6422.0,2934.0,1372.0,481.0,633.0,VARAHI,460.0,130.0
2026-05-07T19:36:18,07/05/2026 19:25,50.0,13064.0,1081.0,6422.0,2934.0,1372.0,481.0,633.0,KODSALLI,120.0,116.0
2026-05-07T19:36:18,07/05/2026 19:25,50.0,13064.0,1081.0,6422.0,2934.0,1372.0,481.0,633.0,KADRA,150.0,146.0
2026-05-07T19:36:18,07/05/2026 19:25,50.0,13064.0,1081.0,6422.0,2934.0,1372.0,481.0,633.0,GERUSOPPA,240.0,219.0
2026-05-07T19:36:18,07/05/2026 19:25,50.0,13064.0,1081.0,6422.0,2934.0,1372.0,481.0,633.0,JOG,139.2,64.0
2026-05-07T19:36:18,07/05/2026 19:25,50.0,13064.0,1081.0,6422.0,2934.0,1372.0,481.0,633.0,LPH,55.0,13.0
2026-05-07T19:36:18,07/05/2026 19:25,50.0,13064.0,1081.0,6422.0,2934.0,1372.0,481.0,633.0,SUPA,100.0,74.0
2026-05-07T19:36:18,07/05/2026 19:25,50.0,13064.0,1081.0,6422.0,2934.0,1372.0,481.0,633.0,SHIMSHA,17.2,0.0
2026-05-07T19:36:18,07/05/2026 19:25,50.0,13064.0,1081.0,6422.0,2934.0,1372.0,481.0,633.0,SHIVASAMUDRA,42.0,0.0
2026-05-07T19:36:18,07/05/2026 19:25,50.0,13064.0,1081.0,6422.0,2934.0,1372.0,481.0,633.0,MANIDAM,9.0,1.0
2026-05-07T19:36:18,07/05/2026 19:25,50.0,13064.0,1081.0,6422.0,2934.0,1372.0,481.0,633.0,MUNRABAD,38.0,0.0
2026-05-07T19:36:18,07/05/2026 19:25,50.0,13064.0,1081.0,6422.0,2934.0,1372.0,481.0,633.0,BHADRA,39.2,0.0
2026-05-07T19:36:18,07/05/2026 19:25,50.0,13064.0,1081.0,6422.0,2934.0,1372.0,481.0,633.0,GHATAPRABHA,32.0,0.0
2026-05-07T19:36:18,07/05/2026 19:25,50.0,13064.0,1081.0,6422.0,2934.0,1372.0,481.0,633.0,ALMATTI,290.0,0.0
2026-05-07T19:36:18,07/05/2026 19:25,50.0,13064.0,1081.0,6422.0,2934.0,1372.0,481.0,633.0,JINDAL,1460.0,107.0
2026-05-07T19:36:18,07/05/2026 19:25,50.0,13064.0,1081.0,6422.0,2934.0,1372.0,481.0,633.0,UPCL,1200.0,481.0
2026-05-07T19:36:18,07/05/2026 19:25,50.0,13064.0,1081.0,6422.0,2934.0,1372.0,481.0,633.0,YCCP,370.0,0.0
2026-05-07T19:37:18,07/05/2026 19:25,50.0,13064.0,1081.0,6422.0,2934.0,1372.0,481.0,633.0,RTPS,1720.0,869.0
2026-05-07T19:37:18,07/05/2026 19:25,50.0,13064.0,1081.0,6422.0,2934.0,1372.0,481.0,633.0,BTPS,1700.0,1480.0
2026-05-07T19:37:18,07/05/2026 19:25,50.0,13064.0,1081.0,6422.0,2934.0,1372.0,481.0,633.0,YTPS,1600.0,585.0
2026-05-07T19:37:18,07/05/2026 19:25,50.0,13064.0,1081.0,6422.0,2934.0,1372.0,481.0,633.0,SHARAVATHI,1035.0,580.0
2026-05-07T19:37:18,07/05/2026 19:25,50.0,13064.0,1081.0,6422.0,2934.0,1372.0,481.0,633.0,NAGJHARI,900.0,662.0
2026-05-07T19:37:18,07/05/2026 19:25,50.0,13064.0,1081.0,6422.0,2934.0,1372.0,481.0,633.0,VARAHI,460.0,130.0
2026-05-07T19:37:18,07/05/2026 19:25,50.0,13064.0,1081.0,6422.0,2934.0,1372.0,481.0,633.0,KODSALLI,120.0,116.0
2026-05-07T19:37:18,07/05/2026 19:25,50.0,13064.0,1081.0,6422.0,2934.0,1372.0,481.0,633.0,KADRA,150.0,146.0
2026-05-07T19:37:18,07/05/2026 19:25,50.0,13064.0,1081.0,6422.0,2934.0,1372.0,481.0,633.0,GERUSOPPA,240.0,219.0
2026-05-07T19:37:18,07/05/2026 19:25,50.0,13064.0,1081.0,6422.0,2934.0,1372.0,481.0,633.0,JOG,139.2,64.0
2026-05-07T19:37:18,07/05/2026 19:25,50.0,13064.0,1081.0,6422.0,2934.0,1372.0,481.0,633.0,LPH,55.0,13.0
2026-05-07T19:37:18,07/05/2026 19:25,50.0,13064.0,1081.0,6422.0,2934.0,1372.0,481.0,633.0,SUPA,100.0,74.0
2026-05-07T19:37:18,07/05/2026 19:25,50.0,13064.0,1081.0,6422.0,2934.0,1372.0,481.0,633.0,SHIMSHA,17.2,0.0
2026-05-07T19:37:18,07/05/2026 19:25,50.0,13064.0,1081.0,6422.0,2934.0,1372.0,481.0,633.0,SHIVASAMUDRA,42.0,0.0
2026-05-07T19:37:18,07/05/2026 19:25,50.0,13064.0,1081.0,6422.0,2934.0,1372.0,481.0,633.0,MANIDAM,9.0,1.0
2026-05-07T19:37:18,07/05/2026 19:25,50.0,13064.0,1081.0,6422.0,2934.0,1372.0,481.0,633.0,MUNRABAD,38.0,0.0
2026-05-07T19:37:18,07/05/2026 19:25,50.0,13064.0,1081.0,6422.0,2934.0,1372.0,481.0,633.0,BHADRA,39.2,0.0
2026-05-07T19:37:18,07/05/2026 19:25,50.0,13064.0,1081.0,6422.0,2934.0,1372.0,481.0,633.0,GHATAPRABHA,32.0,0.0
2026-05-07T19:37:18,07/05/2026 19:25,50.0,13064.0,1081.0,6422.0,2934.0,1372.0,481.0,633.0,ALMATTI,290.0,0.0
2026-05-07T19:37:18,07/05/2026 19:25,50.0,13064.0,1081.0,6422.0,2934.0,1372.0,481.0,633.0,JINDAL,1460.0,107.0
2026-05-07T19:37:18,07/05/2026 19:25,50.0,13064.0,1081.0,6422.0,2934.0,1372.0,481.0,633.0,UPCL,1200.0,481.0
2026-05-07T19:37:18,07/05/2026 19:25,50.0,13064.0,1081.0,6422.0,2934.0,1372.0,481.0,633.0,YCCP,370.0,0.0
2026-05-07T19:39:10,07/05/2026 19:25,50.0,13064.0,1081.0,6422.0,2934.0,1372.0,481.0,633.0,RTPS,1720.0,869.0
2026-05-07T19:39:10,07/05/2026 19:25,50.0,13064.0,1081.0,6422.0,2934.0,1372.0,481.0,633.0,BTPS,1700.0,1480.0
2026-05-07T19:39:10,07/05/2026 19:25,50.0,13064.0,1081.0,6422.0,2934.0,1372.0,481.0,633.0,YTPS,1600.0,585.0
2026-05-07T19:39:10,07/05/2026 19:25,50.0,13064.0,1081.0,6422.0,2934.0,1372.0,481.0,633.0,SHARAVATHI,1035.0,580.0
2026-05-07T19:39:10,07/05/2026 19:25,50.0,13064.0,1081.0,6422.0,2934.0,1372.0,481.0,633.0,NAGJHARI,900.0,662.0
2026-05-07T19:39:10,07/05/2026 19:25,50.0,13064.0,1081.0,6422.0,2934.0,1372.0,481.0,633.0,VARAHI,460.0,130.0
2026-05-07T19:39:10,07/05/2026 19:25,50.0,13064.0,1081.0,6422.0,2934.0,1372.0,481.0,633.0,KODSALLI,120.0,116.0
2026-05-07T19:39:10,07/05/2026 19:25,50.0,13064.0,1081.0,6422.0,2934.0,1372.0,481.0,633.0,KADRA,150.0,146.0
2026-05-07T19:39:10,07/05/2026 19:25,50.0,13064.0,1081.0,6422.0,2934.0,1372.0,481.0,633.0,GERUSOPPA,240.0,219.0
2026-05-07T19:39:10,07/05/2026 19:25,50.0,13064.0,1081.0,6422.0,2934.0,1372.0,481.0,633.0,JOG,139.2,64.0
2026-05-07T19:39:10,07/05/2026 19:25,50.0,13064.0,1081.0,6422.0,2934.0,1372.0,481.0,633.0,LPH,55.0,13.0
2026-05-07T19:39:10,07/05/2026 19:25,50.0,13064.0,1081.0,6422.0,2934.0,1372.0,481.0,633.0,SUPA,100.0,74.0
2026-05-07T19:39:10,07/05/2026 19:25,50.0,13064.0,1081.0,6422.0,2934.0,1372.0,481.0,633.0,SHIMSHA,17.2,0.0
2026-05-07T19:39:10,07/05/2026 19:25,50.0,13064.0,1081.0,6422.0,2934.0,1372.0,481.0,633.0,SHIVASAMUDRA,42.0,0.0
2026-05-07T19:39:10,07/05/2026 19:25,50.0,13064.0,1081.0,6422.0,2934.0,1372.0,481.0,633.0,MANIDAM,9.0,1.0
2026-05-07T19:39:10,07/05/2026 19:25,50.0,13064.0,1081.0,6422.0,2934.0,1372.0,481.0,633.0,MUNRABAD,38.0,0.0
2026-05-07T19:39:10,07/05/2026 19:25,50.0,13064.0,1081.0,6422.0,2934.0,1372.0,481.0,633.0,BHADRA,39.2,0.0
2026-05-07T19:39:10,07/05/2026 19:25,50.0,13064.0,1081.0,6422.0,2934.0,1372.0,481.0,633.0,GHATAPRABHA,32.0,0.0
2026-05-07T19:39:10,07/05/2026 19:25,50.0,13064.0,1081.0,6422.0,2934.0,1372.0,481.0,633.0,ALMATTI,290.0,0.0
2026-05-07T19:39:10,07/05/2026 19:25,50.0,13064.0,1081.0,6422.0,2934.0,1372.0,481.0,633.0,JINDAL,1460.0,107.0
2026-05-07T19:39:10,07/05/2026 19:25,50.0,13064.0,1081.0,6422.0,2934.0,1372.0,481.0,633.0,UPCL,1200.0,481.0
2026-05-07T19:39:10,07/05/2026 19:25,50.0,13064.0,1081.0,6422.0,2934.0,1372.0,481.0,633.0,YCCP,370.0,0.0
2026-05-07T19:40:10,07/05/2026 19:25,50.0,13064.0,1081.0,6422.0,2934.0,1372.0,481.0,633.0,RTPS,1720.0,869.0
2026-05-07T19:40:10,07/05/2026 19:25,50.0,13064.0,1081.0,6422.0,2934.0,1372.0,481.0,633.0,BTPS,1700.0,1480.0
2026-05-07T19:40:10,07/05/2026 19:25,50.0,13064.0,1081.0,6422.0,2934.0,1372.0,481.0,633.0,YTPS,1600.0,585.0
2026-05-07T19:40:10,07/05/2026 19:25,50.0,13064.0,1081.0,6422.0,2934.0,1372.0,481.0,633.0,SHARAVATHI,1035.0,580.0
2026-05-07T19:40:10,07/05/2026 19:25,50.0,13064.0,1081.0,6422.0,2934.0,1372.0,481.0,633.0,NAGJHARI,900.0,662.0
2026-05-07T19:40:10,07/05/2026 19:25,50.0,13064.0,1081.0,6422.0,2934.0,1372.0,481.0,633.0,VARAHI,460.0,130.0
2026-05-07T19:40:10,07/05/2026 19:25,50.0,13064.0,1081.0,6422.0,2934.0,1372.0,481.0,633.0,KODSALLI,120.0,116.0
2026-05-07T19:40:10,07/05/2026 19:25,50.0,13064.0,1081.0,6422.0,2934.0,1372.0,481.0,633.0,KADRA,150.0,146.0
2026-05-07T19:40:10,07/05/2026 19:25,50.0,13064.0,1081.0,6422.0,2934.0,1372.0,481.0,633.0,GERUSOPPA,240.0,219.0
2026-05-07T19:40:10,07/05/2026 19:25,50.0,13064.0,1081.0,6422.0,2934.0,1372.0,481.0,633.0,JOG,139.2,64.0
2026-05-07T19:40:10,07/05/2026 19:25,50.0,13064.0,1081.0,6422.0,2934.0,1372.0,481.0,633.0,LPH,55.0,13.0
2026-05-07T19:40:10,07/05/2026 19:25,50.0,13064.0,1081.0,6422.0,2934.0,1372.0,481.0,633.0,SUPA,100.0,74.0
2026-05-07T19:40:10,07/05/2026 19:25,50.0,13064.0,1081.0,6422.0,2934.0,1372.0,481.0,633.0,SHIMSHA,17.2,0.0
2026-05-07T19:40:10,07/05/2026 19:25,50.0,13064.0,1081.0,6422.0,2934.0,1372.0,481.0,633.0,SHIVASAMUDRA,42.0,0.0
2026-05-07T19:40:10,07/05/2026 19:25,50.0,13064.0,1081.0,6422.0,2934.0,1372.0,481.0,633.0,MANIDAM,9.0,1.0
2026-05-07T19:40:10,07/05/2026 19:25,50.0,13064.0,1081.0,6422.0,2934.0,1372.0,481.0,633.0,MUNRABAD,38.0,0.0
2026-05-07T19:40:10,07/05/2026 19:25,50.0,13064.0,1081.0,6422.0,2934.0,1372.0,481.0,633.0,BHADRA,39.2,0.0
2026-05-07T19:40:10,07/05/2026 19:25,50.0,13064.0,1081.0,6422.0,2934.0,1372.0,481.0,633.0,GHATAPRABHA,32.0,0.0
2026-05-07T19:40:10,07/05/2026 19:25,50.0,13064.0,1081.0,6422.0,2934.0,1372.0,481.0,633.0,ALMATTI,290.0,0.0
2026-05-07T19:40:10,07/05/2026 19:25,50.0,13064.0,1081.0,6422.0,2934.0,1372.0,481.0,633.0,JINDAL,1460.0,107.0
2026-05-07T19:40:10,07/05/2026 19:25,50.0,13064.0,1081.0,6422.0,2934.0,1372.0,481.0,633.0,UPCL,1200.0,481.0
2026-05-07T19:40:10,07/05/2026 19:25,50.0,13064.0,1081.0,6422.0,2934.0,1372.0,481.0,633.0,YCCP,370.0,0.0
2026-05-07T19:41:10,07/05/2026 19:25,50.0,13064.0,1081.0,6422.0,2934.0,1372.0,481.0,633.0,RTPS,1720.0,869.0
2026-05-07T19:41:10,07/05/2026 19:25,50.0,13064.0,1081.0,6422.0,2934.0,1372.0,481.0,633.0,BTPS,1700.0,1480.0
2026-05-07T19:41:10,07/05/2026 19:25,50.0,13064.0,1081.0,6422.0,2934.0,1372.0,481.0,633.0,YTPS,1600.0,585.0
2026-05-07T19:41:10,07/05/2026 19:25,50.0,13064.0,1081.0,6422.0,2934.0,1372.0,481.0,633.0,SHARAVATHI,1035.0,580.0
2026-05-07T19:41:10,07/05/2026 19:25,50.0,13064.0,1081.0,6422.0,2934.0,1372.0,481.0,633.0,NAGJHARI,900.0,662.0
2026-05-07T19:41:10,07/05/2026 19:25,50.0,13064.0,1081.0,6422.0,2934.0,1372.0,481.0,633.0,VARAHI,460.0,130.0
2026-05-07T19:41:10,07/05/2026 19:25,50.0,13064.0,1081.0,6422.0,2934.0,1372.0,481.0,633.0,KODSALLI,120.0,116.0
2026-05-07T19:41:10,07/05/2026 19:25,50.0,13064.0,1081.0,6422.0,2934.0,1372.0,481.0,633.0,KADRA,150.0,146.0
2026-05-07T19:41:10,07/05/2026 19:25,50.0,13064.0,1081.0,6422.0,2934.0,1372.0,481.0,633.0,GERUSOPPA,240.0,219.0
2026-05-07T19:41:10,07/05/2026 19:25,50.0,13064.0,1081.0,6422.0,2934.0,1372.0,481.0,633.0,JOG,139.2,64.0
2026-05-07T19:41:10,07/05/2026 19:25,50.0,13064.0,1081.0,6422.0,2934.0,1372.0,481.0,633.0,LPH,55.0,13.0
2026-05-07T19:41:10,07/05/2026 19:25,50.0,13064.0,1081.0,6422.0,2934.0,1372.0,481.0,633.0,SUPA,100.0,74.0
2026-05-07T19:41:10,07/05/2026 19:25,50.0,13064.0,1081.0,6422.0,2934.0,1372.0,481.0,633.0,SHIMSHA,17.2,0.0
2026-05-07T19:41:10,07/05/2026 19:25,50.0,13064.0,1081.0,6422.0,2934.0,1372.0,481.0,633.0,SHIVASAMUDRA,42.0,0.0
2026-05-07T19:41:10,07/05/2026 19:25,50.0,13064.0,1081.0,6422.0,2934.0,1372.0,481.0,633.0,MANIDAM,9.0,1.0
2026-05-07T19:41:10,07/05/2026 19:25,50.0,13064.0,1081.0,6422.0,2934.0,1372.0,481.0,633.0,MUNRABAD,38.0,0.0
2026-05-07T19:41:10,07/05/2026 19:25,50.0,13064.0,1081.0,6422.0,2934.0,1372.0,481.0,633.0,BHADRA,39.2,0.0
2026-05-07T19:41:10,07/05/2026 19:25,50.0,13064.0,1081.0,6422.0,2934.0,1372.0,481.0,633.0,GHATAPRABHA,32.0,0.0
2026-05-07T19:41:10,07/05/2026 19:25,50.0,13064.0,1081.0,6422.0,2934.0,1372.0,481.0,633.0,ALMATTI,290.0,0.0
2026-05-07T19:41:10,07/05/2026 19:25,50.0,13064.0,1081.0,6422.0,2934.0,1372.0,481.0,633.0,JINDAL,1460.0,107.0
2026-05-07T19:41:10,07/05/2026 19:25,50.0,13064.0,1081.0,6422.0,2934.0,1372.0,481.0,633.0,UPCL,1200.0,481.0
2026-05-07T19:41:10,07/05/2026 19:25,50.0,13064.0,1081.0,6422.0,2934.0,1372.0,481.0,633.0,YCCP,370.0,0.0
2026-05-07T19:42:10,07/05/2026 19:25,50.0,13064.0,1081.0,6422.0,2934.0,1372.0,481.0,633.0,RTPS,1720.0,869.0
2026-05-07T19:42:10,07/05/2026 19:25,50.0,13064.0,1081.0,6422.0,2934.0,1372.0,481.0,633.0,BTPS,1700.0,1480.0
2026-05-07T19:42:10,07/05/2026 19:25,50.0,13064.0,1081.0,6422.0,2934.0,1372.0,481.0,633.0,YTPS,1600.0,585.0
2026-05-07T19:42:10,07/05/2026 19:25,50.0,13064.0,1081.0,6422.0,2934.0,1372.0,481.0,633.0,SHARAVATHI,1035.0,580.0
2026-05-07T19:42:10,07/05/2026 19:25,50.0,13064.0,1081.0,6422.0,2934.0,1372.0,481.0,633.0,NAGJHARI,900.0,662.0
2026-05-07T19:42:10,07/05/2026 19:25,50.0,13064.0,1081.0,6422.0,2934.0,1372.0,481.0,633.0,VARAHI,460.0,130.0
2026-05-07T19:42:10,07/05/2026 19:25,50.0,13064.0,1081.0,6422.0,2934.0,1372.0,481.0,633.0,KODSALLI,120.0,116.0
2026-05-07T19:42:10,07/05/2026 19:25,50.0,13064.0,1081.0,6422.0,2934.0,1372.0,481.0,633.0,KADRA,150.0,146.0
2026-05-07T19:42:10,07/05/2026 19:25,50.0,13064.0,1081.0,6422.0,2934.0,1372.0,481.0,633.0,GERUSOPPA,240.0,219.0
2026-05-07T19:42:10,07/05/2026 19:25,50.0,13064.0,1081.0,6422.0,2934.0,1372.0,481.0,633.0,JOG,139.2,64.0
2026-05-07T19:42:10,07/05/2026 19:25,50.0,13064.0,1081.0,6422.0,2934.0,1372.0,481.0,633.0,LPH,55.0,13.0
2026-05-07T19:42:10,07/05/2026 19:25,50.0,13064.0,1081.0,6422.0,2934.0,1372.0,481.0,633.0,SUPA,100.0,74.0
2026-05-07T19:42:10,07/05/2026 19:25,50.0,13064.0,1081.0,6422.0,2934.0,1372.0,481.0,633.0,SHIMSHA,17.2,0.0
2026-05-07T19:42:10,07/05/2026 19:25,50.0,13064.0,1081.0,6422.0,2934.0,1372.0,481.0,633.0,SHIVASAMUDRA,42.0,0.0
2026-05-07T19:42:10,07/05/2026 19:25,50.0,13064.0,1081.0,6422.0,2934.0,1372.0,481.0,633.0,MANIDAM,9.0,1.0
2026-05-07T19:42:10,07/05/2026 19:25,50.0,13064.0,1081.0,6422.0,2934.0,1372.0,481.0,633.0,MUNRABAD,38.0,0.0
2026-05-07T19:42:10,07/05/2026 19:25,50.0,13064.0,1081.0,6422.0,2934.0,1372.0,481.0,633.0,BHADRA,39.2,0.0
2026-05-07T19:42:10,07/05/2026 19:25,50.0,13064.0,1081.0,6422.0,2934.0,1372.0,481.0,633.0,GHATAPRABHA,32.0,0.0
2026-05-07T19:42:10,07/05/2026 19:25,50.0,13064.0,1081.0,6422.0,2934.0,1372.0,481.0,633.0,ALMATTI,290.0,0.0
2026-05-07T19:42:10,07/05/2026 19:25,50.0,13064.0,1081.0,6422.0,2934.0,1372.0,481.0,633.0,JINDAL,1460.0,107.0
2026-05-07T19:42:10,07/05/2026 19:25,50.0,13064.0,1081.0,6422.0,2934.0,1372.0,481.0,633.0,UPCL,1200.0,481.0
2026-05-07T19:42:10,07/05/2026 19:25,50.0,13064.0,1081.0,6422.0,2934.0,1372.0,481.0,633.0,YCCP,370.0,0.0
2026-05-07T19:43:10,07/05/2026 19:25,50.0,13064.0,1081.0,6422.0,2934.0,1372.0,481.0,633.0,RTPS,1720.0,869.0
2026-05-07T19:43:10,07/05/2026 19:25,50.0,13064.0,1081.0,6422.0,2934.0,1372.0,481.0,633.0,BTPS,1700.0,1480.0
2026-05-07T19:43:10,07/05/2026 19:25,50.0,13064.0,1081.0,6422.0,2934.0,1372.0,481.0,633.0,YTPS,1600.0,585.0
2026-05-07T19:43:10,07/05/2026 19:25,50.0,13064.0,1081.0,6422.0,2934.0,1372.0,481.0,633.0,SHARAVATHI,1035.0,580.0
2026-05-07T19:43:10,07/05/2026 19:25,50.0,13064.0,1081.0,6422.0,2934.0,1372.0,481.0,633.0,NAGJHARI,900.0,662.0
2026-05-07T19:43:10,07/05/2026 19:25,50.0,13064.0,1081.0,6422.0,2934.0,1372.0,481.0,633.0,VARAHI,460.0,130.0
2026-05-07T19:43:10,07/05/2026 19:25,50.0,13064.0,1081.0,6422.0,2934.0,1372.0,481.0,633.0,KODSALLI,120.0,116.0
2026-05-07T19:43:10,07/05/2026 19:25,50.0,13064.0,1081.0,6422.0,2934.0,1372.0,481.0,633.0,KADRA,150.0,146.0
2026-05-07T19:43:10,07/05/2026 19:25,50.0,13064.0,1081.0,6422.0,2934.0,1372.0,481.0,633.0,GERUSOPPA,240.0,219.0
2026-05-07T19:43:10,07/05/2026 19:25,50.0,13064.0,1081.0,6422.0,2934.0,1372.0,481.0,633.0,JOG,139.2,64.0
2026-05-07T19:43:10,07/05/2026 19:25,50.0,13064.0,1081.0,6422.0,2934.0,1372.0,481.0,633.0,LPH,55.0,13.0
2026-05-07T19:43:10,07/05/2026 19:25,50.0,13064.0,1081.0,6422.0,2934.0,1372.0,481.0,633.0,SUPA,100.0,74.0
2026-05-07T19:43:10,07/05/2026 19:25,50.0,13064.0,1081.0,6422.0,2934.0,1372.0,481.0,633.0,SHIMSHA,17.2,0.0
2026-05-07T19:43:10,07/05/2026 19:25,50.0,13064.0,1081.0,6422.0,2934.0,1372.0,481.0,633.0,SHIVASAMUDRA,42.0,0.0
2026-05-07T19:43:10,07/05/2026 19:25,50.0,13064.0,1081.0,6422.0,2934.0,1372.0,481.0,633.0,MANIDAM,9.0,1.0
2026-05-07T19:43:10,07/05/2026 19:25,50.0,13064.0,1081.0,6422.0,2934.0,1372.0,481.0,633.0,MUNRABAD,38.0,0.0
2026-05-07T19:43:10,07/05/2026 19:25,50.0,13064.0,1081.0,6422.0,2934.0,1372.0,481.0,633.0,BHADRA,39.2,0.0
2026-05-07T19:43:10,07/05/2026 19:25,50.0,13064.0,1081.0,6422.0,2934.0,1372.0,481.0,633.0,GHATAPRABHA,32.0,0.0
2026-05-07T19:43:10,07/05/2026 19:25,50.0,13064.0,1081.0,6422.0,2934.0,1372.0,481.0,633.0,ALMATTI,290.0,0.0
2026-05-07T19:43:10,07/05/2026 19:25,50.0,13064.0,1081.0,6422.0,2934.0,1372.0,481.0,633.0,JINDAL,1460.0,107.0
2026-05-07T19:43:10,07/05/2026 19:25,50.0,13064.0,1081.0,6422.0,2934.0,1372.0,481.0,633.0,UPCL,1200.0,481.0
2026-05-07T19:43:10,07/05/2026 19:25,50.0,13064.0,1081.0,6422.0,2934.0,1372.0,481.0,633.0,YCCP,370.0,0.0
2026-05-07T19:44:11,07/05/2026 19:25,50.0,13064.0,1081.0,6422.0,2934.0,1372.0,481.0,633.0,RTPS,1720.0,869.0
2026-05-07T19:44:11,07/05/2026 19:25,50.0,13064.0,1081.0,6422.0,2934.0,1372.0,481.0,633.0,BTPS,1700.0,1480.0
2026-05-07T19:44:11,07/05/2026 19:25,50.0,13064.0,1081.0,6422.0,2934.0,1372.0,481.0,633.0,YTPS,1600.0,585.0
2026-05-07T19:44:11,07/05/2026 19:25,50.0,13064.0,1081.0,6422.0,2934.0,1372.0,481.0,633.0,SHARAVATHI,1035.0,580.0
2026-05-07T19:44:11,07/05/2026 19:25,50.0,13064.0,1081.0,6422.0,2934.0,1372.0,481.0,633.0,NAGJHARI,900.0,662.0
2026-05-07T19:44:11,07/05/2026 19:25,50.0,13064.0,1081.0,6422.0,2934.0,1372.0,481.0,633.0,VARAHI,460.0,130.0
2026-05-07T19:44:11,07/05/2026 19:25,50.0,13064.0,1081.0,6422.0,2934.0,1372.0,481.0,633.0,KODSALLI,120.0,116.0
2026-05-07T19:44:11,07/05/2026 19:25,50.0,13064.0,1081.0,6422.0,2934.0,1372.0,481.0,633.0,KADRA,150.0,146.0
2026-05-07T19:44:11,07/05/2026 19:25,50.0,13064.0,1081.0,6422.0,2934.0,1372.0,481.0,633.0,GERUSOPPA,240.0,219.0
2026-05-07T19:44:11,07/05/2026 19:25,50.0,13064.0,1081.0,6422.0,2934.0,1372.0,481.0,633.0,JOG,139.2,64.0
2026-05-07T19:44:11,07/05/2026 19:25,50.0,13064.0,1081.0,6422.0,2934.0,1372.0,481.0,633.0,LPH,55.0,13.0
2026-05-07T19:44:11,07/05/2026 19:25,50.0,13064.0,1081.0,6422.0,2934.0,1372.0,481.0,633.0,SUPA,100.0,74.0
2026-05-07T19:44:11,07/05/2026 19:25,50.0,13064.0,1081.0,6422.0,2934.0,1372.0,481.0,633.0,SHIMSHA,17.2,0.0
2026-05-07T19:44:11,07/05/2026 19:25,50.0,13064.0,1081.0,6422.0,2934.0,1372.0,481.0,633.0,SHIVASAMUDRA,42.0,0.0
2026-05-07T19:44:11,07/05/2026 19:25,50.0,13064.0,1081.0,6422.0,2934.0,1372.0,481.0,633.0,MANIDAM,9.0,1.0
2026-05-07T19:44:11,07/05/2026 19:25,50.0,13064.0,1081.0,6422.0,2934.0,1372.0,481.0,633.0,MUNRABAD,38.0,0.0
2026-05-07T19:44:11,07/05/2026 19:25,50.0,13064.0,1081.0,6422.0,2934.0,1372.0,481.0,633.0,BHADRA,39.2,0.0
2026-05-07T19:44:11,07/05/2026 19:25,50.0,13064.0,1081.0,6422.0,2934.0,1372.0,481.0,633.0,GHATAPRABHA,32.0,0.0
2026-05-07T19:44:11,07/05/2026 19:25,50.0,13064.0,1081.0,6422.0,2934.0,1372.0,481.0,633.0,ALMATTI,290.0,0.0
2026-05-07T19:44:11,07/05/2026 19:25,50.0,13064.0,1081.0,6422.0,2934.0,1372.0,481.0,633.0,JINDAL,1460.0,107.0
2026-05-07T19:44:11,07/05/2026 19:25,50.0,13064.0,1081.0,6422.0,2934.0,1372.0,481.0,633.0,UPCL,1200.0,481.0
2026-05-07T19:44:11,07/05/2026 19:25,50.0,13064.0,1081.0,6422.0,2934.0,1372.0,481.0,633.0,YCCP,370.0,0.0
2026-05-07T19:45:10,07/05/2026 19:25,50.0,13064.0,1081.0,6422.0,2934.0,1372.0,481.0,633.0,RTPS,1720.0,869.0
2026-05-07T19:45:10,07/05/2026 19:25,50.0,13064.0,1081.0,6422.0,2934.0,1372.0,481.0,633.0,BTPS,1700.0,1480.0
2026-05-07T19:45:10,07/05/2026 19:25,50.0,13064.0,1081.0,6422.0,2934.0,1372.0,481.0,633.0,YTPS,1600.0,585.0
2026-05-07T19:45:10,07/05/2026 19:25,50.0,13064.0,1081.0,6422.0,2934.0,1372.0,481.0,633.0,SHARAVATHI,1035.0,580.0
2026-05-07T19:45:10,07/05/2026 19:25,50.0,13064.0,1081.0,6422.0,2934.0,1372.0,481.0,633.0,NAGJHARI,900.0,662.0
2026-05-07T19:45:10,07/05/2026 19:25,50.0,13064.0,1081.0,6422.0,2934.0,1372.0,481.0,633.0,VARAHI,460.0,130.0
2026-05-07T19:45:10,07/05/2026 19:25,50.0,13064.0,1081.0,6422.0,2934.0,1372.0,481.0,633.0,KODSALLI,120.0,116.0
2026-05-07T19:45:10,07/05/2026 19:25,50.0,13064.0,1081.0,6422.0,2934.0,1372.0,481.0,633.0,KADRA,150.0,146.0
2026-05-07T19:45:10,07/05/2026 19:25,50.0,13064.0,1081.0,6422.0,2934.0,1372.0,481.0,633.0,GERUSOPPA,240.0,219.0
2026-05-07T19:45:10,07/05/2026 19:25,50.0,13064.0,1081.0,6422.0,2934.0,1372.0,481.0,633.0,JOG,139.2,64.0
2026-05-07T19:45:10,07/05/2026 19:25,50.0,13064.0,1081.0,6422.0,2934.0,1372.0,481.0,633.0,LPH,55.0,13.0
2026-05-07T19:45:10,07/05/2026 19:25,50.0,13064.0,1081.0,6422.0,2934.0,1372.0,481.0,633.0,SUPA,100.0,74.0
2026-05-07T19:45:10,07/05/2026 19:25,50.0,13064.0,1081.0,6422.0,2934.0,1372.0,481.0,633.0,SHIMSHA,17.2,0.0
2026-05-07T19:45:10,07/05/2026 19:25,50.0,13064.0,1081.0,6422.0,2934.0,1372.0,481.0,633.0,SHIVASAMUDRA,42.0,0.0
2026-05-07T19:45:10,07/05/2026 19:25,50.0,13064.0,1081.0,6422.0,2934.0,1372.0,481.0,633.0,MANIDAM,9.0,1.0
2026-05-07T19:45:10,07/05/2026 19:25,50.0,13064.0,1081.0,6422.0,2934.0,1372.0,481.0,633.0,MUNRABAD,38.0,0.0
2026-05-07T19:45:10,07/05/2026 19:25,50.0,13064.0,1081.0,6422.0,2934.0,1372.0,481.0,633.0,BHADRA,39.2,0.0
2026-05-07T19:45:10,07/05/2026 19:25,50.0,13064.0,1081.0,6422.0,2934.0,1372.0,481.0,633.0,GHATAPRABHA,32.0,0.0
2026-05-07T19:45:10,07/05/2026 19:25,50.0,13064.0,1081.0,6422.0,2934.0,1372.0,481.0,633.0,ALMATTI,290.0,0.0
2026-05-07T19:45:10,07/05/2026 19:25,50.0,13064.0,1081.0,6422.0,2934.0,1372.0,481.0,633.0,JINDAL,1460.0,107.0
2026-05-07T19:45:10,07/05/2026 19:25,50.0,13064.0,1081.0,6422.0,2934.0,1372.0,481.0,633.0,UPCL,1200.0,481.0
2026-05-07T19:45:10,07/05/2026 19:25,50.0,13064.0,1081.0,6422.0,2934.0,1372.0,481.0,633.0,YCCP,370.0,0.0
2026-05-07T19:46:10,07/05/2026 19:25,50.0,13064.0,1081.0,6422.0,2934.0,1372.0,481.0,633.0,RTPS,1720.0,869.0
2026-05-07T19:46:10,07/05/2026 19:25,50.0,13064.0,1081.0,6422.0,2934.0,1372.0,481.0,633.0,BTPS,1700.0,1480.0
2026-05-07T19:46:10,07/05/2026 19:25,50.0,13064.0,1081.0,6422.0,2934.0,1372.0,481.0,633.0,YTPS,1600.0,585.0
2026-05-07T19:46:10,07/05/2026 19:25,50.0,13064.0,1081.0,6422.0,2934.0,1372.0,481.0,633.0,SHARAVATHI,1035.0,580.0
2026-05-07T19:46:10,07/05/2026 19:25,50.0,13064.0,1081.0,6422.0,2934.0,1372.0,481.0,633.0,NAGJHARI,900.0,662.0
2026-05-07T19:46:10,07/05/2026 19:25,50.0,13064.0,1081.0,6422.0,2934.0,1372.0,481.0,633.0,VARAHI,460.0,130.0
2026-05-07T19:46:10,07/05/2026 19:25,50.0,13064.0,1081.0,6422.0,2934.0,1372.0,481.0,633.0,KODSALLI,120.0,116.0
2026-05-07T19:46:10,07/05/2026 19:25,50.0,13064.0,1081.0,6422.0,2934.0,1372.0,481.0,633.0,KADRA,150.0,146.0
2026-05-07T19:46:10,07/05/2026 19:25,50.0,13064.0,1081.0,6422.0,2934.0,1372.0,481.0,633.0,GERUSOPPA,240.0,219.0
2026-05-07T19:46:10,07/05/2026 19:25,50.0,13064.0,1081.0,6422.0,2934.0,1372.0,481.0,633.0,JOG,139.2,64.0
2026-05-07T19:46:10,07/05/2026 19:25,50.0,13064.0,1081.0,6422.0,2934.0,1372.0,481.0,633.0,LPH,55.0,13.0
2026-05-07T19:46:10,07/05/2026 19:25,50.0,13064.0,1081.0,6422.0,2934.0,1372.0,481.0,633.0,SUPA,100.0,74.0
2026-05-07T19:46:10,07/05/2026 19:25,50.0,13064.0,1081.0,6422.0,2934.0,1372.0,481.0,633.0,SHIMSHA,17.2,0.0
2026-05-07T19:46:10,07/05/2026 19:25,50.0,13064.0,1081.0,6422.0,2934.0,1372.0,481.0,633.0,SHIVASAMUDRA,42.0,0.0
2026-05-07T19:46:10,07/05/2026 19:25,50.0,13064.0,1081.0,6422.0,2934.0,1372.0,481.0,633.0,MANIDAM,9.0,1.0
2026-05-07T19:46:10,07/05/2026 19:25,50.0,13064.0,1081.0,6422.0,2934.0,1372.0,481.0,633.0,MUNRABAD,38.0,0.0
2026-05-07T19:46:10,07/05/2026 19:25,50.0,13064.0,1081.0,6422.0,2934.0,1372.0,481.0,633.0,BHADRA,39.2,0.0
2026-05-07T19:46:10,07/05/2026 19:25,50.0,13064.0,1081.0,6422.0,2934.0,1372.0,481.0,633.0,GHATAPRABHA,32.0,0.0
2026-05-07T19:46:10,07/05/2026 19:25,50.0,13064.0,1081.0,6422.0,2934.0,1372.0,481.0,633.0,ALMATTI,290.0,0.0
2026-05-07T19:46:10,07/05/2026 19:25,50.0,13064.0,1081.0,6422.0,2934.0,1372.0,481.0,633.0,JINDAL,1460.0,107.0
2026-05-07T19:46:10,07/05/2026 19:25,50.0,13064.0,1081.0,6422.0,2934.0,1372.0,481.0,633.0,UPCL,1200.0,481.0
2026-05-07T19:46:10,07/05/2026 19:25,50.0,13064.0,1081.0,6422.0,2934.0,1372.0,481.0,633.0,YCCP,370.0,0.0
2026-05-07T19:47:10,07/05/2026 19:25,50.0,13064.0,1081.0,6422.0,2934.0,1372.0,481.0,633.0,RTPS,1720.0,869.0
2026-05-07T19:47:10,07/05/2026 19:25,50.0,13064.0,1081.0,6422.0,2934.0,1372.0,481.0,633.0,BTPS,1700.0,1480.0
2026-05-07T19:47:10,07/05/2026 19:25,50.0,13064.0,1081.0,6422.0,2934.0,1372.0,481.0,633.0,YTPS,1600.0,585.0
2026-05-07T19:47:10,07/05/2026 19:25,50.0,13064.0,1081.0,6422.0,2934.0,1372.0,481.0,633.0,SHARAVATHI,1035.0,580.0
2026-05-07T19:47:10,07/05/2026 19:25,50.0,13064.0,1081.0,6422.0,2934.0,1372.0,481.0,633.0,NAGJHARI,900.0,662.0
2026-05-07T19:47:10,07/05/2026 19:25,50.0,13064.0,1081.0,6422.0,2934.0,1372.0,481.0,633.0,VARAHI,460.0,130.0
2026-05-07T19:47:10,07/05/2026 19:25,50.0,13064.0,1081.0,6422.0,2934.0,1372.0,481.0,633.0,KODSALLI,120.0,116.0
2026-05-07T19:47:10,07/05/2026 19:25,50.0,13064.0,1081.0,6422.0,2934.0,1372.0,481.0,633.0,KADRA,150.0,146.0
2026-05-07T19:47:10,07/05/2026 19:25,50.0,13064.0,1081.0,6422.0,2934.0,1372.0,481.0,633.0,GERUSOPPA,240.0,219.0
2026-05-07T19:47:10,07/05/2026 19:25,50.0,13064.0,1081.0,6422.0,2934.0,1372.0,481.0,633.0,JOG,139.2,64.0
2026-05-07T19:47:10,07/05/2026 19:25,50.0,13064.0,1081.0,6422.0,2934.0,1372.0,481.0,633.0,LPH,55.0,13.0
2026-05-07T19:47:10,07/05/2026 19:25,50.0,13064.0,1081.0,6422.0,2934.0,1372.0,481.0,633.0,SUPA,100.0,74.0
2026-05-07T19:47:10,07/05/2026 19:25,50.0,13064.0,1081.0,6422.0,2934.0,1372.0,481.0,633.0,SHIMSHA,17.2,0.0
2026-05-07T19:47:10,07/05/2026 19:25,50.0,13064.0,1081.0,6422.0,2934.0,1372.0,481.0,633.0,SHIVASAMUDRA,42.0,0.0
2026-05-07T19:47:10,07/05/2026 19:25,50.0,13064.0,1081.0,6422.0,2934.0,1372.0,481.0,633.0,MANIDAM,9.0,1.0
2026-05-07T19:47:10,07/05/2026 19:25,50.0,13064.0,1081.0,6422.0,2934.0,1372.0,481.0,633.0,MUNRABAD,38.0,0.0
2026-05-07T19:47:10,07/05/2026 19:25,50.0,13064.0,1081.0,6422.0,2934.0,1372.0,481.0,633.0,BHADRA,39.2,0.0
2026-05-07T19:47:10,07/05/2026 19:25,50.0,13064.0,1081.0,6422.0,2934.0,1372.0,481.0,633.0,GHATAPRABHA,32.0,0.0
2026-05-07T19:47:10,07/05/2026 19:25,50.0,13064.0,1081.0,6422.0,2934.0,1372.0,481.0,633.0,ALMATTI,290.0,0.0
2026-05-07T19:47:10,07/05/2026 19:25,50.0,13064.0,1081.0,6422.0,2934.0,1372.0,481.0,633.0,JINDAL,1460.0,107.0
2026-05-07T19:47:10,07/05/2026 19:25,50.0,13064.0,1081.0,6422.0,2934.0,1372.0,481.0,633.0,UPCL,1200.0,481.0
2026-05-07T19:47:10,07/05/2026 19:25,50.0,13064.0,1081.0,6422.0,2934.0,1372.0,481.0,633.0,YCCP,370.0,0.0
2026-05-07T19:48:10,07/05/2026 19:45,49.9,13036.0,1142.0,6285.0,2943.0,1238.0,480.0,631.0,RTPS,1720.0,867.0
2026-05-07T19:48:10,07/05/2026 19:45,49.9,13036.0,1142.0,6285.0,2943.0,1238.0,480.0,631.0,BTPS,1700.0,1485.0
2026-05-07T19:48:10,07/05/2026 19:45,49.9,13036.0,1142.0,6285.0,2943.0,1238.0,480.0,631.0,YTPS,1600.0,591.0
2026-05-07T19:48:10,07/05/2026 19:45,49.9,13036.0,1142.0,6285.0,2943.0,1238.0,480.0,631.0,SHARAVATHI,1035.0,584.0
2026-05-07T19:48:10,07/05/2026 19:45,49.9,13036.0,1142.0,6285.0,2943.0,1238.0,480.0,631.0,NAGJHARI,900.0,562.0
2026-05-07T19:48:10,07/05/2026 19:45,49.9,13036.0,1142.0,6285.0,2943.0,1238.0,480.0,631.0,VARAHI,460.0,92.0
2026-05-07T19:48:10,07/05/2026 19:45,49.9,13036.0,1142.0,6285.0,2943.0,1238.0,480.0,631.0,KODSALLI,120.0,115.0
2026-05-07T19:48:10,07/05/2026 19:45,49.9,13036.0,1142.0,6285.0,2943.0,1238.0,480.0,631.0,KADRA,150.0,146.0
2026-05-07T19:48:10,07/05/2026 19:45,49.9,13036.0,1142.0,6285.0,2943.0,1238.0,480.0,631.0,GERUSOPPA,240.0,218.0
2026-05-07T19:48:10,07/05/2026 19:45,49.9,13036.0,1142.0,6285.0,2943.0,1238.0,480.0,631.0,JOG,139.2,64.0
2026-05-07T19:48:10,07/05/2026 19:45,49.9,13036.0,1142.0,6285.0,2943.0,1238.0,480.0,631.0,LPH,55.0,12.0
2026-05-07T19:48:10,07/05/2026 19:45,49.9,13036.0,1142.0,6285.0,2943.0,1238.0,480.0,631.0,SUPA,100.0,74.0
2026-05-07T19:48:10,07/05/2026 19:45,49.9,13036.0,1142.0,6285.0,2943.0,1238.0,480.0,631.0,SHIMSHA,17.2,0.0
2026-05-07T19:48:10,07/05/2026 19:45,49.9,13036.0,1142.0,6285.0,2943.0,1238.0,480.0,631.0,SHIVASAMUDRA,42.0,0.0
2026-05-07T19:48:10,07/05/2026 19:45,49.9,13036.0,1142.0,6285.0,2943.0,1238.0,480.0,631.0,MANIDAM,9.0,2.0
2026-05-07T19:48:10,07/05/2026 19:45,49.9,13036.0,1142.0,6285.0,2943.0,1238.0,480.0,631.0,MUNRABAD,38.0,0.0
2026-05-07T19:48:10,07/05/2026 19:45,49.9,13036.0,1142.0,6285.0,2943.0,1238.0,480.0,631.0,BHADRA,39.2,0.0
2026-05-07T19:48:10,07/05/2026 19:45,49.9,13036.0,1142.0,6285.0,2943.0,1238.0,480.0,631.0,GHATAPRABHA,32.0,0.0
2026-05-07T19:48:10,07/05/2026 19:45,49.9,13036.0,1142.0,6285.0,2943.0,1238.0,480.0,631.0,ALMATTI,290.0,0.0
2026-05-07T19:48:10,07/05/2026 19:45,49.9,13036.0,1142.0,6285.0,2943.0,1238.0,480.0,631.0,JINDAL,1460.0,226.0
2026-05-07T19:48:10,07/05/2026 19:45,49.9,13036.0,1142.0,6285.0,2943.0,1238.0,480.0,631.0,UPCL,1200.0,480.0
2026-05-07T19:48:10,07/05/2026 19:45,49.9,13036.0,1142.0,6285.0,2943.0,1238.0,480.0,631.0,YCCP,370.0,0.0
2026-05-07T19:49:10,07/05/2026 19:45,49.9,13036.0,1142.0,6285.0,2943.0,1238.0,480.0,631.0,RTPS,1720.0,867.0
2026-05-07T19:49:10,07/05/2026 19:45,49.9,13036.0,1142.0,6285.0,2943.0,1238.0,480.0,631.0,BTPS,1700.0,1485.0
2026-05-07T19:49:10,07/05/2026 19:45,49.9,13036.0,1142.0,6285.0,2943.0,1238.0,480.0,631.0,YTPS,1600.0,591.0
2026-05-07T19:49:10,07/05/2026 19:45,49.9,13036.0,1142.0,6285.0,2943.0,1238.0,480.0,631.0,SHARAVATHI,1035.0,584.0
2026-05-07T19:49:10,07/05/2026 19:45,49.9,13036.0,1142.0,6285.0,2943.0,1238.0,480.0,631.0,NAGJHARI,900.0,562.0
2026-05-07T19:49:10,07/05/2026 19:45,49.9,13036.0,1142.0,6285.0,2943.0,1238.0,480.0,631.0,VARAHI,460.0,92.0
2026-05-07T19:49:10,07/05/2026 19:45,49.9,13036.0,1142.0,6285.0,2943.0,1238.0,480.0,631.0,KODSALLI,120.0,115.0
2026-05-07T19:49:10,07/05/2026 19:45,49.9,13036.0,1142.0,6285.0,2943.0,1238.0,480.0,631.0,KADRA,150.0,146.0
2026-05-07T19:49:10,07/05/2026 19:45,49.9,13036.0,1142.0,6285.0,2943.0,1238.0,480.0,631.0,GERUSOPPA,240.0,218.0
2026-05-07T19:49:10,07/05/2026 19:45,49.9,13036.0,1142.0,6285.0,2943.0,1238.0,480.0,631.0,JOG,139.2,64.0
2026-05-07T19:49:10,07/05/2026 19:45,49.9,13036.0,1142.0,6285.0,2943.0,1238.0,480.0,631.0,LPH,55.0,12.0
2026-05-07T19:49:10,07/05/2026 19:45,49.9,13036.0,1142.0,6285.0,2943.0,1238.0,480.0,631.0,SUPA,100.0,74.0
2026-05-07T19:49:10,07/05/2026 19:45,49.9,13036.0,1142.0,6285.0,2943.0,1238.0,480.0,631.0,SHIMSHA,17.2,0.0
2026-05-07T19:49:10,07/05/2026 19:45,49.9,13036.0,1142.0,6285.0,2943.0,1238.0,480.0,631.0,SHIVASAMUDRA,42.0,0.0
2026-05-07T19:49:10,07/05/2026 19:45,49.9,13036.0,1142.0,6285.0,2943.0,1238.0,480.0,631.0,MANIDAM,9.0,2.0
2026-05-07T19:49:10,07/05/2026 19:45,49.9,13036.0,1142.0,6285.0,2943.0,1238.0,480.0,631.0,MUNRABAD,38.0,0.0
2026-05-07T19:49:10,07/05/2026 19:45,49.9,13036.0,1142.0,6285.0,2943.0,1238.0,480.0,631.0,BHADRA,39.2,0.0
2026-05-07T19:49:10,07/05/2026 19:45,49.9,13036.0,1142.0,6285.0,2943.0,1238.0,480.0,631.0,GHATAPRABHA,32.0,0.0
2026-05-07T19:49:10,07/05/2026 19:45,49.9,13036.0,1142.0,6285.0,2943.0,1238.0,480.0,631.0,ALMATTI,290.0,0.0
2026-05-07T19:49:10,07/05/2026 19:45,49.9,13036.0,1142.0,6285.0,2943.0,1238.0,480.0,631.0,JINDAL,1460.0,226.0
2026-05-07T19:49:10,07/05/2026 19:45,49.9,13036.0,1142.0,6285.0,2943.0,1238.0,480.0,631.0,UPCL,1200.0,480.0
2026-05-07T19:49:10,07/05/2026 19:45,49.9,13036.0,1142.0,6285.0,2943.0,1238.0,480.0,631.0,YCCP,370.0,0.0
2026-05-07T19:50:10,07/05/2026 19:45,49.9,13036.0,1142.0,6285.0,2943.0,1238.0,480.0,631.0,RTPS,1720.0,867.0
2026-05-07T19:50:10,07/05/2026 19:45,49.9,13036.0,1142.0,6285.0,2943.0,1238.0,480.0,631.0,BTPS,1700.0,1485.0
2026-05-07T19:50:10,07/05/2026 19:45,49.9,13036.0,1142.0,6285.0,2943.0,1238.0,480.0,631.0,YTPS,1600.0,591.0
2026-05-07T19:50:10,07/05/2026 19:45,49.9,13036.0,1142.0,6285.0,2943.0,1238.0,480.0,631.0,SHARAVATHI,1035.0,584.0
2026-05-07T19:50:10,07/05/2026 19:45,49.9,13036.0,1142.0,6285.0,2943.0,1238.0,480.0,631.0,NAGJHARI,900.0,562.0
2026-05-07T19:50:10,07/05/2026 19:45,49.9,13036.0,1142.0,6285.0,2943.0,1238.0,480.0,631.0,VARAHI,460.0,92.0
2026-05-07T19:50:10,07/05/2026 19:45,49.9,13036.0,1142.0,6285.0,2943.0,1238.0,480.0,631.0,KODSALLI,120.0,115.0
2026-05-07T19:50:10,07/05/2026 19:45,49.9,13036.0,1142.0,6285.0,2943.0,1238.0,480.0,631.0,KADRA,150.0,146.0
2026-05-07T19:50:10,07/05/2026 19:45,49.9,13036.0,1142.0,6285.0,2943.0,1238.0,480.0,631.0,GERUSOPPA,240.0,218.0
2026-05-07T19:50:10,07/05/2026 19:45,49.9,13036.0,1142.0,6285.0,2943.0,1238.0,480.0,631.0,JOG,139.2,64.0
2026-05-07T19:50:10,07/05/2026 19:45,49.9,13036.0,1142.0,6285.0,2943.0,1238.0,480.0,631.0,LPH,55.0,12.0
2026-05-07T19:50:10,07/05/2026 19:45,49.9,13036.0,1142.0,6285.0,2943.0,1238.0,480.0,631.0,SUPA,100.0,74.0
2026-05-07T19:50:10,07/05/2026 19:45,49.9,13036.0,1142.0,6285.0,2943.0,1238.0,480.0,631.0,SHIMSHA,17.2,0.0
2026-05-07T19:50:10,07/05/2026 19:45,49.9,13036.0,1142.0,6285.0,2943.0,1238.0,480.0,631.0,SHIVASAMUDRA,42.0,0.0
2026-05-07T19:50:10,07/05/2026 19:45,49.9,13036.0,1142.0,6285.0,2943.0,1238.0,480.0,631.0,MANIDAM,9.0,2.0
2026-05-07T19:50:10,07/05/2026 19:45,49.9,13036.0,1142.0,6285.0,2943.0,1238.0,480.0,631.0,MUNRABAD,38.0,0.0
2026-05-07T19:50:10,07/05/2026 19:45,49.9,13036.0,1142.0,6285.0,2943.0,1238.0,480.0,631.0,BHADRA,39.2,0.0
2026-05-07T19:50:10,07/05/2026 19:45,49.9,13036.0,1142.0,6285.0,2943.0,1238.0,480.0,631.0,GHATAPRABHA,32.0,0.0
2026-05-07T19:50:10,07/05/2026 19:45,49.9,13036.0,1142.0,6285.0,2943.0,1238.0,480.0,631.0,ALMATTI,290.0,0.0
2026-05-07T19:50:10,07/05/2026 19:45,49.9,13036.0,1142.0,6285.0,2943.0,1238.0,480.0,631.0,JINDAL,1460.0,226.0
2026-05-07T19:50:10,07/05/2026 19:45,49.9,13036.0,1142.0,6285.0,2943.0,1238.0,480.0,631.0,UPCL,1200.0,480.0
2026-05-07T19:50:10,07/05/2026 19:45,49.9,13036.0,1142.0,6285.0,2943.0,1238.0,480.0,631.0,YCCP,370.0,0.0
2026-05-07T19:51:10,07/05/2026 19:45,49.9,13036.0,1142.0,6285.0,2943.0,1238.0,480.0,631.0,RTPS,1720.0,867.0
2026-05-07T19:51:10,07/05/2026 19:45,49.9,13036.0,1142.0,6285.0,2943.0,1238.0,480.0,631.0,BTPS,1700.0,1485.0
2026-05-07T19:51:10,07/05/2026 19:45,49.9,13036.0,1142.0,6285.0,2943.0,1238.0,480.0,631.0,YTPS,1600.0,591.0
2026-05-07T19:51:10,07/05/2026 19:45,49.9,13036.0,1142.0,6285.0,2943.0,1238.0,480.0,631.0,SHARAVATHI,1035.0,584.0
2026-05-07T19:51:10,07/05/2026 19:45,49.9,13036.0,1142.0,6285.0,2943.0,1238.0,480.0,631.0,NAGJHARI,900.0,562.0
2026-05-07T19:51:10,07/05/2026 19:45,49.9,13036.0,1142.0,6285.0,2943.0,1238.0,480.0,631.0,VARAHI,460.0,92.0
2026-05-07T19:51:10,07/05/2026 19:45,49.9,13036.0,1142.0,6285.0,2943.0,1238.0,480.0,631.0,KODSALLI,120.0,115.0
2026-05-07T19:51:10,07/05/2026 19:45,49.9,13036.0,1142.0,6285.0,2943.0,1238.0,480.0,631.0,KADRA,150.0,146.0
2026-05-07T19:51:10,07/05/2026 19:45,49.9,13036.0,1142.0,6285.0,2943.0,1238.0,480.0,631.0,GERUSOPPA,240.0,218.0
2026-05-07T19:51:10,07/05/2026 19:45,49.9,13036.0,1142.0,6285.0,2943.0,1238.0,480.0,631.0,JOG,139.2,64.0
2026-05-07T19:51:10,07/05/2026 19:45,49.9,13036.0,1142.0,6285.0,2943.0,1238.0,480.0,631.0,LPH,55.0,12.0
2026-05-07T19:51:10,07/05/2026 19:45,49.9,13036.0,1142.0,6285.0,2943.0,1238.0,480.0,631.0,SUPA,100.0,74.0
2026-05-07T19:51:10,07/05/2026 19:45,49.9,13036.0,1142.0,6285.0,2943.0,1238.0,480.0,631.0,SHIMSHA,17.2,0.0
2026-05-07T19:51:10,07/05/2026 19:45,49.9,13036.0,1142.0,6285.0,2943.0,1238.0,480.0,631.0,SHIVASAMUDRA,42.0,0.0
2026-05-07T19:51:10,07/05/2026 19:45,49.9,13036.0,1142.0,6285.0,2943.0,1238.0,480.0,631.0,MANIDAM,9.0,2.0
2026-05-07T19:51:10,07/05/2026 19:45,49.9,13036.0,1142.0,6285.0,2943.0,1238.0,480.0,631.0,MUNRABAD,38.0,0.0
2026-05-07T19:51:10,07/05/2026 19:45,49.9,13036.0,1142.0,6285.0,2943.0,1238.0,480.0,631.0,BHADRA,39.2,0.0
2026-05-07T19:51:10,07/05/2026 19:45,49.9,13036.0,1142.0,6285.0,2943.0,1238.0,480.0,631.0,GHATAPRABHA,32.0,0.0
2026-05-07T19:51:10,07/05/2026 19:45,49.9,13036.0,1142.0,6285.0,2943.0,1238.0,480.0,631.0,ALMATTI,290.0,0.0
2026-05-07T19:51:10,07/05/2026 19:45,49.9,13036.0,1142.0,6285.0,2943.0,1238.0,480.0,631.0,JINDAL,1460.0,226.0
2026-05-07T19:51:10,07/05/2026 19:45,49.9,13036.0,1142.0,6285.0,2943.0,1238.0,480.0,631.0,UPCL,1200.0,480.0
2026-05-07T19:51:10,07/05/2026 19:45,49.9,13036.0,1142.0,6285.0,2943.0,1238.0,480.0,631.0,YCCP,370.0,0.0
2026-05-07T19:52:10,07/05/2026 19:45,49.9,13036.0,1142.0,6285.0,2943.0,1238.0,480.0,631.0,RTPS,1720.0,867.0
2026-05-07T19:52:10,07/05/2026 19:45,49.9,13036.0,1142.0,6285.0,2943.0,1238.0,480.0,631.0,BTPS,1700.0,1485.0
2026-05-07T19:52:10,07/05/2026 19:45,49.9,13036.0,1142.0,6285.0,2943.0,1238.0,480.0,631.0,YTPS,1600.0,591.0
2026-05-07T19:52:10,07/05/2026 19:45,49.9,13036.0,1142.0,6285.0,2943.0,1238.0,480.0,631.0,SHARAVATHI,1035.0,584.0
2026-05-07T19:52:10,07/05/2026 19:45,49.9,13036.0,1142.0,6285.0,2943.0,1238.0,480.0,631.0,NAGJHARI,900.0,562.0
2026-05-07T19:52:10,07/05/2026 19:45,49.9,13036.0,1142.0,6285.0,2943.0,1238.0,480.0,631.0,VARAHI,460.0,92.0
2026-05-07T19:52:10,07/05/2026 19:45,49.9,13036.0,1142.0,6285.0,2943.0,1238.0,480.0,631.0,KODSALLI,120.0,115.0
2026-05-07T19:52:10,07/05/2026 19:45,49.9,13036.0,1142.0,6285.0,2943.0,1238.0,480.0,631.0,KADRA,150.0,146.0
2026-05-07T19:52:10,07/05/2026 19:45,49.9,13036.0,1142.0,6285.0,2943.0,1238.0,480.0,631.0,GERUSOPPA,240.0,218.0
2026-05-07T19:52:10,07/05/2026 19:45,49.9,13036.0,1142.0,6285.0,2943.0,1238.0,480.0,631.0,JOG,139.2,64.0
2026-05-07T19:52:10,07/05/2026 19:45,49.9,13036.0,1142.0,6285.0,2943.0,1238.0,480.0,631.0,LPH,55.0,12.0
2026-05-07T19:52:10,07/05/2026 19:45,49.9,13036.0,1142.0,6285.0,2943.0,1238.0,480.0,631.0,SUPA,100.0,74.0
2026-05-07T19:52:10,07/05/2026 19:45,49.9,13036.0,1142.0,6285.0,2943.0,1238.0,480.0,631.0,SHIMSHA,17.2,0.0
2026-05-07T19:52:10,07/05/2026 19:45,49.9,13036.0,1142.0,6285.0,2943.0,1238.0,480.0,631.0,SHIVASAMUDRA,42.0,0.0
2026-05-07T19:52:10,07/05/2026 19:45,49.9,13036.0,1142.0,6285.0,2943.0,1238.0,480.0,631.0,MANIDAM,9.0,2.0
2026-05-07T19:52:10,07/05/2026 19:45,49.9,13036.0,1142.0,6285.0,2943.0,1238.0,480.0,631.0,MUNRABAD,38.0,0.0
2026-05-07T19:52:10,07/05/2026 19:45,49.9,13036.0,1142.0,6285.0,2943.0,1238.0,480.0,631.0,BHADRA,39.2,0.0
2026-05-07T19:52:10,07/05/2026 19:45,49.9,13036.0,1142.0,6285.0,2943.0,1238.0,480.0,631.0,GHATAPRABHA,32.0,0.0
2026-05-07T19:52:10,07/05/2026 19:45,49.9,13036.0,1142.0,6285.0,2943.0,1238.0,480.0,631.0,ALMATTI,290.0,0.0
2026-05-07T19:52:10,07/05/2026 19:45,49.9,13036.0,1142.0,6285.0,2943.0,1238.0,480.0,631.0,JINDAL,1460.0,226.0
2026-05-07T19:52:10,07/05/2026 19:45,49.9,13036.0,1142.0,6285.0,2943.0,1238.0,480.0,631.0,UPCL,1200.0,480.0
2026-05-07T19:52:10,07/05/2026 19:45,49.9,13036.0,1142.0,6285.0,2943.0,1238.0,480.0,631.0,YCCP,370.0,0.0
2026-05-07T19:53:10,07/05/2026 19:45,49.9,13036.0,1142.0,6285.0,2943.0,1238.0,480.0,631.0,RTPS,1720.0,867.0
2026-05-07T19:53:10,07/05/2026 19:45,49.9,13036.0,1142.0,6285.0,2943.0,1238.0,480.0,631.0,BTPS,1700.0,1485.0
2026-05-07T19:53:10,07/05/2026 19:45,49.9,13036.0,1142.0,6285.0,2943.0,1238.0,480.0,631.0,YTPS,1600.0,591.0
2026-05-07T19:53:10,07/05/2026 19:45,49.9,13036.0,1142.0,6285.0,2943.0,1238.0,480.0,631.0,SHARAVATHI,1035.0,584.0
2026-05-07T19:53:10,07/05/2026 19:45,49.9,13036.0,1142.0,6285.0,2943.0,1238.0,480.0,631.0,NAGJHARI,900.0,562.0
2026-05-07T19:53:10,07/05/2026 19:45,49.9,13036.0,1142.0,6285.0,2943.0,1238.0,480.0,631.0,VARAHI,460.0,92.0
2026-05-07T19:53:10,07/05/2026 19:45,49.9,13036.0,1142.0,6285.0,2943.0,1238.0,480.0,631.0,KODSALLI,120.0,115.0
2026-05-07T19:53:10,07/05/2026 19:45,49.9,13036.0,1142.0,6285.0,2943.0,1238.0,480.0,631.0,KADRA,150.0,146.0
2026-05-07T19:53:10,07/05/2026 19:45,49.9,13036.0,1142.0,6285.0,2943.0,1238.0,480.0,631.0,GERUSOPPA,240.0,218.0
2026-05-07T19:53:10,07/05/2026 19:45,49.9,13036.0,1142.0,6285.0,2943.0,1238.0,480.0,631.0,JOG,139.2,64.0
2026-05-07T19:53:10,07/05/2026 19:45,49.9,13036.0,1142.0,6285.0,2943.0,1238.0,480.0,631.0,LPH,55.0,12.0
2026-05-07T19:53:10,07/05/2026 19:45,49.9,13036.0,1142.0,6285.0,2943.0,1238.0,480.0,631.0,SUPA,100.0,74.0
2026-05-07T19:53:10,07/05/2026 19:45,49.9,13036.0,1142.0,6285.0,2943.0,1238.0,480.0,631.0,SHIMSHA,17.2,0.0
2026-05-07T19:53:10,07/05/2026 19:45,49.9,13036.0,1142.0,6285.0,2943.0,1238.0,480.0,631.0,SHIVASAMUDRA,42.0,0.0
2026-05-07T19:53:10,07/05/2026 19:45,49.9,13036.0,1142.0,6285.0,2943.0,1238.0,480.0,631.0,MANIDAM,9.0,2.0
2026-05-07T19:53:10,07/05/2026 19:45,49.9,13036.0,1142.0,6285.0,2943.0,1238.0,480.0,631.0,MUNRABAD,38.0,0.0
2026-05-07T19:53:10,07/05/2026 19:45,49.9,13036.0,1142.0,6285.0,2943.0,1238.0,480.0,631.0,BHADRA,39.2,0.0
2026-05-07T19:53:10,07/05/2026 19:45,49.9,13036.0,1142.0,6285.0,2943.0,1238.0,480.0,631.0,GHATAPRABHA,32.0,0.0
2026-05-07T19:53:10,07/05/2026 19:45,49.9,13036.0,1142.0,6285.0,2943.0,1238.0,480.0,631.0,ALMATTI,290.0,0.0
2026-05-07T19:53:10,07/05/2026 19:45,49.9,13036.0,1142.0,6285.0,2943.0,1238.0,480.0,631.0,JINDAL,1460.0,226.0
2026-05-07T19:53:10,07/05/2026 19:45,49.9,13036.0,1142.0,6285.0,2943.0,1238.0,480.0,631.0,UPCL,1200.0,480.0
2026-05-07T19:53:10,07/05/2026 19:45,49.9,13036.0,1142.0,6285.0,2943.0,1238.0,480.0,631.0,YCCP,370.0,0.0
2026-05-07T19:54:12,07/05/2026 19:45,49.9,13036.0,1142.0,6285.0,2943.0,1238.0,480.0,631.0,RTPS,1720.0,867.0
2026-05-07T19:54:12,07/05/2026 19:45,49.9,13036.0,1142.0,6285.0,2943.0,1238.0,480.0,631.0,BTPS,1700.0,1485.0
2026-05-07T19:54:12,07/05/2026 19:45,49.9,13036.0,1142.0,6285.0,2943.0,1238.0,480.0,631.0,YTPS,1600.0,591.0
2026-05-07T19:54:12,07/05/2026 19:45,49.9,13036.0,1142.0,6285.0,2943.0,1238.0,480.0,631.0,SHARAVATHI,1035.0,584.0
2026-05-07T19:54:12,07/05/2026 19:45,49.9,13036.0,1142.0,6285.0,2943.0,1238.0,480.0,631.0,NAGJHARI,900.0,562.0
2026-05-07T19:54:12,07/05/2026 19:45,49.9,13036.0,1142.0,6285.0,2943.0,1238.0,480.0,631.0,VARAHI,460.0,92.0
2026-05-07T19:54:12,07/05/2026 19:45,49.9,13036.0,1142.0,6285.0,2943.0,1238.0,480.0,631.0,KODSALLI,120.0,115.0
2026-05-07T19:54:12,07/05/2026 19:45,49.9,13036.0,1142.0,6285.0,2943.0,1238.0,480.0,631.0,KADRA,150.0,146.0
2026-05-07T19:54:12,07/05/2026 19:45,49.9,13036.0,1142.0,6285.0,2943.0,1238.0,480.0,631.0,GERUSOPPA,240.0,218.0
2026-05-07T19:54:12,07/05/2026 19:45,49.9,13036.0,1142.0,6285.0,2943.0,1238.0,480.0,631.0,JOG,139.2,64.0
2026-05-07T19:54:12,07/05/2026 19:45,49.9,13036.0,1142.0,6285.0,2943.0,1238.0,480.0,631.0,LPH,55.0,12.0
2026-05-07T19:54:12,07/05/2026 19:45,49.9,13036.0,1142.0,6285.0,2943.0,1238.0,480.0,631.0,SUPA,100.0,74.0
2026-05-07T19:54:12,07/05/2026 19:45,49.9,13036.0,1142.0,6285.0,2943.0,1238.0,480.0,631.0,SHIMSHA,17.2,0.0
2026-05-07T19:54:12,07/05/2026 19:45,49.9,13036.0,1142.0,6285.0,2943.0,1238.0,480.0,631.0,SHIVASAMUDRA,42.0,0.0
2026-05-07T19:54:12,07/05/2026 19:45,49.9,13036.0,1142.0,6285.0,2943.0,1238.0,480.0,631.0,MANIDAM,9.0,2.0
2026-05-07T19:54:12,07/05/2026 19:45,49.9,13036.0,1142.0,6285.0,2943.0,1238.0,480.0,631.0,MUNRABAD,38.0,0.0
2026-05-07T19:54:12,07/05/2026 19:45,49.9,13036.0,1142.0,6285.0,2943.0,1238.0,480.0,631.0,BHADRA,39.2,0.0
2026-05-07T19:54:12,07/05/2026 19:45,49.9,13036.0,1142.0,6285.0,2943.0,1238.0,480.0,631.0,GHATAPRABHA,32.0,0.0
2026-05-07T19:54:12,07/05/2026 19:45,49.9,13036.0,1142.0,6285.0,2943.0,1238.0,480.0,631.0,ALMATTI,290.0,0.0
2026-05-07T19:54:12,07/05/2026 19:45,49.9,13036.0,1142.0,6285.0,2943.0,1238.0,480.0,631.0,JINDAL,1460.0,226.0
2026-05-07T19:54:12,07/05/2026 19:45,49.9,13036.0,1142.0,6285.0,2943.0,1238.0,480.0,631.0,UPCL,1200.0,480.0
2026-05-07T19:54:12,07/05/2026 19:45,49.9,13036.0,1142.0,6285.0,2943.0,1238.0,480.0,631.0,YCCP,370.0,0.0
2026-05-07T19:55:10,07/05/2026 19:45,49.9,13036.0,1142.0,6285.0,2943.0,1238.0,480.0,631.0,RTPS,1720.0,867.0
2026-05-07T19:55:10,07/05/2026 19:45,49.9,13036.0,1142.0,6285.0,2943.0,1238.0,480.0,631.0,BTPS,1700.0,1485.0
2026-05-07T19:55:10,07/05/2026 19:45,49.9,13036.0,1142.0,6285.0,2943.0,1238.0,480.0,631.0,YTPS,1600.0,591.0
2026-05-07T19:55:10,07/05/2026 19:45,49.9,13036.0,1142.0,6285.0,2943.0,1238.0,480.0,631.0,SHARAVATHI,1035.0,584.0
2026-05-07T19:55:10,07/05/2026 19:45,49.9,13036.0,1142.0,6285.0,2943.0,1238.0,480.0,631.0,NAGJHARI,900.0,562.0
2026-05-07T19:55:10,07/05/2026 19:45,49.9,13036.0,1142.0,6285.0,2943.0,1238.0,480.0,631.0,VARAHI,460.0,92.0
2026-05-07T19:55:10,07/05/2026 19:45,49.9,13036.0,1142.0,6285.0,2943.0,1238.0,480.0,631.0,KODSALLI,120.0,115.0
2026-05-07T19:55:10,07/05/2026 19:45,49.9,13036.0,1142.0,6285.0,2943.0,1238.0,480.0,631.0,KADRA,150.0,146.0
2026-05-07T19:55:10,07/05/2026 19:45,49.9,13036.0,1142.0,6285.0,2943.0,1238.0,480.0,631.0,GERUSOPPA,240.0,218.0
2026-05-07T19:55:10,07/05/2026 19:45,49.9,13036.0,1142.0,6285.0,2943.0,1238.0,480.0,631.0,JOG,139.2,64.0
2026-05-07T19:55:10,07/05/2026 19:45,49.9,13036.0,1142.0,6285.0,2943.0,1238.0,480.0,631.0,LPH,55.0,12.0
2026-05-07T19:55:10,07/05/2026 19:45,49.9,13036.0,1142.0,6285.0,2943.0,1238.0,480.0,631.0,SUPA,100.0,74.0
2026-05-07T19:55:10,07/05/2026 19:45,49.9,13036.0,1142.0,6285.0,2943.0,1238.0,480.0,631.0,SHIMSHA,17.2,0.0
2026-05-07T19:55:10,07/05/2026 19:45,49.9,13036.0,1142.0,6285.0,2943.0,1238.0,480.0,631.0,SHIVASAMUDRA,42.0,0.0
2026-05-07T19:55:10,07/05/2026 19:45,49.9,13036.0,1142.0,6285.0,2943.0,1238.0,480.0,631.0,MANIDAM,9.0,2.0
2026-05-07T19:55:10,07/05/2026 19:45,49.9,13036.0,1142.0,6285.0,2943.0,1238.0,480.0,631.0,MUNRABAD,38.0,0.0
2026-05-07T19:55:10,07/05/2026 19:45,49.9,13036.0,1142.0,6285.0,2943.0,1238.0,480.0,631.0,BHADRA,39.2,0.0
2026-05-07T19:55:10,07/05/2026 19:45,49.9,13036.0,1142.0,6285.0,2943.0,1238.0,480.0,631.0,GHATAPRABHA,32.0,0.0
2026-05-07T19:55:10,07/05/2026 19:45,49.9,13036.0,1142.0,6285.0,2943.0,1238.0,480.0,631.0,ALMATTI,290.0,0.0
2026-05-07T19:55:10,07/05/2026 19:45,49.9,13036.0,1142.0,6285.0,2943.0,1238.0,480.0,631.0,JINDAL,1460.0,226.0
2026-05-07T19:55:10,07/05/2026 19:45,49.9,13036.0,1142.0,6285.0,2943.0,1238.0,480.0,631.0,UPCL,1200.0,480.0
2026-05-07T19:55:10,07/05/2026 19:45,49.9,13036.0,1142.0,6285.0,2943.0,1238.0,480.0,631.0,YCCP,370.0,0.0
2026-05-07T19:56:54,07/05/2026 19:45,49.9,13036.0,1142.0,6285.0,2943.0,1238.0,480.0,631.0,RTPS,1720.0,867.0
2026-05-07T19:56:54,07/05/2026 19:45,49.9,13036.0,1142.0,6285.0,2943.0,1238.0,480.0,631.0,BTPS,1700.0,1485.0
2026-05-07T19:56:54,07/05/2026 19:45,49.9,13036.0,1142.0,6285.0,2943.0,1238.0,480.0,631.0,YTPS,1600.0,591.0
2026-05-07T19:56:54,07/05/2026 19:45,49.9,13036.0,1142.0,6285.0,2943.0,1238.0,480.0,631.0,SHARAVATHI,1035.0,584.0
2026-05-07T19:56:54,07/05/2026 19:45,49.9,13036.0,1142.0,6285.0,2943.0,1238.0,480.0,631.0,NAGJHARI,900.0,562.0
2026-05-07T19:56:54,07/05/2026 19:45,49.9,13036.0,1142.0,6285.0,2943.0,1238.0,480.0,631.0,VARAHI,460.0,92.0
2026-05-07T19:56:54,07/05/2026 19:45,49.9,13036.0,1142.0,6285.0,2943.0,1238.0,480.0,631.0,KODSALLI,120.0,115.0
2026-05-07T19:56:54,07/05/2026 19:45,49.9,13036.0,1142.0,6285.0,2943.0,1238.0,480.0,631.0,KADRA,150.0,146.0
2026-05-07T19:56:54,07/05/2026 19:45,49.9,13036.0,1142.0,6285.0,2943.0,1238.0,480.0,631.0,GERUSOPPA,240.0,218.0
2026-05-07T19:56:54,07/05/2026 19:45,49.9,13036.0,1142.0,6285.0,2943.0,1238.0,480.0,631.0,JOG,139.2,64.0
2026-05-07T19:56:54,07/05/2026 19:45,49.9,13036.0,1142.0,6285.0,2943.0,1238.0,480.0,631.0,LPH,55.0,12.0
2026-05-07T19:56:54,07/05/2026 19:45,49.9,13036.0,1142.0,6285.0,2943.0,1238.0,480.0,631.0,SUPA,100.0,74.0
2026-05-07T19:56:54,07/05/2026 19:45,49.9,13036.0,1142.0,6285.0,2943.0,1238.0,480.0,631.0,SHIMSHA,17.2,0.0
2026-05-07T19:56:54,07/05/2026 19:45,49.9,13036.0,1142.0,6285.0,2943.0,1238.0,480.0,631.0,SHIVASAMUDRA,42.0,0.0
2026-05-07T19:56:54,07/05/2026 19:45,49.9,13036.0,1142.0,6285.0,2943.0,1238.0,480.0,631.0,MANIDAM,9.0,2.0
2026-05-07T19:56:54,07/05/2026 19:45,49.9,13036.0,1142.0,6285.0,2943.0,1238.0,480.0,631.0,MUNRABAD,38.0,0.0
2026-05-07T19:56:54,07/05/2026 19:45,49.9,13036.0,1142.0,6285.0,2943.0,1238.0,480.0,631.0,BHADRA,39.2,0.0
2026-05-07T19:56:54,07/05/2026 19:45,49.9,13036.0,1142.0,6285.0,2943.0,1238.0,480.0,631.0,GHATAPRABHA,32.0,0.0
2026-05-07T19:56:54,07/05/2026 19:45,49.9,13036.0,1142.0,6285.0,2943.0,1238.0,480.0,631.0,ALMATTI,290.0,0.0
2026-05-07T19:56:54,07/05/2026 19:45,49.9,13036.0,1142.0,6285.0,2943.0,1238.0,480.0,631.0,JINDAL,1460.0,226.0
2026-05-07T19:56:54,07/05/2026 19:45,49.9,13036.0,1142.0,6285.0,2943.0,1238.0,480.0,631.0,UPCL,1200.0,480.0
2026-05-07T19:56:54,07/05/2026 19:45,49.9,13036.0,1142.0,6285.0,2943.0,1238.0,480.0,631.0,YCCP,370.0,0.0
2026-05-07T19:57:53,07/05/2026 19:45,49.9,13036.0,1142.0,6285.0,2943.0,1238.0,480.0,631.0,RTPS,1720.0,867.0
2026-05-07T19:57:53,07/05/2026 19:45,49.9,13036.0,1142.0,6285.0,2943.0,1238.0,480.0,631.0,BTPS,1700.0,1485.0
2026-05-07T19:57:53,07/05/2026 19:45,49.9,13036.0,1142.0,6285.0,2943.0,1238.0,480.0,631.0,YTPS,1600.0,591.0
2026-05-07T19:57:53,07/05/2026 19:45,49.9,13036.0,1142.0,6285.0,2943.0,1238.0,480.0,631.0,SHARAVATHI,1035.0,584.0
2026-05-07T19:57:53,07/05/2026 19:45,49.9,13036.0,1142.0,6285.0,2943.0,1238.0,480.0,631.0,NAGJHARI,900.0,562.0
2026-05-07T19:57:53,07/05/2026 19:45,49.9,13036.0,1142.0,6285.0,2943.0,1238.0,480.0,631.0,VARAHI,460.0,92.0
2026-05-07T19:57:53,07/05/2026 19:45,49.9,13036.0,1142.0,6285.0,2943.0,1238.0,480.0,631.0,KODSALLI,120.0,115.0
2026-05-07T19:57:53,07/05/2026 19:45,49.9,13036.0,1142.0,6285.0,2943.0,1238.0,480.0,631.0,KADRA,150.0,146.0
2026-05-07T19:57:53,07/05/2026 19:45,49.9,13036.0,1142.0,6285.0,2943.0,1238.0,480.0,631.0,GERUSOPPA,240.0,218.0
2026-05-07T19:57:53,07/05/2026 19:45,49.9,13036.0,1142.0,6285.0,2943.0,1238.0,480.0,631.0,JOG,139.2,64.0
2026-05-07T19:57:53,07/05/2026 19:45,49.9,13036.0,1142.0,6285.0,2943.0,1238.0,480.0,631.0,LPH,55.0,12.0
2026-05-07T19:57:53,07/05/2026 19:45,49.9,13036.0,1142.0,6285.0,2943.0,1238.0,480.0,631.0,SUPA,100.0,74.0
2026-05-07T19:57:53,07/05/2026 19:45,49.9,13036.0,1142.0,6285.0,2943.0,1238.0,480.0,631.0,SHIMSHA,17.2,0.0
2026-05-07T19:57:53,07/05/2026 19:45,49.9,13036.0,1142.0,6285.0,2943.0,1238.0,480.0,631.0,SHIVASAMUDRA,42.0,0.0
2026-05-07T19:57:53,07/05/2026 19:45,49.9,13036.0,1142.0,6285.0,2943.0,1238.0,480.0,631.0,MANIDAM,9.0,2.0
2026-05-07T19:57:53,07/05/2026 19:45,49.9,13036.0,1142.0,6285.0,2943.0,1238.0,480.0,631.0,MUNRABAD,38.0,0.0
2026-05-07T19:57:53,07/05/2026 19:45,49.9,13036.0,1142.0,6285.0,2943.0,1238.0,480.0,631.0,BHADRA,39.2,0.0
2026-05-07T19:57:53,07/05/2026 19:45,49.9,13036.0,1142.0,6285.0,2943.0,1238.0,480.0,631.0,GHATAPRABHA,32.0,0.0
2026-05-07T19:57:53,07/05/2026 19:45,49.9,13036.0,1142.0,6285.0,2943.0,1238.0,480.0,631.0,ALMATTI,290.0,0.0
2026-05-07T19:57:53,07/05/2026 19:45,49.9,13036.0,1142.0,6285.0,2943.0,1238.0,480.0,631.0,JINDAL,1460.0,226.0
2026-05-07T19:57:53,07/05/2026 19:45,49.9,13036.0,1142.0,6285.0,2943.0,1238.0,480.0,631.0,UPCL,1200.0,480.0
2026-05-07T19:57:53,07/05/2026 19:45,49.9,13036.0,1142.0,6285.0,2943.0,1238.0,480.0,631.0,YCCP,370.0,0.0
2026-05-07T19:58:54,07/05/2026 19:55,49.91,13094.0,1077.0,6431.0,2960.0,1366.0,479.0,579.0,RTPS,1720.0,886.0
2026-05-07T19:58:54,07/05/2026 19:55,49.91,13094.0,1077.0,6431.0,2960.0,1366.0,479.0,579.0,BTPS,1700.0,1482.0
2026-05-07T19:58:54,07/05/2026 19:55,49.91,13094.0,1077.0,6431.0,2960.0,1366.0,479.0,579.0,YTPS,1600.0,592.0
2026-05-07T19:58:54,07/05/2026 19:55,49.91,13094.0,1077.0,6431.0,2960.0,1366.0,479.0,579.0,SHARAVATHI,1035.0,695.0
2026-05-07T19:58:54,07/05/2026 19:55,49.91,13094.0,1077.0,6431.0,2960.0,1366.0,479.0,579.0,NAGJHARI,900.0,577.0
2026-05-07T19:58:54,07/05/2026 19:55,49.91,13094.0,1077.0,6431.0,2960.0,1366.0,479.0,579.0,VARAHI,460.0,94.0
2026-05-07T19:58:54,07/05/2026 19:55,49.91,13094.0,1077.0,6431.0,2960.0,1366.0,479.0,579.0,KODSALLI,120.0,115.0
2026-05-07T19:58:54,07/05/2026 19:55,49.91,13094.0,1077.0,6431.0,2960.0,1366.0,479.0,579.0,KADRA,150.0,146.0
2026-05-07T19:58:54,07/05/2026 19:55,49.91,13094.0,1077.0,6431.0,2960.0,1366.0,479.0,579.0,GERUSOPPA,240.0,166.0
2026-05-07T19:58:54,07/05/2026 19:55,49.91,13094.0,1077.0,6431.0,2960.0,1366.0,479.0,579.0,JOG,139.2,64.0
2026-05-07T19:58:54,07/05/2026 19:55,49.91,13094.0,1077.0,6431.0,2960.0,1366.0,479.0,579.0,LPH,55.0,12.0
2026-05-07T19:58:54,07/05/2026 19:55,49.91,13094.0,1077.0,6431.0,2960.0,1366.0,479.0,579.0,SUPA,100.0,74.0
2026-05-07T19:58:54,07/05/2026 19:55,49.91,13094.0,1077.0,6431.0,2960.0,1366.0,479.0,579.0,SHIMSHA,17.2,0.0
2026-05-07T19:58:54,07/05/2026 19:55,49.91,13094.0,1077.0,6431.0,2960.0,1366.0,479.0,579.0,SHIVASAMUDRA,42.0,0.0
2026-05-07T19:58:54,07/05/2026 19:55,49.91,13094.0,1077.0,6431.0,2960.0,1366.0,479.0,579.0,MANIDAM,9.0,2.0
2026-05-07T19:58:54,07/05/2026 19:55,49.91,13094.0,1077.0,6431.0,2960.0,1366.0,479.0,579.0,MUNRABAD,38.0,0.0
2026-05-07T19:58:54,07/05/2026 19:55,49.91,13094.0,1077.0,6431.0,2960.0,1366.0,479.0,579.0,BHADRA,39.2,0.0
2026-05-07T19:58:54,07/05/2026 19:55,49.91,13094.0,1077.0,6431.0,2960.0,1366.0,479.0,579.0,GHATAPRABHA,32.0,0.0
2026-05-07T19:58:54,07/05/2026 19:55,49.91,13094.0,1077.0,6431.0,2960.0,1366.0,479.0,579.0,ALMATTI,290.0,0.0
2026-05-07T19:58:54,07/05/2026 19:55,49.91,13094.0,1077.0,6431.0,2960.0,1366.0,479.0,579.0,JINDAL,1460.0,221.0
2026-05-07T19:58:54,07/05/2026 19:55,49.91,13094.0,1077.0,6431.0,2960.0,1366.0,479.0,579.0,UPCL,1200.0,479.0
2026-05-07T19:58:54,07/05/2026 19:55,49.91,13094.0,1077.0,6431.0,2960.0,1366.0,479.0,579.0,YCCP,370.0,0.0
2026-05-07T19:59:54,07/05/2026 19:55,49.91,13094.0,1077.0,6431.0,2960.0,1366.0,479.0,579.0,RTPS,1720.0,886.0
2026-05-07T19:59:54,07/05/2026 19:55,49.91,13094.0,1077.0,6431.0,2960.0,1366.0,479.0,579.0,BTPS,1700.0,1482.0
2026-05-07T19:59:54,07/05/2026 19:55,49.91,13094.0,1077.0,6431.0,2960.0,1366.0,479.0,579.0,YTPS,1600.0,592.0
2026-05-07T19:59:54,07/05/2026 19:55,49.91,13094.0,1077.0,6431.0,2960.0,1366.0,479.0,579.0,SHARAVATHI,1035.0,695.0
2026-05-07T19:59:54,07/05/2026 19:55,49.91,13094.0,1077.0,6431.0,2960.0,1366.0,479.0,579.0,NAGJHARI,900.0,577.0
2026-05-07T19:59:54,07/05/2026 19:55,49.91,13094.0,1077.0,6431.0,2960.0,1366.0,479.0,579.0,VARAHI,460.0,94.0
2026-05-07T19:59:54,07/05/2026 19:55,49.91,13094.0,1077.0,6431.0,2960.0,1366.0,479.0,579.0,KODSALLI,120.0,115.0
2026-05-07T19:59:54,07/05/2026 19:55,49.91,13094.0,1077.0,6431.0,2960.0,1366.0,479.0,579.0,KADRA,150.0,146.0
2026-05-07T19:59:54,07/05/2026 19:55,49.91,13094.0,1077.0,6431.0,2960.0,1366.0,479.0,579.0,GERUSOPPA,240.0,166.0
2026-05-07T19:59:54,07/05/2026 19:55,49.91,13094.0,1077.0,6431.0,2960.0,1366.0,479.0,579.0,JOG,139.2,64.0
2026-05-07T19:59:54,07/05/2026 19:55,49.91,13094.0,1077.0,6431.0,2960.0,1366.0,479.0,579.0,LPH,55.0,12.0
2026-05-07T19:59:54,07/05/2026 19:55,49.91,13094.0,1077.0,6431.0,2960.0,1366.0,479.0,579.0,SUPA,100.0,74.0
2026-05-07T19:59:54,07/05/2026 19:55,49.91,13094.0,1077.0,6431.0,2960.0,1366.0,479.0,579.0,SHIMSHA,17.2,0.0
2026-05-07T19:59:54,07/05/2026 19:55,49.91,13094.0,1077.0,6431.0,2960.0,1366.0,479.0,579.0,SHIVASAMUDRA,42.0,0.0
2026-05-07T19:59:54,07/05/2026 19:55,49.91,13094.0,1077.0,6431.0,2960.0,1366.0,479.0,579.0,MANIDAM,9.0,2.0
2026-05-07T19:59:54,07/05/2026 19:55,49.91,13094.0,1077.0,6431.0,2960.0,1366.0,479.0,579.0,MUNRABAD,38.0,0.0
2026-05-07T19:59:54,07/05/2026 19:55,49.91,13094.0,1077.0,6431.0,2960.0,1366.0,479.0,579.0,BHADRA,39.2,0.0
2026-05-07T19:59:54,07/05/2026 19:55,49.91,13094.0,1077.0,6431.0,2960.0,1366.0,479.0,579.0,GHATAPRABHA,32.0,0.0
2026-05-07T19:59:54,07/05/2026 19:55,49.91,13094.0,1077.0,6431.0,2960.0,1366.0,479.0,579.0,ALMATTI,290.0,0.0
2026-05-07T19:59:54,07/05/2026 19:55,49.91,13094.0,1077.0,6431.0,2960.0,1366.0,479.0,579.0,JINDAL,1460.0,221.0
2026-05-07T19:59:54,07/05/2026 19:55,49.91,13094.0,1077.0,6431.0,2960.0,1366.0,479.0,579.0,UPCL,1200.0,479.0
2026-05-07T19:59:54,07/05/2026 19:55,49.91,13094.0,1077.0,6431.0,2960.0,1366.0,479.0,579.0,YCCP,370.0,0.0
2026-05-07T20:00:54,07/05/2026 19:55,49.91,13094.0,1077.0,6431.0,2960.0,1366.0,479.0,579.0,RTPS,1720.0,886.0
2026-05-07T20:00:54,07/05/2026 19:55,49.91,13094.0,1077.0,6431.0,2960.0,1366.0,479.0,579.0,BTPS,1700.0,1482.0
2026-05-07T20:00:54,07/05/2026 19:55,49.91,13094.0,1077.0,6431.0,2960.0,1366.0,479.0,579.0,YTPS,1600.0,592.0
2026-05-07T20:00:54,07/05/2026 19:55,49.91,13094.0,1077.0,6431.0,2960.0,1366.0,479.0,579.0,SHARAVATHI,1035.0,695.0
2026-05-07T20:00:54,07/05/2026 19:55,49.91,13094.0,1077.0,6431.0,2960.0,1366.0,479.0,579.0,NAGJHARI,900.0,577.0
2026-05-07T20:00:54,07/05/2026 19:55,49.91,13094.0,1077.0,6431.0,2960.0,1366.0,479.0,579.0,VARAHI,460.0,94.0
2026-05-07T20:00:54,07/05/2026 19:55,49.91,13094.0,1077.0,6431.0,2960.0,1366.0,479.0,579.0,KODSALLI,120.0,115.0
2026-05-07T20:00:54,07/05/2026 19:55,49.91,13094.0,1077.0,6431.0,2960.0,1366.0,479.0,579.0,KADRA,150.0,146.0
2026-05-07T20:00:54,07/05/2026 19:55,49.91,13094.0,1077.0,6431.0,2960.0,1366.0,479.0,579.0,GERUSOPPA,240.0,166.0
2026-05-07T20:00:54,07/05/2026 19:55,49.91,13094.0,1077.0,6431.0,2960.0,1366.0,479.0,579.0,JOG,139.2,64.0
2026-05-07T20:00:54,07/05/2026 19:55,49.91,13094.0,1077.0,6431.0,2960.0,1366.0,479.0,579.0,LPH,55.0,12.0
2026-05-07T20:00:54,07/05/2026 19:55,49.91,13094.0,1077.0,6431.0,2960.0,1366.0,479.0,579.0,SUPA,100.0,74.0
2026-05-07T20:00:54,07/05/2026 19:55,49.91,13094.0,1077.0,6431.0,2960.0,1366.0,479.0,579.0,SHIMSHA,17.2,0.0
2026-05-07T20:00:54,07/05/2026 19:55,49.91,13094.0,1077.0,6431.0,2960.0,1366.0,479.0,579.0,SHIVASAMUDRA,42.0,0.0
2026-05-07T20:00:54,07/05/2026 19:55,49.91,13094.0,1077.0,6431.0,2960.0,1366.0,479.0,579.0,MANIDAM,9.0,2.0
2026-05-07T20:00:54,07/05/2026 19:55,49.91,13094.0,1077.0,6431.0,2960.0,1366.0,479.0,579.0,MUNRABAD,38.0,0.0
2026-05-07T20:00:54,07/05/2026 19:55,49.91,13094.0,1077.0,6431.0,2960.0,1366.0,479.0,579.0,BHADRA,39.2,0.0
2026-05-07T20:00:54,07/05/2026 19:55,49.91,13094.0,1077.0,6431.0,2960.0,1366.0,479.0,579.0,GHATAPRABHA,32.0,0.0
2026-05-07T20:00:54,07/05/2026 19:55,49.91,13094.0,1077.0,6431.0,2960.0,1366.0,479.0,579.0,ALMATTI,290.0,0.0
2026-05-07T20:00:54,07/05/2026 19:55,49.91,13094.0,1077.0,6431.0,2960.0,1366.0,479.0,579.0,JINDAL,1460.0,221.0
2026-05-07T20:00:54,07/05/2026 19:55,49.91,13094.0,1077.0,6431.0,2960.0,1366.0,479.0,579.0,UPCL,1200.0,479.0
2026-05-07T20:00:54,07/05/2026 19:55,49.91,13094.0,1077.0,6431.0,2960.0,1366.0,479.0,579.0,YCCP,370.0,0.0
2026-05-07T20:01:54,07/05/2026 19:55,49.91,13094.0,1077.0,6431.0,2960.0,1366.0,479.0,579.0,RTPS,1720.0,886.0
2026-05-07T20:01:54,07/05/2026 19:55,49.91,13094.0,1077.0,6431.0,2960.0,1366.0,479.0,579.0,BTPS,1700.0,1482.0
2026-05-07T20:01:54,07/05/2026 19:55,49.91,13094.0,1077.0,6431.0,2960.0,1366.0,479.0,579.0,YTPS,1600.0,592.0
2026-05-07T20:01:54,07/05/2026 19:55,49.91,13094.0,1077.0,6431.0,2960.0,1366.0,479.0,579.0,SHARAVATHI,1035.0,695.0
2026-05-07T20:01:54,07/05/2026 19:55,49.91,13094.0,1077.0,6431.0,2960.0,1366.0,479.0,579.0,NAGJHARI,900.0,577.0
2026-05-07T20:01:54,07/05/2026 19:55,49.91,13094.0,1077.0,6431.0,2960.0,1366.0,479.0,579.0,VARAHI,460.0,94.0
2026-05-07T20:01:54,07/05/2026 19:55,49.91,13094.0,1077.0,6431.0,2960.0,1366.0,479.0,579.0,KODSALLI,120.0,115.0
2026-05-07T20:01:54,07/05/2026 19:55,49.91,13094.0,1077.0,6431.0,2960.0,1366.0,479.0,579.0,KADRA,150.0,146.0
2026-05-07T20:01:54,07/05/2026 19:55,49.91,13094.0,1077.0,6431.0,2960.0,1366.0,479.0,579.0,GERUSOPPA,240.0,166.0
2026-05-07T20:01:54,07/05/2026 19:55,49.91,13094.0,1077.0,6431.0,2960.0,1366.0,479.0,579.0,JOG,139.2,64.0
2026-05-07T20:01:54,07/05/2026 19:55,49.91,13094.0,1077.0,6431.0,2960.0,1366.0,479.0,579.0,LPH,55.0,12.0
2026-05-07T20:01:54,07/05/2026 19:55,49.91,13094.0,1077.0,6431.0,2960.0,1366.0,479.0,579.0,SUPA,100.0,74.0
2026-05-07T20:01:54,07/05/2026 19:55,49.91,13094.0,1077.0,6431.0,2960.0,1366.0,479.0,579.0,SHIMSHA,17.2,0.0
2026-05-07T20:01:54,07/05/2026 19:55,49.91,13094.0,1077.0,6431.0,2960.0,1366.0,479.0,579.0,SHIVASAMUDRA,42.0,0.0
2026-05-07T20:01:54,07/05/2026 19:55,49.91,13094.0,1077.0,6431.0,2960.0,1366.0,479.0,579.0,MANIDAM,9.0,2.0
2026-05-07T20:01:54,07/05/2026 19:55,49.91,13094.0,1077.0,6431.0,2960.0,1366.0,479.0,579.0,MUNRABAD,38.0,0.0
2026-05-07T20:01:54,07/05/2026 19:55,49.91,13094.0,1077.0,6431.0,2960.0,1366.0,479.0,579.0,BHADRA,39.2,0.0
2026-05-07T20:01:54,07/05/2026 19:55,49.91,13094.0,1077.0,6431.0,2960.0,1366.0,479.0,579.0,GHATAPRABHA,32.0,0.0
2026-05-07T20:01:54,07/05/2026 19:55,49.91,13094.0,1077.0,6431.0,2960.0,1366.0,479.0,579.0,ALMATTI,290.0,0.0
2026-05-07T20:01:54,07/05/2026 19:55,49.91,13094.0,1077.0,6431.0,2960.0,1366.0,479.0,579.0,JINDAL,1460.0,221.0
2026-05-07T20:01:54,07/05/2026 19:55,49.91,13094.0,1077.0,6431.0,2960.0,1366.0,479.0,579.0,UPCL,1200.0,479.0
2026-05-07T20:01:54,07/05/2026 19:55,49.91,13094.0,1077.0,6431.0,2960.0,1366.0,479.0,579.0,YCCP,370.0,0.0
2026-05-07T20:02:54,07/05/2026 19:55,49.91,13094.0,1077.0,6431.0,2960.0,1366.0,479.0,579.0,RTPS,1720.0,886.0
2026-05-07T20:02:54,07/05/2026 19:55,49.91,13094.0,1077.0,6431.0,2960.0,1366.0,479.0,579.0,BTPS,1700.0,1482.0
2026-05-07T20:02:54,07/05/2026 19:55,49.91,13094.0,1077.0,6431.0,2960.0,1366.0,479.0,579.0,YTPS,1600.0,592.0
2026-05-07T20:02:54,07/05/2026 19:55,49.91,13094.0,1077.0,6431.0,2960.0,1366.0,479.0,579.0,SHARAVATHI,1035.0,695.0
2026-05-07T20:02:54,07/05/2026 19:55,49.91,13094.0,1077.0,6431.0,2960.0,1366.0,479.0,579.0,NAGJHARI,900.0,577.0
2026-05-07T20:02:54,07/05/2026 19:55,49.91,13094.0,1077.0,6431.0,2960.0,1366.0,479.0,579.0,VARAHI,460.0,94.0
2026-05-07T20:02:54,07/05/2026 19:55,49.91,13094.0,1077.0,6431.0,2960.0,1366.0,479.0,579.0,KODSALLI,120.0,115.0
2026-05-07T20:02:54,07/05/2026 19:55,49.91,13094.0,1077.0,6431.0,2960.0,1366.0,479.0,579.0,KADRA,150.0,146.0
2026-05-07T20:02:54,07/05/2026 19:55,49.91,13094.0,1077.0,6431.0,2960.0,1366.0,479.0,579.0,GERUSOPPA,240.0,166.0
2026-05-07T20:02:54,07/05/2026 19:55,49.91,13094.0,1077.0,6431.0,2960.0,1366.0,479.0,579.0,JOG,139.2,64.0
2026-05-07T20:02:54,07/05/2026 19:55,49.91,13094.0,1077.0,6431.0,2960.0,1366.0,479.0,579.0,LPH,55.0,12.0
2026-05-07T20:02:54,07/05/2026 19:55,49.91,13094.0,1077.0,6431.0,2960.0,1366.0,479.0,579.0,SUPA,100.0,74.0
2026-05-07T20:02:54,07/05/2026 19:55,49.91,13094.0,1077.0,6431.0,2960.0,1366.0,479.0,579.0,SHIMSHA,17.2,0.0
2026-05-07T20:02:54,07/05/2026 19:55,49.91,13094.0,1077.0,6431.0,2960.0,1366.0,479.0,579.0,SHIVASAMUDRA,42.0,0.0
2026-05-07T20:02:54,07/05/2026 19:55,49.91,13094.0,1077.0,6431.0,2960.0,1366.0,479.0,579.0,MANIDAM,9.0,2.0
2026-05-07T20:02:54,07/05/2026 19:55,49.91,13094.0,1077.0,6431.0,2960.0,1366.0,479.0,579.0,MUNRABAD,38.0,0.0
2026-05-07T20:02:54,07/05/2026 19:55,49.91,13094.0,1077.0,6431.0,2960.0,1366.0,479.0,579.0,BHADRA,39.2,0.0
2026-05-07T20:02:54,07/05/2026 19:55,49.91,13094.0,1077.0,6431.0,2960.0,1366.0,479.0,579.0,GHATAPRABHA,32.0,0.0
2026-05-07T20:02:54,07/05/2026 19:55,49.91,13094.0,1077.0,6431.0,2960.0,1366.0,479.0,579.0,ALMATTI,290.0,0.0
2026-05-07T20:02:54,07/05/2026 19:55,49.91,13094.0,1077.0,6431.0,2960.0,1366.0,479.0,579.0,JINDAL,1460.0,221.0
2026-05-07T20:02:54,07/05/2026 19:55,49.91,13094.0,1077.0,6431.0,2960.0,1366.0,479.0,579.0,UPCL,1200.0,479.0
2026-05-07T20:02:54,07/05/2026 19:55,49.91,13094.0,1077.0,6431.0,2960.0,1366.0,479.0,579.0,YCCP,370.0,0.0
2026-05-07T20:03:54,07/05/2026 19:55,49.91,13094.0,1077.0,6431.0,2960.0,1366.0,479.0,579.0,RTPS,1720.0,886.0
2026-05-07T20:03:54,07/05/2026 19:55,49.91,13094.0,1077.0,6431.0,2960.0,1366.0,479.0,579.0,BTPS,1700.0,1482.0
2026-05-07T20:03:54,07/05/2026 19:55,49.91,13094.0,1077.0,6431.0,2960.0,1366.0,479.0,579.0,YTPS,1600.0,592.0
2026-05-07T20:03:54,07/05/2026 19:55,49.91,13094.0,1077.0,6431.0,2960.0,1366.0,479.0,579.0,SHARAVATHI,1035.0,695.0
2026-05-07T20:03:54,07/05/2026 19:55,49.91,13094.0,1077.0,6431.0,2960.0,1366.0,479.0,579.0,NAGJHARI,900.0,577.0
2026-05-07T20:03:54,07/05/2026 19:55,49.91,13094.0,1077.0,6431.0,2960.0,1366.0,479.0,579.0,VARAHI,460.0,94.0
2026-05-07T20:03:54,07/05/2026 19:55,49.91,13094.0,1077.0,6431.0,2960.0,1366.0,479.0,579.0,KODSALLI,120.0,115.0
2026-05-07T20:03:54,07/05/2026 19:55,49.91,13094.0,1077.0,6431.0,2960.0,1366.0,479.0,579.0,KADRA,150.0,146.0
2026-05-07T20:03:54,07/05/2026 19:55,49.91,13094.0,1077.0,6431.0,2960.0,1366.0,479.0,579.0,GERUSOPPA,240.0,166.0
2026-05-07T20:03:54,07/05/2026 19:55,49.91,13094.0,1077.0,6431.0,2960.0,1366.0,479.0,579.0,JOG,139.2,64.0
2026-05-07T20:03:54,07/05/2026 19:55,49.91,13094.0,1077.0,6431.0,2960.0,1366.0,479.0,579.0,LPH,55.0,12.0
2026-05-07T20:03:54,07/05/2026 19:55,49.91,13094.0,1077.0,6431.0,2960.0,1366.0,479.0,579.0,SUPA,100.0,74.0
2026-05-07T20:03:54,07/05/2026 19:55,49.91,13094.0,1077.0,6431.0,2960.0,1366.0,479.0,579.0,SHIMSHA,17.2,0.0
2026-05-07T20:03:54,07/05/2026 19:55,49.91,13094.0,1077.0,6431.0,2960.0,1366.0,479.0,579.0,SHIVASAMUDRA,42.0,0.0
2026-05-07T20:03:54,07/05/2026 19:55,49.91,13094.0,1077.0,6431.0,2960.0,1366.0,479.0,579.0,MANIDAM,9.0,2.0
2026-05-07T20:03:54,07/05/2026 19:55,49.91,13094.0,1077.0,6431.0,2960.0,1366.0,479.0,579.0,MUNRABAD,38.0,0.0
2026-05-07T20:03:54,07/05/2026 19:55,49.91,13094.0,1077.0,6431.0,2960.0,1366.0,479.0,579.0,BHADRA,39.2,0.0
2026-05-07T20:03:54,07/05/2026 19:55,49.91,13094.0,1077.0,6431.0,2960.0,1366.0,479.0,579.0,GHATAPRABHA,32.0,0.0
2026-05-07T20:03:54,07/05/2026 19:55,49.91,13094.0,1077.0,6431.0,2960.0,1366.0,479.0,579.0,ALMATTI,290.0,0.0
2026-05-07T20:03:54,07/05/2026 19:55,49.91,13094.0,1077.0,6431.0,2960.0,1366.0,479.0,579.0,JINDAL,1460.0,221.0
2026-05-07T20:03:54,07/05/2026 19:55,49.91,13094.0,1077.0,6431.0,2960.0,1366.0,479.0,579.0,UPCL,1200.0,479.0
2026-05-07T20:03:54,07/05/2026 19:55,49.91,13094.0,1077.0,6431.0,2960.0,1366.0,479.0,579.0,YCCP,370.0,0.0
2026-05-07T20:04:54,07/05/2026 20:00,50.05,13013.0,1093.0,6449.0,2936.0,1357.0,478.0,580.0,RTPS,1720.0,879.0
2026-05-07T20:04:54,07/05/2026 20:00,50.05,13013.0,1093.0,6449.0,2936.0,1357.0,478.0,580.0,BTPS,1700.0,1465.0
2026-05-07T20:04:54,07/05/2026 20:00,50.05,13013.0,1093.0,6449.0,2936.0,1357.0,478.0,580.0,YTPS,1600.0,592.0
2026-05-07T20:04:54,07/05/2026 20:00,50.05,13013.0,1093.0,6449.0,2936.0,1357.0,478.0,580.0,SHARAVATHI,1035.0,729.0
2026-05-07T20:04:54,07/05/2026 20:00,50.05,13013.0,1093.0,6449.0,2936.0,1357.0,478.0,580.0,NAGJHARI,900.0,537.0
2026-05-07T20:04:54,07/05/2026 20:00,50.05,13013.0,1093.0,6449.0,2936.0,1357.0,478.0,580.0,VARAHI,460.0,91.0
2026-05-07T20:04:54,07/05/2026 20:00,50.05,13013.0,1093.0,6449.0,2936.0,1357.0,478.0,580.0,KODSALLI,120.0,116.0
2026-05-07T20:04:54,07/05/2026 20:00,50.05,13013.0,1093.0,6449.0,2936.0,1357.0,478.0,580.0,KADRA,150.0,146.0
2026-05-07T20:04:54,07/05/2026 20:00,50.05,13013.0,1093.0,6449.0,2936.0,1357.0,478.0,580.0,GERUSOPPA,240.0,166.0
2026-05-07T20:04:54,07/05/2026 20:00,50.05,13013.0,1093.0,6449.0,2936.0,1357.0,478.0,580.0,JOG,139.2,64.0
2026-05-07T20:04:54,07/05/2026 20:00,50.05,13013.0,1093.0,6449.0,2936.0,1357.0,478.0,580.0,LPH,55.0,12.0
2026-05-07T20:04:54,07/05/2026 20:00,50.05,13013.0,1093.0,6449.0,2936.0,1357.0,478.0,580.0,SUPA,100.0,74.0
2026-05-07T20:04:54,07/05/2026 20:00,50.05,13013.0,1093.0,6449.0,2936.0,1357.0,478.0,580.0,SHIMSHA,17.2,0.0
2026-05-07T20:04:54,07/05/2026 20:00,50.05,13013.0,1093.0,6449.0,2936.0,1357.0,478.0,580.0,SHIVASAMUDRA,42.0,0.0
2026-05-07T20:04:54,07/05/2026 20:00,50.05,13013.0,1093.0,6449.0,2936.0,1357.0,478.0,580.0,MANIDAM,9.0,2.0
2026-05-07T20:04:54,07/05/2026 20:00,50.05,13013.0,1093.0,6449.0,2936.0,1357.0,478.0,580.0,MUNRABAD,38.0,0.0
2026-05-07T20:04:54,07/05/2026 20:00,50.05,13013.0,1093.0,6449.0,2936.0,1357.0,478.0,580.0,BHADRA,39.2,0.0
2026-05-07T20:04:54,07/05/2026 20:00,50.05,13013.0,1093.0,6449.0,2936.0,1357.0,478.0,580.0,GHATAPRABHA,32.0,0.0
2026-05-07T20:04:54,07/05/2026 20:00,50.05,13013.0,1093.0,6449.0,2936.0,1357.0,478.0,580.0,ALMATTI,290.0,0.0
2026-05-07T20:04:54,07/05/2026 20:00,50.05,13013.0,1093.0,6449.0,2936.0,1357.0,478.0,580.0,JINDAL,1460.0,126.0
2026-05-07T20:04:54,07/05/2026 20:00,50.05,13013.0,1093.0,6449.0,2936.0,1357.0,478.0,580.0,UPCL,1200.0,478.0
2026-05-07T20:04:54,07/05/2026 20:00,50.05,13013.0,1093.0,6449.0,2936.0,1357.0,478.0,580.0,YCCP,370.0,0.0
2026-05-07T20:05:54,07/05/2026 20:00,50.05,13013.0,1093.0,6449.0,2936.0,1357.0,478.0,580.0,RTPS,1720.0,879.0
2026-05-07T20:05:54,07/05/2026 20:00,50.05,13013.0,1093.0,6449.0,2936.0,1357.0,478.0,580.0,BTPS,1700.0,1465.0
2026-05-07T20:05:54,07/05/2026 20:00,50.05,13013.0,1093.0,6449.0,2936.0,1357.0,478.0,580.0,YTPS,1600.0,592.0
2026-05-07T20:05:54,07/05/2026 20:00,50.05,13013.0,1093.0,6449.0,2936.0,1357.0,478.0,580.0,SHARAVATHI,1035.0,729.0
2026-05-07T20:05:54,07/05/2026 20:00,50.05,13013.0,1093.0,6449.0,2936.0,1357.0,478.0,580.0,NAGJHARI,900.0,537.0
2026-05-07T20:05:54,07/05/2026 20:00,50.05,13013.0,1093.0,6449.0,2936.0,1357.0,478.0,580.0,VARAHI,460.0,91.0
2026-05-07T20:05:54,07/05/2026 20:00,50.05,13013.0,1093.0,6449.0,2936.0,1357.0,478.0,580.0,KODSALLI,120.0,116.0
2026-05-07T20:05:54,07/05/2026 20:00,50.05,13013.0,1093.0,6449.0,2936.0,1357.0,478.0,580.0,KADRA,150.0,146.0
2026-05-07T20:05:54,07/05/2026 20:00,50.05,13013.0,1093.0,6449.0,2936.0,1357.0,478.0,580.0,GERUSOPPA,240.0,166.0
2026-05-07T20:05:54,07/05/2026 20:00,50.05,13013.0,1093.0,6449.0,2936.0,1357.0,478.0,580.0,JOG,139.2,64.0
2026-05-07T20:05:54,07/05/2026 20:00,50.05,13013.0,1093.0,6449.0,2936.0,1357.0,478.0,580.0,LPH,55.0,12.0
2026-05-07T20:05:54,07/05/2026 20:00,50.05,13013.0,1093.0,6449.0,2936.0,1357.0,478.0,580.0,SUPA,100.0,74.0
2026-05-07T20:05:54,07/05/2026 20:00,50.05,13013.0,1093.0,6449.0,2936.0,1357.0,478.0,580.0,SHIMSHA,17.2,0.0
2026-05-07T20:05:54,07/05/2026 20:00,50.05,13013.0,1093.0,6449.0,2936.0,1357.0,478.0,580.0,SHIVASAMUDRA,42.0,0.0
2026-05-07T20:05:54,07/05/2026 20:00,50.05,13013.0,1093.0,6449.0,2936.0,1357.0,478.0,580.0,MANIDAM,9.0,2.0
2026-05-07T20:05:54,07/05/2026 20:00,50.05,13013.0,1093.0,6449.0,2936.0,1357.0,478.0,580.0,MUNRABAD,38.0,0.0
2026-05-07T20:05:54,07/05/2026 20:00,50.05,13013.0,1093.0,6449.0,2936.0,1357.0,478.0,580.0,BHADRA,39.2,0.0
2026-05-07T20:05:54,07/05/2026 20:00,50.05,13013.0,1093.0,6449.0,2936.0,1357.0,478.0,580.0,GHATAPRABHA,32.0,0.0
2026-05-07T20:05:54,07/05/2026 20:00,50.05,13013.0,1093.0,6449.0,2936.0,1357.0,478.0,580.0,ALMATTI,290.0,0.0
2026-05-07T20:05:54,07/05/2026 20:00,50.05,13013.0,1093.0,6449.0,2936.0,1357.0,478.0,580.0,JINDAL,1460.0,126.0
2026-05-07T20:05:54,07/05/2026 20:00,50.05,13013.0,1093.0,6449.0,2936.0,1357.0,478.0,580.0,UPCL,1200.0,478.0
2026-05-07T20:05:54,07/05/2026 20:00,50.05,13013.0,1093.0,6449.0,2936.0,1357.0,478.0,580.0,YCCP,370.0,0.0
